organization,page_type,target_month,status,snapshot_timestamp,snapshot_date,archived_url,html_file,text_file,http_status,error
T-Hub,home,2023-01,ok,20230111064257,2023-01-11,https://web.archive.org/web/20230111064257/https://t-hub.co/,t_hub\t_hub_2023-01_home.html,t_hub\t_hub_2023-01_home.txt,200,
T-Hub,about,2023-01,no_snapshot,,,,,,,
T-Hub,home,2023-02,ok,20230202111251,2023-02-02,https://web.archive.org/web/20230202111251/https://t-hub.co/,t_hub\t_hub_2023-02_home.html,t_hub\t_hub_2023-02_home.txt,200,
T-Hub,about,2023-02,ok,20230207233825,2023-02-07,https://web.archive.org/web/20230207233825/https://t-hub.co/about-us,t_hub\t_hub_2023-02_about.html,t_hub\t_hub_2023-02_about.txt,200,
T-Hub,home,2023-03,ok,20230308125952,2023-03-08,https://web.archive.org/web/20230308125952/https://t-hub.co/,t_hub\t_hub_2023-03_home.html,t_hub\t_hub_2023-03_home.txt,200,
T-Hub,about,2023-03,lookup_error,,,,,,,Failed after 3 attempts: timed out
organization,page_type,target_month,status,snapshot_timestamp,snapshot_date,archived_url,html_file,text_file,http_status,error
"NASSCOM 10,000 Startups",home,2017-01,ok,20170106115742,2017-01-06,https://web.archive.org/web/20170106115742/http://www.nasscom.in/,nasscom_10000_startups\nasscom_10000_startups_2017-01_home.html,nasscom_10000_startups\nasscom_10000_startups_2017-01_home.txt,200,
"NASSCOM 10,000 Startups",about,2017-01,no_snapshot,,,,,,,
"NASSCOM 10,000 Startups",home,2017-02,no_snapshot,,,,,,,
"NASSCOM 10,000 Startups",about,2017-02,no_snapshot,,,,,,,
"NASSCOM 10,000 Startups",home,2017-03,no_snapshot,,,,,,,
"NASSCOM 10,000 Startups",about,2017-03,no_snapshot,,,,,,,
"NASSCOM 10,000 Startups",home,2017-04,ok,20170411205020,2017-04-11,https://web.archive.org/web/20170411205020/http://www.nasscom.in/,nasscom_10000_startups\nasscom_10000_startups_2017-04_home.html,nasscom_10000_startups\nasscom_10000_startups_2017-04_home.txt,200,
"NASSCOM 10,000 Startups",about,2017-04,no_snapshot,,,,,,,
"NASSCOM 10,000 Startups",home,2017-05,ok,20170512043205,2017-05-12,https://web.archive.org/web/20170512043205/http://www.nasscom.in:80/,nasscom_10000_startups\nasscom_10000_startups_2017-05_home.html,nasscom_10000_startups\nasscom_10000_startups_2017-05_home.txt,200,
"NASSCOM 10,000 Startups",about,2017-05,no_snapshot,,,,,,,
"NASSCOM 10,000 Startups",home,2017-06,ok,20170601001255,2017-06-01,https://web.archive.org/web/20170601001255/http://www.nasscom.in/,nasscom_10000_startups\nasscom_10000_startups_2017-06_home.html,nasscom_10000_startups\nasscom_10000_startups_2017-06_home.txt,200,
"NASSCOM 10,000 Startups",about,2017-06,ok,20170608230031,2017-06-08,https://web.archive.org/web/20170608230031/http://www.nasscom.in:80/about-us,nasscom_10000_startups\nasscom_10000_startups_2017-06_about.html,nasscom_10000_startups\nasscom_10000_startups_2017-06_about.txt,200,
"NASSCOM 10,000 Startups",home,2017-07,ok,20170701084056,2017-07-01,https://web.archive.org/web/20170701084056/http://nasscom.in/,nasscom_10000_startups\nasscom_10000_startups_2017-07_home.html,nasscom_10000_startups\nasscom_10000_startups_2017-07_home.txt,200,
"NASSCOM 10,000 Startups",about,2017-07,ok,20170712000725,2017-07-12,https://web.archive.org/web/20170712000725/http://nasscom.in:80/about-us,nasscom_10000_startups\nasscom_10000_startups_2017-07_about.html,nasscom_10000_startups\nasscom_10000_startups_2017-07_about.txt,200,
"NASSCOM 10,000 Startups",home,2017-08,ok,20170804061909,2017-08-04,https://web.archive.org/web/20170804061909/http://www.nasscom.in:80/,nasscom_10000_startups\nasscom_10000_startups_2017-08_home.html,nasscom_10000_startups\nasscom_10000_startups_2017-08_home.txt,200,
"NASSCOM 10,000 Startups",about,2017-08,ok,20170812051556,2017-08-12,https://web.archive.org/web/20170812051556/http://nasscom.in:80/about-us,nasscom_10000_startups\nasscom_10000_startups_2017-08_about.html,nasscom_10000_startups\nasscom_10000_startups_2017-08_about.txt,200,
"NASSCOM 10,000 Startups",home,2017-09,ok,20170906120929,2017-09-06,https://web.archive.org/web/20170906120929/http://www.nasscom.in:80/,nasscom_10000_startups\nasscom_10000_startups_2017-09_home.html,nasscom_10000_startups\nasscom_10000_startups_2017-09_home.txt,200,
"NASSCOM 10,000 Startups",about,2017-09,ok,20170912051600,2017-09-12,https://web.archive.org/web/20170912051600/http://nasscom.in:80/about-us,nasscom_10000_startups\nasscom_10000_startups_2017-09_about.html,nasscom_10000_startups\nasscom_10000_startups_2017-09_about.txt,200,
"NASSCOM 10,000 Startups",home,2017-10,ok,20171001123909,2017-10-01,https://web.archive.org/web/20171001123909/http://www.nasscom.in/,nasscom_10000_startups\nasscom_10000_startups_2017-10_home.html,nasscom_10000_startups\nasscom_10000_startups_2017-10_home.txt,200,
"NASSCOM 10,000 Startups",about,2017-10,ok,20171012165438,2017-10-12,https://web.archive.org/web/20171012165438/http://nasscom.in:80/about-us,nasscom_10000_startups\nasscom_10000_startups_2017-10_about.html,nasscom_10000_startups\nasscom_10000_startups_2017-10_about.txt,200,
"NASSCOM 10,000 Startups",home,2017-11,ok,20171110203859,2017-11-10,https://web.archive.org/web/20171110203859/http://www.nasscom.in:80/,nasscom_10000_startups\nasscom_10000_startups_2017-11_home.html,nasscom_10000_startups\nasscom_10000_startups_2017-11_home.txt,200,
"NASSCOM 10,000 Startups",about,2017-11,ok,20171112235022,2017-11-12,https://web.archive.org/web/20171112235022/http://nasscom.in:80/about-us,nasscom_10000_startups\nasscom_10000_startups_2017-11_about.html,nasscom_10000_startups\nasscom_10000_startups_2017-11_about.txt,200,
"NASSCOM 10,000 Startups",home,2017-12,ok,20171206012536,2017-12-06,https://web.archive.org/web/20171206012536/http://www.nasscom.in:80/,nasscom_10000_startups\nasscom_10000_startups_2017-12_home.html,nasscom_10000_startups\nasscom_10000_startups_2017-12_home.txt,200,
"NASSCOM 10,000 Startups",about,2017-12,ok,20171205181911,2017-12-05,https://web.archive.org/web/20171205181911/http://www.nasscom.in:80/about-us,nasscom_10000_startups\nasscom_10000_startups_2017-12_about.html,nasscom_10000_startups\nasscom_10000_startups_2017-12_about.txt,200,
"NASSCOM 10,000 Startups",home,2018-01,ok,20180105162607,2018-01-05,https://web.archive.org/web/20180105162607/http://www.nasscom.in:80/,nasscom_10000_startups\nasscom_10000_startups_2018-01_home.html,nasscom_10000_startups\nasscom_10000_startups_2018-01_home.txt,200,
"NASSCOM 10,000 Startups",about,2018-01,ok,20180111092234,2018-01-11,https://web.archive.org/web/20180111092234/http://nasscom.in:80/about-us,nasscom_10000_startups\nasscom_10000_startups_2018-01_about.html,nasscom_10000_startups\nasscom_10000_startups_2018-01_about.txt,200,
"NASSCOM 10,000 Startups",home,2018-02,ok,20180202092016,2018-02-02,https://web.archive.org/web/20180202092016/http://www.nasscom.in:80/,nasscom_10000_startups\nasscom_10000_startups_2018-02_home.html,nasscom_10000_startups\nasscom_10000_startups_2018-02_home.txt,200,
"NASSCOM 10,000 Startups",about,2018-02,ok,20180204015400,2018-02-04,https://web.archive.org/web/20180204015400/http://www.nasscom.in:80/about-us,nasscom_10000_startups\nasscom_10000_startups_2018-02_about.html,nasscom_10000_startups\nasscom_10000_startups_2018-02_about.txt,200,
"NASSCOM 10,000 Startups",home,2018-03,ok,20180301022245,2018-03-01,https://web.archive.org/web/20180301022245/http://www.nasscom.in:80/,nasscom_10000_startups\nasscom_10000_startups_2018-03_home.html,nasscom_10000_startups\nasscom_10000_startups_2018-03_home.txt,200,
"NASSCOM 10,000 Startups",about,2018-03,ok,20180316164840,2018-03-16,https://web.archive.org/web/20180316164840/http://www.nasscom.in:80/about-us,nasscom_10000_startups\nasscom_10000_startups_2018-03_about.html,nasscom_10000_startups\nasscom_10000_startups_2018-03_about.txt,200,
"NASSCOM 10,000 Startups",home,2018-04,ok,20180402041124,2018-04-02,https://web.archive.org/web/20180402041124/http://www.nasscom.in:80/,nasscom_10000_startups\nasscom_10000_startups_2018-04_home.html,nasscom_10000_startups\nasscom_10000_startups_2018-04_home.txt,200,
"NASSCOM 10,000 Startups",about,2018-04,ok,20180408230633,2018-04-08,https://web.archive.org/web/20180408230633/http://www.nasscom.in:80/about-us,nasscom_10000_startups\nasscom_10000_startups_2018-04_about.html,nasscom_10000_startups\nasscom_10000_startups_2018-04_about.txt,200,
"NASSCOM 10,000 Startups",home,2018-05,ok,20180506170706,2018-05-06,https://web.archive.org/web/20180506170706/http://www.nasscom.in:80/,nasscom_10000_startups\nasscom_10000_startups_2018-05_home.html,nasscom_10000_startups\nasscom_10000_startups_2018-05_home.txt,200,
"NASSCOM 10,000 Startups",about,2018-05,lookup_error,,,,,,,Failed after 3 attempts: timed out
"NASSCOM 10,000 Startups",home,2018-06,no_snapshot,,,,,,,
"NASSCOM 10,000 Startups",about,2018-06,no_snapshot,,,,,,,
"NASSCOM 10,000 Startups",home,2018-07,ok,20180704065605,2018-07-04,https://web.archive.org/web/20180704065605/http://www.nasscom.in:80/,nasscom_10000_startups\nasscom_10000_startups_2018-07_home.html,nasscom_10000_startups\nasscom_10000_startups_2018-07_home.txt,200,
"NASSCOM 10,000 Startups",about,2018-07,no_snapshot,,,,,,,
"NASSCOM 10,000 Startups",home,2018-08,no_snapshot,,,,,,,
"NASSCOM 10,000 Startups",about,2018-08,no_snapshot,,,,,,,
"NASSCOM 10,000 Startups",home,2018-09,no_snapshot,,,,,,,
"NASSCOM 10,000 Startups",about,2018-09,no_snapshot,,,,,,,
"NASSCOM 10,000 Startups",home,2018-10,no_snapshot,,,,,,,
"NASSCOM 10,000 Startups",about,2018-10,no_snapshot,,,,,,,
"NASSCOM 10,000 Startups",home,2018-11,ok,20181121035817,2018-11-21,https://web.archive.org/web/20181121035817/https://www.nasscom.in/,nasscom_10000_startups\nasscom_10000_startups_2018-11_home.html,nasscom_10000_startups\nasscom_10000_startups_2018-11_home.txt,200,
"NASSCOM 10,000 Startups",about,2018-11,no_snapshot,,,,,,,
"NASSCOM 10,000 Startups",home,2018-12,lookup_error,,,,,,,Failed after 3 attempts: timed out
"NASSCOM 10,000 Startups",about,2018-12,no_snapshot,,,,,,,
"NASSCOM 10,000 Startups",home,2019-01,no_snapshot,,,,,,,
"NASSCOM 10,000 Startups",about,2019-01,lookup_error,,,,,,,Failed after 3 attempts: timed out
"NASSCOM 10,000 Startups",home,2019-02,no_snapshot,,,,,,,
"NASSCOM 10,000 Startups",about,2019-02,no_snapshot,,,,,,,
"NASSCOM 10,000 Startups",home,2019-03,no_snapshot,,,,,,,
"NASSCOM 10,000 Startups",about,2019-03,no_snapshot,,,,,,,
"NASSCOM 10,000 Startups",home,2019-04,no_snapshot,,,,,,,
"NASSCOM 10,000 Startups",about,2019-04,no_snapshot,,,,,,,
"NASSCOM 10,000 Startups",home,2019-05,no_snapshot,,,,,,,
"NASSCOM 10,000 Startups",about,2019-05,no_snapshot,,,,,,,
"NASSCOM 10,000 Startups",home,2019-06,no_snapshot,,,,,,,
"NASSCOM 10,000 Startups",about,2019-06,no_snapshot,,,,,,,
"NASSCOM 10,000 Startups",home,2019-07,no_snapshot,,,,,,,
"NASSCOM 10,000 Startups",about,2019-07,no_snapshot,,,,,,,
"NASSCOM 10,000 Startups",home,2019-08,no_snapshot,,,,,,,
"NASSCOM 10,000 Startups",about,2019-08,no_snapshot,,,,,,,
"NASSCOM 10,000 Startups",home,2019-09,no_snapshot,,,,,,,
"NASSCOM 10,000 Startups",about,2019-09,no_snapshot,,,,,,,
"NASSCOM 10,000 Startups",home,2019-10,no_snapshot,,,,,,,
"NASSCOM 10,000 Startups",about,2019-10,no_snapshot,,,,,,,
"NASSCOM 10,000 Startups",home,2019-11,no_snapshot,,,,,,,
"NASSCOM 10,000 Startups",about,2019-11,no_snapshot,,,,,,,
"NASSCOM 10,000 Startups",home,2019-12,no_snapshot,,,,,,,
"NASSCOM 10,000 Startups",about,2019-12,no_snapshot,,,,,,,
"NASSCOM 10,000 Startups",home,2020-01,no_snapshot,,,,,,,
"NASSCOM 10,000 Startups",about,2020-01,no_snapshot,,,,,,,
"NASSCOM 10,000 Startups",home,2020-02,no_snapshot,,,,,,,
"NASSCOM 10,000 Startups",about,2020-02,no_snapshot,,,,,,,
"NASSCOM 10,000 Startups",home,2020-03,no_snapshot,,,,,,,
"NASSCOM 10,000 Startups",about,2020-03,no_snapshot,,,,,,,
"NASSCOM 10,000 Startups",home,2020-04,no_snapshot,,,,,,,
"NASSCOM 10,000 Startups",about,2020-04,no_snapshot,,,,,,,
"NASSCOM 10,000 Startups",home,2020-05,no_snapshot,,,,,,,
"NASSCOM 10,000 Startups",about,2020-05,no_snapshot,,,,,,,
"NASSCOM 10,000 Startups",home,2020-06,no_snapshot,,,,,,,
"NASSCOM 10,000 Startups",about,2020-06,no_snapshot,,,,,,,
"NASSCOM 10,000 Startups",home,2020-07,lookup_error,,,,,,,Failed after 3 attempts: timed out
"NASSCOM 10,000 Startups",about,2020-07,no_snapshot,,,,,,,
"NASSCOM 10,000 Startups",home,2020-08,no_snapshot,,,,,,,
"NASSCOM 10,000 Startups",about,2020-08,ok,20200812235701,2020-08-12,https://web.archive.org/web/20200812235701/https://www.nasscom.in/about-us,nasscom_10000_startups\nasscom_10000_startups_2020-08_about.html,nasscom_10000_startups\nasscom_10000_startups_2020-08_about.txt,200,
"NASSCOM 10,000 Startups",home,2020-09,no_snapshot,,,,,,,
"NASSCOM 10,000 Startups",about,2020-09,no_snapshot,,,,,,,
"NASSCOM 10,000 Startups",home,2020-10,no_snapshot,,,,,,,
"NASSCOM 10,000 Startups",about,2020-10,no_snapshot,,,,,,,
"NASSCOM 10,000 Startups",home,2020-11,no_snapshot,,,,,,,
"NASSCOM 10,000 Startups",about,2020-11,no_snapshot,,,,,,,
"NASSCOM 10,000 Startups",home,2020-12,ok,20201205013051,2020-12-05,https://web.archive.org/web/20201205013051/https://nasscom.in/,nasscom_10000_startups\nasscom_10000_startups_2020-12_home.html,nasscom_10000_startups\nasscom_10000_startups_2020-12_home.txt,200,
"NASSCOM 10,000 Startups",about,2020-12,no_snapshot,,,,,,,
"NASSCOM 10,000 Startups",home,2021-01,no_snapshot,,,,,,,
"NASSCOM 10,000 Startups",about,2021-01,no_snapshot,,,,,,,
"NASSCOM 10,000 Startups",home,2021-02,no_snapshot,,,,,,,
"NASSCOM 10,000 Startups",about,2021-02,no_snapshot,,,,,,,
"NASSCOM 10,000 Startups",home,2021-03,ok,20210305072336,2021-03-05,https://web.archive.org/web/20210305072336/https://www.nasscom.in/,nasscom_10000_startups\nasscom_10000_startups_2021-03_home.html,nasscom_10000_startups\nasscom_10000_startups_2021-03_home.txt,200,
"NASSCOM 10,000 Startups",about,2021-03,no_snapshot,,,,,,,
"NASSCOM 10,000 Startups",home,2021-04,no_snapshot,,,,,,,
"NASSCOM 10,000 Startups",about,2021-04,no_snapshot,,,,,,,
"NASSCOM 10,000 Startups",home,2021-05,no_snapshot,,,,,,,
"NASSCOM 10,000 Startups",about,2021-05,no_snapshot,,,,,,,
"NASSCOM 10,000 Startups",home,2021-06,no_snapshot,,,,,,,
"NASSCOM 10,000 Startups",about,2021-06,no_snapshot,,,,,,,
"NASSCOM 10,000 Startups",home,2021-07,no_snapshot,,,,,,,
"NASSCOM 10,000 Startups",about,2021-07,no_snapshot,,,,,,,
"NASSCOM 10,000 Startups",home,2021-08,no_snapshot,,,,,,,
"NASSCOM 10,000 Startups",about,2021-08,no_snapshot,,,,,,,
"NASSCOM 10,000 Startups",home,2021-09,no_snapshot,,,,,,,
"NASSCOM 10,000 Startups",about,2021-09,no_snapshot,,,,,,,
"NASSCOM 10,000 Startups",home,2021-10,no_snapshot,,,,,,,
"NASSCOM 10,000 Startups",about,2021-10,no_snapshot,,,,,,,
"NASSCOM 10,000 Startups",home,2021-11,no_snapshot,,,,,,,
"NASSCOM 10,000 Startups",about,2021-11,no_snapshot,,,,,,,
"NASSCOM 10,000 Startups",home,2021-12,no_snapshot,,,,,,,
"NASSCOM 10,000 Startups",about,2021-12,no_snapshot,,,,,,,
"NASSCOM 10,000 Startups",home,2022-01,no_snapshot,,,,,,,
"NASSCOM 10,000 Startups",about,2022-01,no_snapshot,,,,,,,
"NASSCOM 10,000 Startups",home,2022-02,lookup_error,,,,,,,Failed after 3 attempts: timed out
"NASSCOM 10,000 Startups",about,2022-02,no_snapshot,,,,,,,
"NASSCOM 10,000 Startups",home,2022-03,no_snapshot,,,,,,,
"NASSCOM 10,000 Startups",about,2022-03,no_snapshot,,,,,,,
"NASSCOM 10,000 Startups",home,2022-04,lookup_error,,,,,,,Failed after 3 attempts: timed out
"NASSCOM 10,000 Startups",about,2022-04,no_snapshot,,,,,,,
"NASSCOM 10,000 Startups",home,2022-05,no_snapshot,,,,,,,
"NASSCOM 10,000 Startups",about,2022-05,no_snapshot,,,,,,,
"NASSCOM 10,000 Startups",home,2022-06,no_snapshot,,,,,,,
"NASSCOM 10,000 Startups",about,2022-06,no_snapshot,,,,,,,
"NASSCOM 10,000 Startups",home,2022-07,no_snapshot,,,,,,,
"NASSCOM 10,000 Startups",about,2022-07,no_snapshot,,,,,,,
"NASSCOM 10,000 Startups",home,2022-08,ok,20220802131310,2022-08-02,https://web.archive.org/web/20220802131310/https://nasscom.in/,nasscom_10000_startups\nasscom_10000_startups_2022-08_home.html,nasscom_10000_startups\nasscom_10000_startups_2022-08_home.txt,200,
"NASSCOM 10,000 Startups",about,2022-08,no_snapshot,,,,,,,
"NASSCOM 10,000 Startups",home,2022-09,no_snapshot,,,,,,,
"NASSCOM 10,000 Startups",about,2022-09,no_snapshot,,,,,,,
"NASSCOM 10,000 Startups",home,2022-10,no_snapshot,,,,,,,
"NASSCOM 10,000 Startups",about,2022-10,no_snapshot,,,,,,,
"NASSCOM 10,000 Startups",home,2022-11,no_snapshot,,,,,,,
"NASSCOM 10,000 Startups",about,2022-11,no_snapshot,,,,,,,
"NASSCOM 10,000 Startups",home,2022-12,no_snapshot,,,,,,,
"NASSCOM 10,000 Startups",about,2022-12,no_snapshot,,,,,,,
"NASSCOM 10,000 Startups",home,2023-01,no_snapshot,,,,,,,
"NASSCOM 10,000 Startups",about,2023-01,no_snapshot,,,,,,,
"NASSCOM 10,000 Startups",home,2023-02,ok,20230202090033,2023-02-02,https://web.archive.org/web/20230202090033/https://nasscom.in/,nasscom_10000_startups\nasscom_10000_startups_2023-02_home.html,nasscom_10000_startups\nasscom_10000_startups_2023-02_home.txt,200,
"NASSCOM 10,000 Startups",about,2023-02,no_snapshot,,,,,,,
"NASSCOM 10,000 Startups",home,2023-03,no_snapshot,,,,,,,
"NASSCOM 10,000 Startups",about,2023-03,no_snapshot,,,,,,,
"NASSCOM 10,000 Startups",home,2023-04,ok,20230401143201,2023-04-01,https://web.archive.org/web/20230401143201/https://nasscom.in/,nasscom_10000_startups\nasscom_10000_startups_2023-04_home.html,nasscom_10000_startups\nasscom_10000_startups_2023-04_home.txt,200,
"NASSCOM 10,000 Startups",about,2023-04,lookup_error,,,,,,,Failed after 3 attempts: timed out
"NASSCOM 10,000 Startups",home,2023-05,lookup_error,,,,,,,Failed after 3 attempts: timed out
"NASSCOM 10,000 Startups",about,2023-05,ok,20230507155816,2023-05-07,https://web.archive.org/web/20230507155816/https://www.nasscom.in/about-us,nasscom_10000_startups\nasscom_10000_startups_2023-05_about.html,nasscom_10000_startups\nasscom_10000_startups_2023-05_about.txt,200,
"NASSCOM 10,000 Startups",home,2023-06,ok,20230601005029,2023-06-01,https://web.archive.org/web/20230601005029/https://www.nasscom.in/,nasscom_10000_startups\nasscom_10000_startups_2023-06_home.html,nasscom_10000_startups\nasscom_10000_startups_2023-06_home.txt,200,
"NASSCOM 10,000 Startups",about,2023-06,lookup_error,,,,,,,Failed after 3 attempts: timed out
"NASSCOM 10,000 Startups",home,2023-07,ok,20230701221941,2023-07-01,https://web.archive.org/web/20230701221941/https://nasscom.in/,nasscom_10000_startups\nasscom_10000_startups_2023-07_home.html,nasscom_10000_startups\nasscom_10000_startups_2023-07_home.txt,200,
"NASSCOM 10,000 Startups",about,2023-07,ok,20230701222644,2023-07-01,https://web.archive.org/web/20230701222644/https://nasscom.in/about-us,nasscom_10000_startups\nasscom_10000_startups_2023-07_about.html,nasscom_10000_startups\nasscom_10000_startups_2023-07_about.txt,200,
"NASSCOM 10,000 Startups",home,2023-08,ok,20230803090741,2023-08-03,https://web.archive.org/web/20230803090741/https://www.nasscom.in/,nasscom_10000_startups\nasscom_10000_startups_2023-08_home.html,nasscom_10000_startups\nasscom_10000_startups_2023-08_home.txt,200,
"NASSCOM 10,000 Startups",about,2023-08,ok,20230803111411,2023-08-03,https://web.archive.org/web/20230803111411/https://www.nasscom.in/about-us,nasscom_10000_startups\nasscom_10000_startups_2023-08_about.html,nasscom_10000_startups\nasscom_10000_startups_2023-08_about.txt,200,
"NASSCOM 10,000 Startups",home,2023-09,ok,20230902084622,2023-09-02,https://web.archive.org/web/20230902084622/https://www.nasscom.in/,nasscom_10000_startups\nasscom_10000_startups_2023-09_home.html,nasscom_10000_startups\nasscom_10000_startups_2023-09_home.txt,200,
"NASSCOM 10,000 Startups",about,2023-09,no_snapshot,,,,,,,
"NASSCOM 10,000 Startups",home,2023-10,ok,20231011043727,2023-10-11,https://web.archive.org/web/20231011043727/https://nasscom.in/,nasscom_10000_startups\nasscom_10000_startups_2023-10_home.html,nasscom_10000_startups\nasscom_10000_startups_2023-10_home.txt,200,
"NASSCOM 10,000 Startups",about,2023-10,ok,20231011043912,2023-10-11,https://web.archive.org/web/20231011043912/https://nasscom.in/about-us,nasscom_10000_startups\nasscom_10000_startups_2023-10_about.html,nasscom_10000_startups\nasscom_10000_startups_2023-10_about.txt,200,
"NASSCOM 10,000 Startups",home,2023-11,ok,20231101182429,2023-11-01,https://web.archive.org/web/20231101182429/https://nasscom.in/,nasscom_10000_startups\nasscom_10000_startups_2023-11_home.html,nasscom_10000_startups\nasscom_10000_startups_2023-11_home.txt,200,
"NASSCOM 10,000 Startups",about,2023-11,no_snapshot,,,,,,,
"NASSCOM 10,000 Startups",home,2023-12,ok,20231201055723,2023-12-01,https://web.archive.org/web/20231201055723/http://www.nasscom.in/,nasscom_10000_startups\nasscom_10000_startups_2023-12_home.html,nasscom_10000_startups\nasscom_10000_startups_2023-12_home.txt,200,
"NASSCOM 10,000 Startups",about,2023-12,ok,20231201190806,2023-12-01,https://web.archive.org/web/20231201190806/http://www.nasscom.in/about-us,nasscom_10000_startups\nasscom_10000_startups_2023-12_about.html,nasscom_10000_startups\nasscom_10000_startups_2023-12_about.txt,200,
"NASSCOM 10,000 Startups",home,2024-01,ok,20240117144633,2024-01-17,https://web.archive.org/web/20240117144633/https://www.nasscom.in/,nasscom_10000_startups\nasscom_10000_startups_2024-01_home.html,nasscom_10000_startups\nasscom_10000_startups_2024-01_home.txt,200,
"NASSCOM 10,000 Startups",about,2024-01,ok,20240118032600,2024-01-18,https://web.archive.org/web/20240118032600/https://nasscom.in/about-us,nasscom_10000_startups\nasscom_10000_startups_2024-01_about.html,nasscom_10000_startups\nasscom_10000_startups_2024-01_about.txt,200,
"NASSCOM 10,000 Startups",home,2024-02,ok,20240201061810,2024-02-01,https://web.archive.org/web/20240201061810/https://www.nasscom.in/,nasscom_10000_startups\nasscom_10000_startups_2024-02_home.html,nasscom_10000_startups\nasscom_10000_startups_2024-02_home.txt,200,
"NASSCOM 10,000 Startups",about,2024-02,ok,20240201064123,2024-02-01,https://web.archive.org/web/20240201064123/https://www.nasscom.in/about-us,nasscom_10000_startups\nasscom_10000_startups_2024-02_about.html,nasscom_10000_startups\nasscom_10000_startups_2024-02_about.txt,200,
"NASSCOM 10,000 Startups",home,2024-03,ok,20240301031754,2024-03-01,https://web.archive.org/web/20240301031754/https://www.nasscom.in/,nasscom_10000_startups\nasscom_10000_startups_2024-03_home.html,nasscom_10000_startups\nasscom_10000_startups_2024-03_home.txt,200,
"NASSCOM 10,000 Startups",about,2024-03,ok,20240301064958,2024-03-01,https://web.archive.org/web/20240301064958/https://www.nasscom.in/about-us,nasscom_10000_startups\nasscom_10000_startups_2024-03_about.html,nasscom_10000_startups\nasscom_10000_startups_2024-03_about.txt,200,
"NASSCOM 10,000 Startups",home,2024-04,ok,20240401142543,2024-04-01,https://web.archive.org/web/20240401142543/https://nasscom.in/,nasscom_10000_startups\nasscom_10000_startups_2024-04_home.html,nasscom_10000_startups\nasscom_10000_startups_2024-04_home.txt,200,
"NASSCOM 10,000 Startups",about,2024-04,ok,20240401011239,2024-04-01,https://web.archive.org/web/20240401011239/https://nasscom.in/about-us,nasscom_10000_startups\nasscom_10000_startups_2024-04_about.html,nasscom_10000_startups\nasscom_10000_startups_2024-04_about.txt,200,
"NASSCOM 10,000 Startups",home,2024-05,lookup_error,,,,,,,Failed after 3 attempts: timed out
"NASSCOM 10,000 Startups",about,2024-05,ok,20240501215848,2024-05-01,https://web.archive.org/web/20240501215848/https://nasscom.in/about-us,nasscom_10000_startups\nasscom_10000_startups_2024-05_about.html,nasscom_10000_startups\nasscom_10000_startups_2024-05_about.txt,200,
"NASSCOM 10,000 Startups",home,2024-06,ok,20240601063520,2024-06-01,https://web.archive.org/web/20240601063520/https://www.nasscom.in/,nasscom_10000_startups\nasscom_10000_startups_2024-06_home.html,nasscom_10000_startups\nasscom_10000_startups_2024-06_home.txt,200,
"NASSCOM 10,000 Startups",about,2024-06,ok,20240601063712,2024-06-01,https://web.archive.org/web/20240601063712/https://www.nasscom.in/about-us,nasscom_10000_startups\nasscom_10000_startups_2024-06_about.html,nasscom_10000_startups\nasscom_10000_startups_2024-06_about.txt,200,
"NASSCOM 10,000 Startups",home,2024-07,ok,20240702173232,2024-07-02,https://web.archive.org/web/20240702173232/https://www.nasscom.in/,nasscom_10000_startups\nasscom_10000_startups_2024-07_home.html,nasscom_10000_startups\nasscom_10000_startups_2024-07_home.txt,200,
"NASSCOM 10,000 Startups",about,2024-07,ok,20240702133002,2024-07-02,https://web.archive.org/web/20240702133002/https://www.nasscom.in/about-us,nasscom_10000_startups\nasscom_10000_startups_2024-07_about.html,nasscom_10000_startups\nasscom_10000_startups_2024-07_about.txt,200,
"NASSCOM 10,000 Startups",home,2024-08,ok,20240803081232,2024-08-03,https://web.archive.org/web/20240803081232/https://www.nasscom.in/,nasscom_10000_startups\nasscom_10000_startups_2024-08_home.html,nasscom_10000_startups\nasscom_10000_startups_2024-08_home.txt,200,
"NASSCOM 10,000 Startups",about,2024-08,ok,20240803145417,2024-08-03,https://web.archive.org/web/20240803145417/https://www.nasscom.in/about-us,nasscom_10000_startups\nasscom_10000_startups_2024-08_about.html,nasscom_10000_startups\nasscom_10000_startups_2024-08_about.txt,200,
"NASSCOM 10,000 Startups",home,2024-09,ok,20240901032627,2024-09-01,https://web.archive.org/web/20240901032627/https://nasscom.in/,nasscom_10000_startups\nasscom_10000_startups_2024-09_home.html,nasscom_10000_startups\nasscom_10000_startups_2024-09_home.txt,200,
"NASSCOM 10,000 Startups",about,2024-09,ok,20240904074848,2024-09-04,https://web.archive.org/web/20240904074848/https://www.nasscom.in/about-us,nasscom_10000_startups\nasscom_10000_startups_2024-09_about.html,nasscom_10000_startups\nasscom_10000_startups_2024-09_about.txt,200,
"NASSCOM 10,000 Startups",home,2024-10,ok,20241003155826,2024-10-03,https://web.archive.org/web/20241003155826/https://www.nasscom.in/,nasscom_10000_startups\nasscom_10000_startups_2024-10_home.html,nasscom_10000_startups\nasscom_10000_startups_2024-10_home.txt,200,
"NASSCOM 10,000 Startups",about,2024-10,ok,20241003185146,2024-10-03,https://web.archive.org/web/20241003185146/https://nasscom.in/about-us,nasscom_10000_startups\nasscom_10000_startups_2024-10_about.html,nasscom_10000_startups\nasscom_10000_startups_2024-10_about.txt,200,
"NASSCOM 10,000 Startups",home,2024-11,ok,20241101063400,2024-11-01,https://web.archive.org/web/20241101063400/https://nasscom.in/,nasscom_10000_startups\nasscom_10000_startups_2024-11_home.html,nasscom_10000_startups\nasscom_10000_startups_2024-11_home.txt,200,
"NASSCOM 10,000 Startups",about,2024-11,ok,20241101072450,2024-11-01,https://web.archive.org/web/20241101072450/https://nasscom.in/about-us,nasscom_10000_startups\nasscom_10000_startups_2024-11_about.html,nasscom_10000_startups\nasscom_10000_startups_2024-11_about.txt,200,
"NASSCOM 10,000 Startups",home,2024-12,ok,20241201023824,2024-12-01,https://web.archive.org/web/20241201023824/https://nasscom.in/,nasscom_10000_startups\nasscom_10000_startups_2024-12_home.html,nasscom_10000_startups\nasscom_10000_startups_2024-12_home.txt,200,
"NASSCOM 10,000 Startups",about,2024-12,no_snapshot,,,,,,,
"NASSCOM 10,000 Startups",home,2025-01,ok,20250102092801,2025-01-02,https://web.archive.org/web/20250102092801/https://nasscom.in/,nasscom_10000_startups\nasscom_10000_startups_2025-01_home.html,nasscom_10000_startups\nasscom_10000_startups_2025-01_home.txt,200,
"NASSCOM 10,000 Startups",about,2025-01,ok,20250103214551,2025-01-03,https://web.archive.org/web/20250103214551/https://www.nasscom.in/about-us,nasscom_10000_startups\nasscom_10000_startups_2025-01_about.html,nasscom_10000_startups\nasscom_10000_startups_2025-01_about.txt,200,
"NASSCOM 10,000 Startups",home,2025-02,ok,20250205231435,2025-02-05,https://web.archive.org/web/20250205231435/https://nasscom.in/,nasscom_10000_startups\nasscom_10000_startups_2025-02_home.html,nasscom_10000_startups\nasscom_10000_startups_2025-02_home.txt,200,
"NASSCOM 10,000 Startups",about,2025-02,ok,20250217002637,2025-02-17,https://web.archive.org/web/20250217002637/https://www.nasscom.in/about-us,nasscom_10000_startups\nasscom_10000_startups_2025-02_about.html,nasscom_10000_startups\nasscom_10000_startups_2025-02_about.txt,200,
"NASSCOM 10,000 Startups",home,2025-03,ok,20250303131625,2025-03-03,https://web.archive.org/web/20250303131625/https://www.nasscom.in/,nasscom_10000_startups\nasscom_10000_startups_2025-03_home.html,nasscom_10000_startups\nasscom_10000_startups_2025-03_home.txt,200,
"NASSCOM 10,000 Startups",about,2025-03,no_snapshot,,,,,,,
"NASSCOM 10,000 Startups",home,2025-04,ok,20250401072610,2025-04-01,https://web.archive.org/web/20250401072610/https://nasscom.in/,nasscom_10000_startups\nasscom_10000_startups_2025-04_home.html,nasscom_10000_startups\nasscom_10000_startups_2025-04_home.txt,200,
"NASSCOM 10,000 Startups",about,2025-04,ok,20250401083156,2025-04-01,https://web.archive.org/web/20250401083156/https://nasscom.in/about-us,nasscom_10000_startups\nasscom_10000_startups_2025-04_about.html,nasscom_10000_startups\nasscom_10000_startups_2025-04_about.txt,200,
"NASSCOM 10,000 Startups",home,2025-05,ok,20250502150246,2025-05-02,https://web.archive.org/web/20250502150246/https://www.nasscom.in/,nasscom_10000_startups\nasscom_10000_startups_2025-05_home.html,nasscom_10000_startups\nasscom_10000_startups_2025-05_home.txt,200,
"NASSCOM 10,000 Startups",about,2025-05,ok,20250502161407,2025-05-02,https://web.archive.org/web/20250502161407/https://www.nasscom.in/about-us,nasscom_10000_startups\nasscom_10000_startups_2025-05_about.html,nasscom_10000_startups\nasscom_10000_startups_2025-05_about.txt,200,
"NASSCOM 10,000 Startups",home,2025-06,ok,20250601122654,2025-06-01,https://web.archive.org/web/20250601122654/https://nasscom.in/,nasscom_10000_startups\nasscom_10000_startups_2025-06_home.html,nasscom_10000_startups\nasscom_10000_startups_2025-06_home.txt,200,
"NASSCOM 10,000 Startups",about,2025-06,ok,20250602022048,2025-06-02,https://web.archive.org/web/20250602022048/https://nasscom.in/about-us,nasscom_10000_startups\nasscom_10000_startups_2025-06_about.html,nasscom_10000_startups\nasscom_10000_startups_2025-06_about.txt,200,
"NASSCOM 10,000 Startups",home,2025-07,ok,20250702031839,2025-07-02,https://web.archive.org/web/20250702031839/https://nasscom.in/,nasscom_10000_startups\nasscom_10000_startups_2025-07_home.html,nasscom_10000_startups\nasscom_10000_startups_2025-07_home.txt,200,
"NASSCOM 10,000 Startups",about,2025-07,ok,20250702034856,2025-07-02,https://web.archive.org/web/20250702034856/https://nasscom.in/about-us,nasscom_10000_startups\nasscom_10000_startups_2025-07_about.html,nasscom_10000_startups\nasscom_10000_startups_2025-07_about.txt,200,
"NASSCOM 10,000 Startups",home,2025-08,ok,20250801234750,2025-08-01,https://web.archive.org/web/20250801234750/https://nasscom.in/,nasscom_10000_startups\nasscom_10000_startups_2025-08_home.html,nasscom_10000_startups\nasscom_10000_startups_2025-08_home.txt,200,
"NASSCOM 10,000 Startups",about,2025-08,ok,20250802033617,2025-08-02,https://web.archive.org/web/20250802033617/https://nasscom.in/about-us,nasscom_10000_startups\nasscom_10000_startups_2025-08_about.html,nasscom_10000_startups\nasscom_10000_startups_2025-08_about.txt,200,
"NASSCOM 10,000 Startups",home,2025-09,ok,20250901153809,2025-09-01,https://web.archive.org/web/20250901153809/https://www.nasscom.in/,nasscom_10000_startups\nasscom_10000_startups_2025-09_home.html,nasscom_10000_startups\nasscom_10000_startups_2025-09_home.txt,200,
"NASSCOM 10,000 Startups",about,2025-09,ok,20250901154640,2025-09-01,https://web.archive.org/web/20250901154640/https://www.nasscom.in/about-us,nasscom_10000_startups\nasscom_10000_startups_2025-09_about.html,nasscom_10000_startups\nasscom_10000_startups_2025-09_about.txt,200,
"NASSCOM 10,000 Startups",home,2025-10,ok,20251001121806,2025-10-01,https://web.archive.org/web/20251001121806/https://nasscom.in/,nasscom_10000_startups\nasscom_10000_startups_2025-10_home.html,nasscom_10000_startups\nasscom_10000_startups_2025-10_home.txt,200,
"NASSCOM 10,000 Startups",about,2025-10,ok,20251001122509,2025-10-01,https://web.archive.org/web/20251001122509/https://nasscom.in/about-us,nasscom_10000_startups\nasscom_10000_startups_2025-10_about.html,nasscom_10000_startups\nasscom_10000_startups_2025-10_about.txt,200,
"NASSCOM 10,000 Startups",home,2025-11,ok,20251101184013,2025-11-01,https://web.archive.org/web/20251101184013/https://www.nasscom.in/,nasscom_10000_startups\nasscom_10000_startups_2025-11_home.html,nasscom_10000_startups\nasscom_10000_startups_2025-11_home.txt,200,
"NASSCOM 10,000 Startups",about,2025-11,ok,20251101172353,2025-11-01,https://web.archive.org/web/20251101172353/https://www.nasscom.in/about-us,nasscom_10000_startups\nasscom_10000_startups_2025-11_about.html,nasscom_10000_startups\nasscom_10000_startups_2025-11_about.txt,200,
"NASSCOM 10,000 Startups",home,2025-12,ok,20251201043749,2025-12-01,https://web.archive.org/web/20251201043749/https://www.nasscom.in/,nasscom_10000_startups\nasscom_10000_startups_2025-12_home.html,nasscom_10000_startups\nasscom_10000_startups_2025-12_home.txt,200,
"NASSCOM 10,000 Startups",about,2025-12,ok,20251201044230,2025-12-01,https://web.archive.org/web/20251201044230/https://www.nasscom.in/about-us,nasscom_10000_startups\nasscom_10000_startups_2025-12_about.html,nasscom_10000_startups\nasscom_10000_startups_2025-12_about.txt,200,
"NASSCOM 10,000 Startups",home,2026-01,ok,20260101042653,2026-01-01,https://web.archive.org/web/20260101042653/https://www.nasscom.in/,nasscom_10000_startups\nasscom_10000_startups_2026-01_home.html,nasscom_10000_startups\nasscom_10000_startups_2026-01_home.txt,200,
"NASSCOM 10,000 Startups",about,2026-01,ok,20260101043544,2026-01-01,https://web.archive.org/web/20260101043544/https://www.nasscom.in/about-us,nasscom_10000_startups\nasscom_10000_startups_2026-01_about.html,nasscom_10000_startups\nasscom_10000_startups_2026-01_about.txt,200,
"NASSCOM 10,000 Startups",home,2026-02,ok,20260201043624,2026-02-01,https://web.archive.org/web/20260201043624/https://www.nasscom.in/,nasscom_10000_startups\nasscom_10000_startups_2026-02_home.html,nasscom_10000_startups\nasscom_10000_startups_2026-02_home.txt,200,
"NASSCOM 10,000 Startups",about,2026-02,ok,20260201044826,2026-02-01,https://web.archive.org/web/20260201044826/https://www.nasscom.in/about-us,nasscom_10000_startups\nasscom_10000_startups_2026-02_about.html,nasscom_10000_startups\nasscom_10000_startups_2026-02_about.txt,200,
"NASSCOM 10,000 Startups",home,2026-03,ok,20260301011427,2026-03-01,https://web.archive.org/web/20260301011427/https://www.nasscom.in/,nasscom_10000_startups\nasscom_10000_startups_2026-03_home.html,nasscom_10000_startups\nasscom_10000_startups_2026-03_home.txt,200,
"NASSCOM 10,000 Startups",about,2026-03,ok,20260301042306,2026-03-01,https://web.archive.org/web/20260301042306/https://nasscom.in/about-us,nasscom_10000_startups\nasscom_10000_startups_2026-03_about.html,nasscom_10000_startups\nasscom_10000_startups_2026-03_about.txt,200,
"NASSCOM 10,000 Startups",home,2026-04,ok,20260401082104,2026-04-01,https://web.archive.org/web/20260401082104/https://www.nasscom.in/,nasscom_10000_startups\nasscom_10000_startups_2026-04_home.html,nasscom_10000_startups\nasscom_10000_startups_2026-04_home.txt,200,
"NASSCOM 10,000 Startups",about,2026-04,ok,20260401083640,2026-04-01,https://web.archive.org/web/20260401083640/https://www.nasscom.in/about-us,nasscom_10000_startups\nasscom_10000_startups_2026-04_about.html,nasscom_10000_startups\nasscom_10000_startups_2026-04_about.txt,200,
"NASSCOM 10,000 Startups",home,2026-05,ok,20260501044024,2026-05-01,https://web.archive.org/web/20260501044024/https://www.nasscom.in/,nasscom_10000_startups\nasscom_10000_startups_2026-05_home.html,nasscom_10000_startups\nasscom_10000_startups_2026-05_home.txt,200,
"NASSCOM 10,000 Startups",about,2026-05,ok,20260501053448,2026-05-01,https://web.archive.org/web/20260501053448/https://www.nasscom.in/about-us,nasscom_10000_startups\nasscom_10000_startups_2026-05_about.html,nasscom_10000_startups\nasscom_10000_startups_2026-05_about.txt,200,
"NASSCOM 10,000 Startups",home,2026-06,ok,20260629172532,2026-06-29,https://web.archive.org/web/20260629172532/https://nasscom.in/,nasscom_10000_startups\nasscom_10000_startups_2026-06_home.html,nasscom_10000_startups\nasscom_10000_startups_2026-06_home.txt,200,
"NASSCOM 10,000 Startups",about,2026-06,no_snapshot,,,,,,,
"NASSCOM 10,000 Startups",home,2026-07,ok,20260703172628,2026-07-03,https://web.archive.org/web/20260703172628/https://www.nasscom.in/,nasscom_10000_startups\nasscom_10000_startups_2026-07_home.html,nasscom_10000_startups\nasscom_10000_startups_2026-07_home.txt,200,
"NASSCOM 10,000 Startups",about,2026-07,no_snapshot,,,,,,,
"NASSCOM 10,000 Startups",home,2026-08,ok,20260804124552,2026-08-04,https://web.archive.org/web/20260804124552/https://nasscom.in/,nasscom_10000_startups\nasscom_10000_startups_2026-08_home.html,nasscom_10000_startups\nasscom_10000_startups_2026-08_home.txt,200,
"NASSCOM 10,000 Startups",about,2026-08,no_snapshot,,,,,,,
"NASSCOM 10,000 Startups",home,2026-09,ok,20260912160505,2026-09-12,https://web.archive.org/web/20260912160505/https://www.nasscom.in/,nasscom_10000_startups\nasscom_10000_startups_2026-09_home.html,nasscom_10000_startups\nasscom_10000_startups_2026-09_home.txt,200,
"NASSCOM 10,000 Startups",about,2026-09,no_snapshot,,,,,,,
CIIE IIM-A,home,2017-01,no_snapshot,,,,,,,
CIIE IIM-A,about,2017-01,lookup_error,,,,,,,Failed after 3 attempts: timed out
CIIE IIM-A,home,2017-02,no_snapshot,,,,,,,
CIIE IIM-A,about,2017-02,no_snapshot,,,,,,,
CIIE IIM-A,home,2017-03,no_snapshot,,,,,,,
CIIE IIM-A,about,2017-03,no_snapshot,,,,,,,
CIIE IIM-A,home,2017-04,no_snapshot,,,,,,,
CIIE IIM-A,about,2017-04,no_snapshot,,,,,,,
CIIE IIM-A,home,2017-05,no_snapshot,,,,,,,
CIIE IIM-A,about,2017-05,no_snapshot,,,,,,,
CIIE IIM-A,home,2017-06,no_snapshot,,,,,,,
CIIE IIM-A,about,2017-06,no_snapshot,,,,,,,
CIIE IIM-A,home,2017-07,no_snapshot,,,,,,,
CIIE IIM-A,about,2017-07,no_snapshot,,,,,,,
CIIE IIM-A,home,2017-08,no_snapshot,,,,,,,
CIIE IIM-A,about,2017-08,no_snapshot,,,,,,,
CIIE IIM-A,home,2017-09,no_snapshot,,,,,,,
CIIE IIM-A,about,2017-09,no_snapshot,,,,,,,
CIIE IIM-A,home,2017-10,no_snapshot,,,,,,,
CIIE IIM-A,about,2017-10,no_snapshot,,,,,,,
CIIE IIM-A,home,2017-11,no_snapshot,,,,,,,
CIIE IIM-A,about,2017-11,no_snapshot,,,,,,,
CIIE IIM-A,home,2017-12,no_snapshot,,,,,,,
CIIE IIM-A,about,2017-12,no_snapshot,,,,,,,
CIIE IIM-A,home,2018-01,no_snapshot,,,,,,,
CIIE IIM-A,about,2018-01,no_snapshot,,,,,,,
CIIE IIM-A,home,2018-02,ok,20180217192627,2018-02-17,https://web.archive.org/web/20180217192627/https://iima.ac.in/,ciie_iim_a\ciie_iim_a_2018-02_home.html,ciie_iim_a\ciie_iim_a_2018-02_home.txt,200,
CIIE IIM-A,about,2018-02,no_snapshot,,,,,,,
CIIE IIM-A,home,2018-03,no_snapshot,,,,,,,
CIIE IIM-A,about,2018-03,no_snapshot,,,,,,,
CIIE IIM-A,home,2018-04,no_snapshot,,,,,,,
CIIE IIM-A,about,2018-04,no_snapshot,,,,,,,
CIIE IIM-A,home,2018-05,no_snapshot,,,,,,,
CIIE IIM-A,about,2018-05,no_snapshot,,,,,,,
CIIE IIM-A,home,2018-06,no_snapshot,,,,,,,
CIIE IIM-A,about,2018-06,no_snapshot,,,,,,,
CIIE IIM-A,home,2018-07,no_snapshot,,,,,,,
CIIE IIM-A,about,2018-07,no_snapshot,,,,,,,
CIIE IIM-A,home,2018-08,no_snapshot,,,,,,,
CIIE IIM-A,about,2018-08,no_snapshot,,,,,,,
CIIE IIM-A,home,2018-09,no_snapshot,,,,,,,
CIIE IIM-A,about,2018-09,no_snapshot,,,,,,,
CIIE IIM-A,home,2018-10,no_snapshot,,,,,,,
CIIE IIM-A,about,2018-10,no_snapshot,,,,,,,
CIIE IIM-A,home,2018-11,no_snapshot,,,,,,,
CIIE IIM-A,about,2018-11,no_snapshot,,,,,,,
CIIE IIM-A,home,2018-12,no_snapshot,,,,,,,
CIIE IIM-A,about,2018-12,no_snapshot,,,,,,,
CIIE IIM-A,home,2019-01,no_snapshot,,,,,,,
CIIE IIM-A,about,2019-01,no_snapshot,,,,,,,
CIIE IIM-A,home,2019-02,no_snapshot,,,,,,,
CIIE IIM-A,about,2019-02,no_snapshot,,,,,,,
CIIE IIM-A,home,2019-03,no_snapshot,,,,,,,
CIIE IIM-A,about,2019-03,no_snapshot,,,,,,,
CIIE IIM-A,home,2019-04,no_snapshot,,,,,,,
CIIE IIM-A,about,2019-04,no_snapshot,,,,,,,
CIIE IIM-A,home,2019-05,no_snapshot,,,,,,,
CIIE IIM-A,about,2019-05,no_snapshot,,,,,,,
CIIE IIM-A,home,2019-06,no_snapshot,,,,,,,
CIIE IIM-A,about,2019-06,no_snapshot,,,,,,,
CIIE IIM-A,home,2019-07,no_snapshot,,,,,,,
CIIE IIM-A,about,2019-07,no_snapshot,,,,,,,
CIIE IIM-A,home,2019-08,no_snapshot,,,,,,,
CIIE IIM-A,about,2019-08,no_snapshot,,,,,,,
CIIE IIM-A,home,2019-09,no_snapshot,,,,,,,
CIIE IIM-A,about,2019-09,no_snapshot,,,,,,,
CIIE IIM-A,home,2019-10,no_snapshot,,,,,,,
CIIE IIM-A,about,2019-10,no_snapshot,,,,,,,
CIIE IIM-A,home,2019-11,no_snapshot,,,,,,,
CIIE IIM-A,about,2019-11,no_snapshot,,,,,,,
CIIE IIM-A,home,2019-12,no_snapshot,,,,,,,
CIIE IIM-A,about,2019-12,no_snapshot,,,,,,,
CIIE IIM-A,home,2020-01,no_snapshot,,,,,,,
CIIE IIM-A,about,2020-01,no_snapshot,,,,,,,
CIIE IIM-A,home,2020-02,no_snapshot,,,,,,,
CIIE IIM-A,about,2020-02,no_snapshot,,,,,,,
CIIE IIM-A,home,2020-03,no_snapshot,,,,,,,
CIIE IIM-A,about,2020-03,no_snapshot,,,,,,,
CIIE IIM-A,home,2020-04,no_snapshot,,,,,,,
CIIE IIM-A,about,2020-04,no_snapshot,,,,,,,
CIIE IIM-A,home,2020-05,no_snapshot,,,,,,,
CIIE IIM-A,about,2020-05,no_snapshot,,,,,,,
CIIE IIM-A,home,2020-06,ok,20200630025151,2020-06-30,https://web.archive.org/web/20200630025151/https://www.iima.ac.in/,ciie_iim_a\ciie_iim_a_2020-06_home.html,ciie_iim_a\ciie_iim_a_2020-06_home.txt,200,
CIIE IIM-A,about,2020-06,no_snapshot,,,,,,,
CIIE IIM-A,home,2020-07,ok,20200722221428,2020-07-22,https://web.archive.org/web/20200722221428/https://www.iima.ac.in/,ciie_iim_a\ciie_iim_a_2020-07_home.html,ciie_iim_a\ciie_iim_a_2020-07_home.txt,200,
CIIE IIM-A,about,2020-07,no_snapshot,,,,,,,
CIIE IIM-A,home,2020-08,ok,20200804023428,2020-08-04,https://web.archive.org/web/20200804023428/https://www.iima.ac.in/,ciie_iim_a\ciie_iim_a_2020-08_home.html,ciie_iim_a\ciie_iim_a_2020-08_home.txt,200,
CIIE IIM-A,about,2020-08,no_snapshot,,,,,,,
CIIE IIM-A,home,2020-09,ok,20200906182851,2020-09-06,https://web.archive.org/web/20200906182851/https://www.iima.ac.in/,ciie_iim_a\ciie_iim_a_2020-09_home.html,ciie_iim_a\ciie_iim_a_2020-09_home.txt,200,
CIIE IIM-A,about,2020-09,no_snapshot,,,,,,,
CIIE IIM-A,home,2020-10,ok,20201027173536,2020-10-27,https://web.archive.org/web/20201027173536/https://www.iima.ac.in/,ciie_iim_a\ciie_iim_a_2020-10_home.html,ciie_iim_a\ciie_iim_a_2020-10_home.txt,200,
CIIE IIM-A,about,2020-10,no_snapshot,,,,,,,
CIIE IIM-A,home,2020-11,ok,20201101050825,2020-11-01,https://web.archive.org/web/20201101050825/https://www.iima.ac.in/,ciie_iim_a\ciie_iim_a_2020-11_home.html,ciie_iim_a\ciie_iim_a_2020-11_home.txt,200,
CIIE IIM-A,about,2020-11,lookup_error,,,,,,,Failed after 3 attempts: timed out
CIIE IIM-A,home,2020-12,ok,20201202124813,2020-12-02,https://web.archive.org/web/20201202124813/https://www.iima.ac.in/,ciie_iim_a\ciie_iim_a_2020-12_home.html,ciie_iim_a\ciie_iim_a_2020-12_home.txt,200,
CIIE IIM-A,about,2020-12,no_snapshot,,,,,,,
CIIE IIM-A,home,2021-01,ok,20210102171444,2021-01-02,https://web.archive.org/web/20210102171444/https://www.iima.ac.in/,ciie_iim_a\ciie_iim_a_2021-01_home.html,ciie_iim_a\ciie_iim_a_2021-01_home.txt,200,
CIIE IIM-A,about,2021-01,no_snapshot,,,,,,,
CIIE IIM-A,home,2021-02,ok,20210226164536,2021-02-26,https://web.archive.org/web/20210226164536/https://www.iima.ac.in/,ciie_iim_a\ciie_iim_a_2021-02_home.html,ciie_iim_a\ciie_iim_a_2021-02_home.txt,200,
CIIE IIM-A,about,2021-02,no_snapshot,,,,,,,
CIIE IIM-A,home,2021-03,ok,20210301184523,2021-03-01,https://web.archive.org/web/20210301184523/https://www.iima.ac.in/,ciie_iim_a\ciie_iim_a_2021-03_home.html,ciie_iim_a\ciie_iim_a_2021-03_home.txt,200,
CIIE IIM-A,about,2021-03,no_snapshot,,,,,,,
CIIE IIM-A,home,2021-04,ok,20210407230053,2021-04-07,https://web.archive.org/web/20210407230053/https://www.iima.ac.in/,ciie_iim_a\ciie_iim_a_2021-04_home.html,ciie_iim_a\ciie_iim_a_2021-04_home.txt,200,
CIIE IIM-A,about,2021-04,no_snapshot,,,,,,,
CIIE IIM-A,home,2021-05,ok,20210501065234,2021-05-01,https://web.archive.org/web/20210501065234/https://www.iima.ac.in/,ciie_iim_a\ciie_iim_a_2021-05_home.html,ciie_iim_a\ciie_iim_a_2021-05_home.txt,200,
CIIE IIM-A,about,2021-05,no_snapshot,,,,,,,
CIIE IIM-A,home,2021-06,ok,20210612205349,2021-06-12,https://web.archive.org/web/20210612205349/https://www.iima.ac.in/,ciie_iim_a\ciie_iim_a_2021-06_home.html,ciie_iim_a\ciie_iim_a_2021-06_home.txt,200,
CIIE IIM-A,about,2021-06,no_snapshot,,,,,,,
CIIE IIM-A,home,2021-07,ok,20210718052759,2021-07-18,https://web.archive.org/web/20210718052759/https://www.iima.ac.in/,ciie_iim_a\ciie_iim_a_2021-07_home.html,ciie_iim_a\ciie_iim_a_2021-07_home.txt,200,
CIIE IIM-A,about,2021-07,no_snapshot,,,,,,,
CIIE IIM-A,home,2021-08,ok,20210804005643,2021-08-04,https://web.archive.org/web/20210804005643/https://www.iima.ac.in/,ciie_iim_a\ciie_iim_a_2021-08_home.html,ciie_iim_a\ciie_iim_a_2021-08_home.txt,200,
CIIE IIM-A,about,2021-08,no_snapshot,,,,,,,
CIIE IIM-A,home,2021-09,ok,20210918204229,2021-09-18,https://web.archive.org/web/20210918204229/https://www.iima.ac.in/,ciie_iim_a\ciie_iim_a_2021-09_home.html,ciie_iim_a\ciie_iim_a_2021-09_home.txt,200,
CIIE IIM-A,about,2021-09,no_snapshot,,,,,,,
CIIE IIM-A,home,2021-10,ok,20211002142247,2021-10-02,https://web.archive.org/web/20211002142247/https://www.iima.ac.in/,ciie_iim_a\ciie_iim_a_2021-10_home.html,ciie_iim_a\ciie_iim_a_2021-10_home.txt,200,
CIIE IIM-A,about,2021-10,no_snapshot,,,,,,,
CIIE IIM-A,home,2021-11,ok,20211104014440,2021-11-04,https://web.archive.org/web/20211104014440/https://www.iima.ac.in/,ciie_iim_a\ciie_iim_a_2021-11_home.html,ciie_iim_a\ciie_iim_a_2021-11_home.txt,200,
CIIE IIM-A,about,2021-11,no_snapshot,,,,,,,
CIIE IIM-A,home,2021-12,ok,20211202162146,2021-12-02,https://web.archive.org/web/20211202162146/https://www.iima.ac.in,ciie_iim_a\ciie_iim_a_2021-12_home.html,ciie_iim_a\ciie_iim_a_2021-12_home.txt,200,
CIIE IIM-A,about,2021-12,no_snapshot,,,,,,,
CIIE IIM-A,home,2022-01,ok,20220105024746,2022-01-05,https://web.archive.org/web/20220105024746/https://www.iima.ac.in/,ciie_iim_a\ciie_iim_a_2022-01_home.html,ciie_iim_a\ciie_iim_a_2022-01_home.txt,200,
CIIE IIM-A,about,2022-01,no_snapshot,,,,,,,
CIIE IIM-A,home,2022-02,ok,20220201102849,2022-02-01,https://web.archive.org/web/20220201102849/https://www.iima.ac.in/,ciie_iim_a\ciie_iim_a_2022-02_home.html,ciie_iim_a\ciie_iim_a_2022-02_home.txt,200,
CIIE IIM-A,about,2022-02,no_snapshot,,,,,,,
CIIE IIM-A,home,2022-03,ok,20220301152926,2022-03-01,https://web.archive.org/web/20220301152926/https://www.iima.ac.in/,ciie_iim_a\ciie_iim_a_2022-03_home.html,ciie_iim_a\ciie_iim_a_2022-03_home.txt,200,
CIIE IIM-A,about,2022-03,no_snapshot,,,,,,,
CIIE IIM-A,home,2022-04,ok,20220401053516,2022-04-01,https://web.archive.org/web/20220401053516/https://www.iima.ac.in/,ciie_iim_a\ciie_iim_a_2022-04_home.html,ciie_iim_a\ciie_iim_a_2022-04_home.txt,200,
CIIE IIM-A,about,2022-04,no_snapshot,,,,,,,
CIIE IIM-A,home,2022-05,ok,20220506082244,2022-05-06,https://web.archive.org/web/20220506082244/https://www.iima.ac.in/,ciie_iim_a\ciie_iim_a_2022-05_home.html,ciie_iim_a\ciie_iim_a_2022-05_home.txt,200,
CIIE IIM-A,about,2022-05,no_snapshot,,,,,,,
CIIE IIM-A,home,2022-06,ok,20220601102510,2022-06-01,https://web.archive.org/web/20220601102510/https://www.iima.ac.in/,ciie_iim_a\ciie_iim_a_2022-06_home.html,ciie_iim_a\ciie_iim_a_2022-06_home.txt,200,
CIIE IIM-A,about,2022-06,no_snapshot,,,,,,,
CIIE IIM-A,home,2022-07,ok,20220701074038,2022-07-01,https://web.archive.org/web/20220701074038/https://www.iima.ac.in,ciie_iim_a\ciie_iim_a_2022-07_home.html,ciie_iim_a\ciie_iim_a_2022-07_home.txt,200,
CIIE IIM-A,about,2022-07,no_snapshot,,,,,,,
CIIE IIM-A,home,2022-08,ok,20220805192344,2022-08-05,https://web.archive.org/web/20220805192344/https://www.iima.ac.in/,ciie_iim_a\ciie_iim_a_2022-08_home.html,ciie_iim_a\ciie_iim_a_2022-08_home.txt,200,
CIIE IIM-A,about,2022-08,no_snapshot,,,,,,,
CIIE IIM-A,home,2022-09,ok,20220901033128,2022-09-01,https://web.archive.org/web/20220901033128/https://www.iima.ac.in/,ciie_iim_a\ciie_iim_a_2022-09_home.html,ciie_iim_a\ciie_iim_a_2022-09_home.txt,200,
CIIE IIM-A,about,2022-09,no_snapshot,,,,,,,
CIIE IIM-A,home,2022-10,ok,20221003112841,2022-10-03,https://web.archive.org/web/20221003112841/https://www.iima.ac.in/,ciie_iim_a\ciie_iim_a_2022-10_home.html,ciie_iim_a\ciie_iim_a_2022-10_home.txt,200,
CIIE IIM-A,about,2022-10,no_snapshot,,,,,,,
CIIE IIM-A,home,2022-11,ok,20221101031210,2022-11-01,https://web.archive.org/web/20221101031210/https://www.iima.ac.in/,ciie_iim_a\ciie_iim_a_2022-11_home.html,ciie_iim_a\ciie_iim_a_2022-11_home.txt,200,
CIIE IIM-A,about,2022-11,no_snapshot,,,,,,,
CIIE IIM-A,home,2022-12,ok,20221201065906,2022-12-01,https://web.archive.org/web/20221201065906/https://iima.ac.in/,ciie_iim_a\ciie_iim_a_2022-12_home.html,ciie_iim_a\ciie_iim_a_2022-12_home.txt,200,
CIIE IIM-A,about,2022-12,ok,20221203190934,2022-12-03,https://web.archive.org/web/20221203190934/https://iima.ac.in/faculty-research/centers/Centre-for-Innovation-Incubation-Entrepreneurship,ciie_iim_a\ciie_iim_a_2022-12_about.html,ciie_iim_a\ciie_iim_a_2022-12_about.txt,200,
CIIE IIM-A,home,2023-01,ok,20230101200624,2023-01-01,https://web.archive.org/web/20230101200624/https://iima.ac.in/,ciie_iim_a\ciie_iim_a_2023-01_home.html,ciie_iim_a\ciie_iim_a_2023-01_home.txt,200,
CIIE IIM-A,about,2023-01,ok,20230119182341,2023-01-19,https://web.archive.org/web/20230119182341/https://iima.ac.in/faculty-research/centers/Centre-for-Innovation-Incubation-Entrepreneurship,ciie_iim_a\ciie_iim_a_2023-01_about.html,ciie_iim_a\ciie_iim_a_2023-01_about.txt,200,
CIIE IIM-A,home,2023-02,ok,20230201075608,2023-02-01,https://web.archive.org/web/20230201075608/https://www.iima.ac.in/,ciie_iim_a\ciie_iim_a_2023-02_home.html,ciie_iim_a\ciie_iim_a_2023-02_home.txt,200,
CIIE IIM-A,about,2023-02,no_snapshot,,,,,,,
CIIE IIM-A,home,2023-03,ok,20230301161820,2023-03-01,https://web.archive.org/web/20230301161820/https://www.iima.ac.in/,ciie_iim_a\ciie_iim_a_2023-03_home.html,ciie_iim_a\ciie_iim_a_2023-03_home.txt,200,
CIIE IIM-A,about,2023-03,ok,20230320212449,2023-03-20,https://web.archive.org/web/20230320212449/https://www.iima.ac.in/faculty-research/centers/Centre-for-Innovation-Incubation-Entrepreneurship,ciie_iim_a\ciie_iim_a_2023-03_about.html,ciie_iim_a\ciie_iim_a_2023-03_about.txt,200,
CIIE IIM-A,home,2023-04,ok,20230401035528,2023-04-01,https://web.archive.org/web/20230401035528/https://www.iima.ac.in/,ciie_iim_a\ciie_iim_a_2023-04_home.html,ciie_iim_a\ciie_iim_a_2023-04_home.txt,200,
CIIE IIM-A,about,2023-04,ok,20230420132253,2023-04-20,https://web.archive.org/web/20230420132253/https://www.iima.ac.in/faculty-research/centers/Centre-for-Innovation-Incubation-Entrepreneurship,ciie_iim_a\ciie_iim_a_2023-04_about.html,ciie_iim_a\ciie_iim_a_2023-04_about.txt,200,
CIIE IIM-A,home,2023-05,ok,20230501032534,2023-05-01,https://web.archive.org/web/20230501032534/https://www.iima.ac.in/,ciie_iim_a\ciie_iim_a_2023-05_home.html,ciie_iim_a\ciie_iim_a_2023-05_home.txt,200,
CIIE IIM-A,about,2023-05,ok,20230528204958,2023-05-28,https://web.archive.org/web/20230528204958/https://www.iima.ac.in/faculty-research/centers/Centre-for-Innovation-Incubation-Entrepreneurship,ciie_iim_a\ciie_iim_a_2023-05_about.html,ciie_iim_a\ciie_iim_a_2023-05_about.txt,200,
CIIE IIM-A,home,2023-06,ok,20230601020953,2023-06-01,https://web.archive.org/web/20230601020953/https://www.iima.ac.in,ciie_iim_a\ciie_iim_a_2023-06_home.html,ciie_iim_a\ciie_iim_a_2023-06_home.txt,200,
CIIE IIM-A,about,2023-06,no_snapshot,,,,,,,
CIIE IIM-A,home,2023-07,ok,20230701052825,2023-07-01,https://web.archive.org/web/20230701052825/https://www.iima.ac.in/,ciie_iim_a\ciie_iim_a_2023-07_home.html,ciie_iim_a\ciie_iim_a_2023-07_home.txt,200,
CIIE IIM-A,about,2023-07,no_snapshot,,,,,,,
CIIE IIM-A,home,2023-08,ok,20230801032207,2023-08-01,https://web.archive.org/web/20230801032207/https://www.iima.ac.in/,ciie_iim_a\ciie_iim_a_2023-08_home.html,ciie_iim_a\ciie_iim_a_2023-08_home.txt,200,
CIIE IIM-A,about,2023-08,ok,20230801050744,2023-08-01,https://web.archive.org/web/20230801050744/https://www.iima.ac.in/faculty-research/centers/Centre-for-Innovation-Incubation-Entrepreneurship,ciie_iim_a\ciie_iim_a_2023-08_about.html,ciie_iim_a\ciie_iim_a_2023-08_about.txt,200,
CIIE IIM-A,home,2023-09,ok,20230901192854,2023-09-01,https://web.archive.org/web/20230901192854/https://www.iima.ac.in/,ciie_iim_a\ciie_iim_a_2023-09_home.html,ciie_iim_a\ciie_iim_a_2023-09_home.txt,200,
CIIE IIM-A,about,2023-09,no_snapshot,,,,,,,
CIIE IIM-A,home,2023-10,ok,20231001142442,2023-10-01,https://web.archive.org/web/20231001142442/https://www.iima.ac.in/,ciie_iim_a\ciie_iim_a_2023-10_home.html,ciie_iim_a\ciie_iim_a_2023-10_home.txt,200,
CIIE IIM-A,about,2023-10,no_snapshot,,,,,,,
CIIE IIM-A,home,2023-11,ok,20231101195850,2023-11-01,https://web.archive.org/web/20231101195850/https://www.iima.ac.in/,ciie_iim_a\ciie_iim_a_2023-11_home.html,ciie_iim_a\ciie_iim_a_2023-11_home.txt,200,
CIIE IIM-A,about,2023-11,no_snapshot,,,,,,,
CIIE IIM-A,home,2023-12,ok,20231202063607,2023-12-02,https://web.archive.org/web/20231202063607/https://www.iima.ac.in/,ciie_iim_a\ciie_iim_a_2023-12_home.html,ciie_iim_a\ciie_iim_a_2023-12_home.txt,200,
CIIE IIM-A,about,2023-12,no_snapshot,,,,,,,
CIIE IIM-A,home,2024-01,ok,20240101145736,2024-01-01,https://web.archive.org/web/20240101145736/https://www.iima.ac.in/,ciie_iim_a\ciie_iim_a_2024-01_home.html,ciie_iim_a\ciie_iim_a_2024-01_home.txt,200,
CIIE IIM-A,about,2024-01,no_snapshot,,,,,,,
CIIE IIM-A,home,2024-02,ok,20240201151316,2024-02-01,https://web.archive.org/web/20240201151316/https://www.iima.ac.in/,ciie_iim_a\ciie_iim_a_2024-02_home.html,ciie_iim_a\ciie_iim_a_2024-02_home.txt,200,
CIIE IIM-A,about,2024-02,ok,20240229063708,2024-02-29,https://web.archive.org/web/20240229063708/https://www.iima.ac.in/faculty-research/centers/Centre-for-Innovation-Incubation-Entrepreneurship,ciie_iim_a\ciie_iim_a_2024-02_about.html,ciie_iim_a\ciie_iim_a_2024-02_about.txt,200,
CIIE IIM-A,home,2024-03,ok,20240302070718,2024-03-02,https://web.archive.org/web/20240302070718/https://www.iima.ac.in/,ciie_iim_a\ciie_iim_a_2024-03_home.html,ciie_iim_a\ciie_iim_a_2024-03_home.txt,200,
CIIE IIM-A,about,2024-03,ok,20240302043026,2024-03-02,https://web.archive.org/web/20240302043026/https://www.iima.ac.in/faculty-research/centers/Centre-for-Innovation-Incubation-Entrepreneurship,ciie_iim_a\ciie_iim_a_2024-03_about.html,ciie_iim_a\ciie_iim_a_2024-03_about.txt,200,
CIIE IIM-A,home,2024-04,ok,20240401015742,2024-04-01,https://web.archive.org/web/20240401015742/https://www.iima.ac.in/,ciie_iim_a\ciie_iim_a_2024-04_home.html,ciie_iim_a\ciie_iim_a_2024-04_home.txt,200,
CIIE IIM-A,about,2024-04,no_snapshot,,,,,,,
CIIE IIM-A,home,2024-05,ok,20240501072422,2024-05-01,https://web.archive.org/web/20240501072422/https://www.iima.ac.in/,ciie_iim_a\ciie_iim_a_2024-05_home.html,ciie_iim_a\ciie_iim_a_2024-05_home.txt,200,
CIIE IIM-A,about,2024-05,no_snapshot,,,,,,,
CIIE IIM-A,home,2024-06,ok,20240601111203,2024-06-01,https://web.archive.org/web/20240601111203/https://www.iima.ac.in/,ciie_iim_a\ciie_iim_a_2024-06_home.html,ciie_iim_a\ciie_iim_a_2024-06_home.txt,200,
CIIE IIM-A,about,2024-06,ok,20240615210939,2024-06-15,https://web.archive.org/web/20240615210939/https://www.iima.ac.in/faculty-research/centers/Centre-for-Innovation-Incubation-Entrepreneurship,ciie_iim_a\ciie_iim_a_2024-06_about.html,ciie_iim_a\ciie_iim_a_2024-06_about.txt,200,
CIIE IIM-A,home,2024-07,ok,20240702125836,2024-07-02,https://web.archive.org/web/20240702125836/https://www.iima.ac.in/,ciie_iim_a\ciie_iim_a_2024-07_home.html,ciie_iim_a\ciie_iim_a_2024-07_home.txt,200,
CIIE IIM-A,about,2024-07,no_snapshot,,,,,,,
CIIE IIM-A,home,2024-08,ok,20240801010613,2024-08-01,https://web.archive.org/web/20240801010613/https://www.iima.ac.in/,ciie_iim_a\ciie_iim_a_2024-08_home.html,ciie_iim_a\ciie_iim_a_2024-08_home.txt,200,
CIIE IIM-A,about,2024-08,no_snapshot,,,,,,,
CIIE IIM-A,home,2024-09,ok,20240901052320,2024-09-01,https://web.archive.org/web/20240901052320/https://www.iima.ac.in/,ciie_iim_a\ciie_iim_a_2024-09_home.html,ciie_iim_a\ciie_iim_a_2024-09_home.txt,200,
CIIE IIM-A,about,2024-09,ok,20240907183011,2024-09-07,https://web.archive.org/web/20240907183011/https://www.iima.ac.in/faculty-research/centers/Centre-for-Innovation-Incubation-Entrepreneurship,ciie_iim_a\ciie_iim_a_2024-09_about.html,ciie_iim_a\ciie_iim_a_2024-09_about.txt,200,
CIIE IIM-A,home,2024-10,ok,20241001024000,2024-10-01,https://web.archive.org/web/20241001024000/https://www.iima.ac.in/,ciie_iim_a\ciie_iim_a_2024-10_home.html,ciie_iim_a\ciie_iim_a_2024-10_home.txt,200,
CIIE IIM-A,about,2024-10,ok,20241010064215,2024-10-10,https://web.archive.org/web/20241010064215/https://www.iima.ac.in/faculty-research/centers/Centre-for-Innovation-Incubation-Entrepreneurship,ciie_iim_a\ciie_iim_a_2024-10_about.html,ciie_iim_a\ciie_iim_a_2024-10_about.txt,200,
CIIE IIM-A,home,2024-11,ok,20241101160659,2024-11-01,https://web.archive.org/web/20241101160659/https://www.iima.ac.in/,ciie_iim_a\ciie_iim_a_2024-11_home.html,ciie_iim_a\ciie_iim_a_2024-11_home.txt,200,
CIIE IIM-A,about,2024-11,no_snapshot,,,,,,,
CIIE IIM-A,home,2024-12,ok,20241201232810,2024-12-01,https://web.archive.org/web/20241201232810/https://www.iima.ac.in/,ciie_iim_a\ciie_iim_a_2024-12_home.html,ciie_iim_a\ciie_iim_a_2024-12_home.txt,200,
CIIE IIM-A,about,2024-12,ok,20241226122825,2024-12-26,https://web.archive.org/web/20241226122825/https://www.iima.ac.in/faculty-research/centers/Centre-for-Innovation-Incubation-Entrepreneurship,ciie_iim_a\ciie_iim_a_2024-12_about.html,ciie_iim_a\ciie_iim_a_2024-12_about.txt,200,
CIIE IIM-A,home,2025-01,ok,20250101074251,2025-01-01,https://web.archive.org/web/20250101074251/https://www.iima.ac.in/,ciie_iim_a\ciie_iim_a_2025-01_home.html,ciie_iim_a\ciie_iim_a_2025-01_home.txt,200,
CIIE IIM-A,about,2025-01,ok,20250114173041,2025-01-14,https://web.archive.org/web/20250114173041/https://www.iima.ac.in/faculty-research/centers/Centre-for-Innovation-Incubation-Entrepreneurship,ciie_iim_a\ciie_iim_a_2025-01_about.html,ciie_iim_a\ciie_iim_a_2025-01_about.txt,200,
CIIE IIM-A,home,2025-02,ok,20250205075325,2025-02-05,https://web.archive.org/web/20250205075325/https://www.iima.ac.in/,ciie_iim_a\ciie_iim_a_2025-02_home.html,ciie_iim_a\ciie_iim_a_2025-02_home.txt,200,
CIIE IIM-A,about,2025-02,no_snapshot,,,,,,,
CIIE IIM-A,home,2025-03,ok,20250301113900,2025-03-01,https://web.archive.org/web/20250301113900/https://www.iima.ac.in/,ciie_iim_a\ciie_iim_a_2025-03_home.html,ciie_iim_a\ciie_iim_a_2025-03_home.txt,200,
CIIE IIM-A,about,2025-03,no_snapshot,,,,,,,
CIIE IIM-A,home,2025-04,ok,20250401005633,2025-04-01,https://web.archive.org/web/20250401005633/https://www.iima.ac.in/,ciie_iim_a\ciie_iim_a_2025-04_home.html,ciie_iim_a\ciie_iim_a_2025-04_home.txt,200,
CIIE IIM-A,about,2025-04,ok,20250419155012,2025-04-19,https://web.archive.org/web/20250419155012/https://www.iima.ac.in/faculty-research/centers/Centre-for-Innovation-Incubation-Entrepreneurship,ciie_iim_a\ciie_iim_a_2025-04_about.html,ciie_iim_a\ciie_iim_a_2025-04_about.txt,200,
CIIE IIM-A,home,2025-05,ok,20250501130816,2025-05-01,https://web.archive.org/web/20250501130816/https://www.iima.ac.in/,ciie_iim_a\ciie_iim_a_2025-05_home.html,ciie_iim_a\ciie_iim_a_2025-05_home.txt,200,
CIIE IIM-A,about,2025-05,ok,20250520181319,2025-05-20,https://web.archive.org/web/20250520181319/https://www.iima.ac.in/faculty-research/centers/Centre-for-Innovation-Incubation-Entrepreneurship,ciie_iim_a\ciie_iim_a_2025-05_about.html,ciie_iim_a\ciie_iim_a_2025-05_about.txt,200,
CIIE IIM-A,home,2025-06,ok,20250601101706,2025-06-01,https://web.archive.org/web/20250601101706/https://www.iima.ac.in/,ciie_iim_a\ciie_iim_a_2025-06_home.html,ciie_iim_a\ciie_iim_a_2025-06_home.txt,200,
CIIE IIM-A,about,2025-06,no_snapshot,,,,,,,
CIIE IIM-A,home,2025-07,ok,20250701163939,2025-07-01,https://web.archive.org/web/20250701163939/https://www.iima.ac.in/,ciie_iim_a\ciie_iim_a_2025-07_home.html,ciie_iim_a\ciie_iim_a_2025-07_home.txt,200,
CIIE IIM-A,about,2025-07,no_snapshot,,,,,,,
CIIE IIM-A,home,2025-08,ok,20250801104901,2025-08-01,https://web.archive.org/web/20250801104901/https://www.iima.ac.in/,ciie_iim_a\ciie_iim_a_2025-08_home.html,ciie_iim_a\ciie_iim_a_2025-08_home.txt,200,
CIIE IIM-A,about,2025-08,ok,20250811145750,2025-08-11,https://web.archive.org/web/20250811145750/https://www.iima.ac.in/faculty-research/centers/Centre-for-Innovation-Incubation-Entrepreneurship,ciie_iim_a\ciie_iim_a_2025-08_about.html,ciie_iim_a\ciie_iim_a_2025-08_about.txt,200,
CIIE IIM-A,home,2025-09,ok,20250901124433,2025-09-01,https://web.archive.org/web/20250901124433/https://www.iima.ac.in/,ciie_iim_a\ciie_iim_a_2025-09_home.html,ciie_iim_a\ciie_iim_a_2025-09_home.txt,200,
CIIE IIM-A,about,2025-09,ok,20250915122611,2025-09-15,https://web.archive.org/web/20250915122611/https://www.iima.ac.in/faculty-research/centers/Centre-for-Innovation-Incubation-Entrepreneurship,ciie_iim_a\ciie_iim_a_2025-09_about.html,ciie_iim_a\ciie_iim_a_2025-09_about.txt,200,
CIIE IIM-A,home,2025-10,ok,20251001225636,2025-10-01,https://web.archive.org/web/20251001225636/https://www.iima.ac.in/,ciie_iim_a\ciie_iim_a_2025-10_home.html,ciie_iim_a\ciie_iim_a_2025-10_home.txt,200,
CIIE IIM-A,about,2025-10,no_snapshot,,,,,,,
CIIE IIM-A,home,2025-11,ok,20251101003441,2025-11-01,https://web.archive.org/web/20251101003441/https://www.iima.ac.in/,ciie_iim_a\ciie_iim_a_2025-11_home.html,ciie_iim_a\ciie_iim_a_2025-11_home.txt,200,
CIIE IIM-A,about,2025-11,ok,20251117075647,2025-11-17,https://web.archive.org/web/20251117075647/https://www.iima.ac.in/faculty-research/centers/Centre-for-Innovation-Incubation-Entrepreneurship,ciie_iim_a\ciie_iim_a_2025-11_about.html,ciie_iim_a\ciie_iim_a_2025-11_about.txt,200,
CIIE IIM-A,home,2025-12,ok,20251201003216,2025-12-01,https://web.archive.org/web/20251201003216/https://www.iima.ac.in/,ciie_iim_a\ciie_iim_a_2025-12_home.html,ciie_iim_a\ciie_iim_a_2025-12_home.txt,200,
CIIE IIM-A,about,2025-12,no_snapshot,,,,,,,
CIIE IIM-A,home,2026-01,ok,20260101005538,2026-01-01,https://web.archive.org/web/20260101005538/https://www.iima.ac.in/,ciie_iim_a\ciie_iim_a_2026-01_home.html,ciie_iim_a\ciie_iim_a_2026-01_home.txt,200,
CIIE IIM-A,about,2026-01,ok,20260119103435,2026-01-19,https://web.archive.org/web/20260119103435/https://iima.ac.in/faculty-research/centers/Centre-for-Innovation-Incubation-Entrepreneurship,ciie_iim_a\ciie_iim_a_2026-01_about.html,ciie_iim_a\ciie_iim_a_2026-01_about.txt,200,
CIIE IIM-A,home,2026-02,ok,20260201100939,2026-02-01,https://web.archive.org/web/20260201100939/https://www.iima.ac.in/,ciie_iim_a\ciie_iim_a_2026-02_home.html,ciie_iim_a\ciie_iim_a_2026-02_home.txt,200,
CIIE IIM-A,about,2026-02,no_snapshot,,,,,,,
CIIE IIM-A,home,2026-03,ok,20260301075950,2026-03-01,https://web.archive.org/web/20260301075950/https://www.iima.ac.in/,ciie_iim_a\ciie_iim_a_2026-03_home.html,ciie_iim_a\ciie_iim_a_2026-03_home.txt,200,
CIIE IIM-A,about,2026-03,ok,20260309222813,2026-03-09,https://web.archive.org/web/20260309222813/https://www.iima.ac.in/faculty-research/centers/Centre-for-Innovation-Incubation-Entrepreneurship,ciie_iim_a\ciie_iim_a_2026-03_about.html,ciie_iim_a\ciie_iim_a_2026-03_about.txt,200,
CIIE IIM-A,home,2026-04,ok,20260401221139,2026-04-01,https://web.archive.org/web/20260401221139/https://www.iima.ac.in/,ciie_iim_a\ciie_iim_a_2026-04_home.html,ciie_iim_a\ciie_iim_a_2026-04_home.txt,200,
CIIE IIM-A,about,2026-04,no_snapshot,,,,,,,
CIIE IIM-A,home,2026-05,ok,20260501100935,2026-05-01,https://web.archive.org/web/20260501100935/https://www.iima.ac.in/,ciie_iim_a\ciie_iim_a_2026-05_home.html,ciie_iim_a\ciie_iim_a_2026-05_home.txt,200,
CIIE IIM-A,about,2026-05,no_snapshot,,,,,,,
CIIE IIM-A,home,2026-06,ok,20260603071118,2026-06-03,https://web.archive.org/web/20260603071118/https://www.iima.ac.in/,ciie_iim_a\ciie_iim_a_2026-06_home.html,ciie_iim_a\ciie_iim_a_2026-06_home.txt,200,
CIIE IIM-A,about,2026-06,ok,20260607235105,2026-06-07,https://web.archive.org/web/20260607235105/https://www.iima.ac.in/faculty-research/centers/Centre-for-Innovation-Incubation-Entrepreneurship,ciie_iim_a\ciie_iim_a_2026-06_about.html,ciie_iim_a\ciie_iim_a_2026-06_about.txt,200,
CIIE IIM-A,home,2026-07,ok,20260714144258,2026-07-14,https://web.archive.org/web/20260714144258/https://www.iima.ac.in/,ciie_iim_a\ciie_iim_a_2026-07_home.html,ciie_iim_a\ciie_iim_a_2026-07_home.txt,200,
CIIE IIM-A,about,2026-07,no_snapshot,,,,,,,
CIIE IIM-A,home,2026-08,ok,20260823162518,2026-08-23,https://web.archive.org/web/20260823162518/https://www.iima.ac.in/,ciie_iim_a\ciie_iim_a_2026-08_home.html,ciie_iim_a\ciie_iim_a_2026-08_home.txt,200,
CIIE IIM-A,about,2026-08,ok,20260813011618,2026-08-13,https://web.archive.org/web/20260813011618/https://www.iima.ac.in/faculty-research/centers/Centre-for-Innovation-Incubation-Entrepreneurship,ciie_iim_a\ciie_iim_a_2026-08_about.html,ciie_iim_a\ciie_iim_a_2026-08_about.txt,200,
CIIE IIM-A,home,2026-09,ok,20260911175153,2026-09-11,https://web.archive.org/web/20260911175153/https://www.iima.ac.in/,ciie_iim_a\ciie_iim_a_2026-09_home.html,ciie_iim_a\ciie_iim_a_2026-09_home.txt,200,
CIIE IIM-A,about,2026-09,no_snapshot,,,,,,,
T-Hub,home,2017-01,ok,20170119035743,2017-01-19,https://web.archive.org/web/20170119035743/http://www.t-hub.co/,t_hub\t_hub_2017-01_home.html,t_hub\t_hub_2017-01_home.txt,200,
T-Hub,about,2017-01,no_snapshot,,,,,,,
T-Hub,home,2017-02,ok,20170207031913,2017-02-07,https://web.archive.org/web/20170207031913/http://www.t-hub.co/,t_hub\t_hub_2017-02_home.html,t_hub\t_hub_2017-02_home.txt,200,
T-Hub,about,2017-02,no_snapshot,,,,,,,
T-Hub,home,2017-03,no_snapshot,,,,,,,
T-Hub,about,2017-03,no_snapshot,,,,,,,
T-Hub,home,2017-04,no_snapshot,,,,,,,
T-Hub,about,2017-04,no_snapshot,,,,,,,
T-Hub,home,2017-05,no_snapshot,,,,,,,
T-Hub,about,2017-05,no_snapshot,,,,,,,
T-Hub,home,2017-06,ok,20170603205912,2017-06-03,https://web.archive.org/web/20170603205912/http://t-hub.co/,t_hub\t_hub_2017-06_home.html,t_hub\t_hub_2017-06_home.txt,200,
T-Hub,about,2017-06,no_snapshot,,,,,,,
T-Hub,home,2017-07,ok,20170711024211,2017-07-11,https://web.archive.org/web/20170711024211/https://www.t-hub.co/,t_hub\t_hub_2017-07_home.html,t_hub\t_hub_2017-07_home.txt,200,
T-Hub,about,2017-07,no_snapshot,,,,,,,
T-Hub,home,2017-08,ok,20170821125337,2017-08-21,https://web.archive.org/web/20170821125337/https://t-hub.co/,t_hub\t_hub_2017-08_home.html,t_hub\t_hub_2017-08_home.txt,200,
T-Hub,about,2017-08,no_snapshot,,,,,,,
T-Hub,home,2017-09,ok,20170902115017,2017-09-02,https://web.archive.org/web/20170902115017/https://t-hub.co/,t_hub\t_hub_2017-09_home.html,t_hub\t_hub_2017-09_home.txt,200,
T-Hub,about,2017-09,no_snapshot,,,,,,,
T-Hub,home,2017-10,ok,20171001123304,2017-10-01,https://web.archive.org/web/20171001123304/https://t-hub.co/,t_hub\t_hub_2017-10_home.html,t_hub\t_hub_2017-10_home.txt,200,
T-Hub,about,2017-10,no_snapshot,,,,,,,
T-Hub,home,2017-11,ok,20171106153433,2017-11-06,https://web.archive.org/web/20171106153433/https://t-hub.co/,t_hub\t_hub_2017-11_home.html,t_hub\t_hub_2017-11_home.txt,200,
T-Hub,about,2017-11,no_snapshot,,,,,,,
T-Hub,home,2017-12,no_snapshot,,,,,,,
T-Hub,about,2017-12,no_snapshot,,,,,,,
T-Hub,home,2018-01,ok,20180125030318,2018-01-25,https://web.archive.org/web/20180125030318/https://t-hub.co/,t_hub\t_hub_2018-01_home.html,t_hub\t_hub_2018-01_home.txt,200,
T-Hub,about,2018-01,no_snapshot,,,,,,,
T-Hub,home,2018-02,ok,20180224081029,2018-02-24,https://web.archive.org/web/20180224081029/https://t-hub.co/,t_hub\t_hub_2018-02_home.html,t_hub\t_hub_2018-02_home.txt,200,
T-Hub,about,2018-02,no_snapshot,,,,,,,
T-Hub,home,2018-03,no_snapshot,,,,,,,
T-Hub,about,2018-03,no_snapshot,,,,,,,
T-Hub,home,2018-04,no_snapshot,,,,,,,
T-Hub,about,2018-04,no_snapshot,,,,,,,
T-Hub,home,2018-05,no_snapshot,,,,,,,
T-Hub,about,2018-05,no_snapshot,,,,,,,
T-Hub,home,2018-06,no_snapshot,,,,,,,
T-Hub,about,2018-06,no_snapshot,,,,,,,
T-Hub,home,2018-07,ok,20180724130057,2018-07-24,https://web.archive.org/web/20180724130057/https://t-hub.co/,t_hub\t_hub_2018-07_home.html,t_hub\t_hub_2018-07_home.txt,200,
T-Hub,about,2018-07,no_snapshot,,,,,,,
T-Hub,home,2018-08,ok,20180815225610,2018-08-15,https://web.archive.org/web/20180815225610/https://t-hub.co/,t_hub\t_hub_2018-08_home.html,t_hub\t_hub_2018-08_home.txt,200,
T-Hub,about,2018-08,no_snapshot,,,,,,,
T-Hub,home,2018-09,ok,20180921045250,2018-09-21,https://web.archive.org/web/20180921045250/https://www.t-hub.co/,t_hub\t_hub_2018-09_home.html,t_hub\t_hub_2018-09_home.txt,200,
T-Hub,about,2018-09,no_snapshot,,,,,,,
T-Hub,home,2018-10,no_snapshot,,,,,,,
T-Hub,about,2018-10,no_snapshot,,,,,,,
T-Hub,home,2018-11,no_snapshot,,,,,,,
T-Hub,about,2018-11,no_snapshot,,,,,,,
T-Hub,home,2018-12,no_snapshot,,,,,,,
T-Hub,about,2018-12,no_snapshot,,,,,,,
T-Hub,home,2019-01,ok,20190111202947,2019-01-11,https://web.archive.org/web/20190111202947/https://t-hub.co/,t_hub\t_hub_2019-01_home.html,t_hub\t_hub_2019-01_home.txt,200,
T-Hub,about,2019-01,no_snapshot,,,,,,,
T-Hub,home,2019-02,no_snapshot,,,,,,,
T-Hub,about,2019-02,no_snapshot,,,,,,,
T-Hub,home,2019-03,no_snapshot,,,,,,,
T-Hub,about,2019-03,no_snapshot,,,,,,,
T-Hub,home,2019-04,ok,20190430072504,2019-04-30,https://web.archive.org/web/20190430072504/https://t-hub.co/,t_hub\t_hub_2019-04_home.html,t_hub\t_hub_2019-04_home.txt,200,
T-Hub,about,2019-04,no_snapshot,,,,,,,
T-Hub,home,2019-05,no_snapshot,,,,,,,
T-Hub,about,2019-05,no_snapshot,,,,,,,
T-Hub,home,2019-06,ok,20190607201605,2019-06-07,https://web.archive.org/web/20190607201605/https://www.t-hub.co/,t_hub\t_hub_2019-06_home.html,t_hub\t_hub_2019-06_home.txt,200,
T-Hub,about,2019-06,no_snapshot,,,,,,,
T-Hub,home,2019-07,ok,20190719150904,2019-07-19,https://web.archive.org/web/20190719150904/https://t-hub.co/,t_hub\t_hub_2019-07_home.html,t_hub\t_hub_2019-07_home.txt,200,
T-Hub,about,2019-07,no_snapshot,,,,,,,
T-Hub,home,2019-08,no_snapshot,,,,,,,
T-Hub,about,2019-08,no_snapshot,,,,,,,
T-Hub,home,2019-09,ok,20190918093510,2019-09-18,https://web.archive.org/web/20190918093510/https://t-hub.co/,t_hub\t_hub_2019-09_home.html,t_hub\t_hub_2019-09_home.txt,200,
T-Hub,about,2019-09,ok,20190915100558,2019-09-15,https://web.archive.org/web/20190915100558/https://t-hub.co/about-us/,t_hub\t_hub_2019-09_about.html,t_hub\t_hub_2019-09_about.txt,200,
T-Hub,home,2019-10,ok,20191023022844,2019-10-23,https://web.archive.org/web/20191023022844/https://t-hub.co/,t_hub\t_hub_2019-10_home.html,t_hub\t_hub_2019-10_home.txt,200,
T-Hub,about,2019-10,ok,20191023025516,2019-10-23,https://web.archive.org/web/20191023025516/https://t-hub.co/about-us/,t_hub\t_hub_2019-10_about.html,t_hub\t_hub_2019-10_about.txt,200,
T-Hub,home,2019-11,ok,20191112014637,2019-11-12,https://web.archive.org/web/20191112014637/https://t-hub.co/,t_hub\t_hub_2019-11_home.html,t_hub\t_hub_2019-11_home.txt,200,
T-Hub,about,2019-11,ok,20191112011337,2019-11-12,https://web.archive.org/web/20191112011337/https://t-hub.co/about-us/,t_hub\t_hub_2019-11_about.html,t_hub\t_hub_2019-11_about.txt,200,
T-Hub,home,2019-12,ok,20191214031756,2019-12-14,https://web.archive.org/web/20191214031756/https://t-hub.co/,t_hub\t_hub_2019-12_home.html,t_hub\t_hub_2019-12_home.txt,200,
T-Hub,about,2019-12,ok,20191214024319,2019-12-14,https://web.archive.org/web/20191214024319/https://t-hub.co/about-us/,t_hub\t_hub_2019-12_about.html,t_hub\t_hub_2019-12_about.txt,200,
T-Hub,home,2020-01,ok,20200106051753,2020-01-06,https://web.archive.org/web/20200106051753/https://t-hub.co/,t_hub\t_hub_2020-01_home.html,t_hub\t_hub_2020-01_home.txt,200,
T-Hub,about,2020-01,no_snapshot,,,,,,,
T-Hub,home,2020-02,no_snapshot,,,,,,,
T-Hub,about,2020-02,no_snapshot,,,,,,,
T-Hub,home,2020-03,ok,20200305042145,2020-03-05,https://web.archive.org/web/20200305042145/https://t-hub.co/,t_hub\t_hub_2020-03_home.html,t_hub\t_hub_2020-03_home.txt,200,
T-Hub,about,2020-03,no_snapshot,,,,,,,
T-Hub,home,2020-04,no_snapshot,,,,,,,
T-Hub,about,2020-04,no_snapshot,,,,,,,
T-Hub,home,2020-05,ok,20200518005912,2020-05-18,https://web.archive.org/web/20200518005912/https://t-hub.co/,t_hub\t_hub_2020-05_home.html,t_hub\t_hub_2020-05_home.txt,200,
T-Hub,about,2020-05,no_snapshot,,,,,,,
T-Hub,home,2020-06,ok,20200602050850,2020-06-02,https://web.archive.org/web/20200602050850/https://t-hub.co/,t_hub\t_hub_2020-06_home.html,t_hub\t_hub_2020-06_home.txt,200,
T-Hub,about,2020-06,no_snapshot,,,,,,,
T-Hub,home,2020-07,ok,20200701123744,2020-07-01,https://web.archive.org/web/20200701123744/https://t-hub.co/,t_hub\t_hub_2020-07_home.html,t_hub\t_hub_2020-07_home.txt,200,
T-Hub,about,2020-07,no_snapshot,,,,,,,
T-Hub,home,2020-08,ok,20200803091801,2020-08-03,https://web.archive.org/web/20200803091801/https://t-hub.co/,t_hub\t_hub_2020-08_home.html,t_hub\t_hub_2020-08_home.txt,200,
T-Hub,about,2020-08,ok,20200811215838,2020-08-11,https://web.archive.org/web/20200811215838/https://t-hub.co/about-us/,t_hub\t_hub_2020-08_about.html,t_hub\t_hub_2020-08_about.txt,200,
T-Hub,home,2020-09,ok,20200921071922,2020-09-21,https://web.archive.org/web/20200921071922/https://t-hub.co/,t_hub\t_hub_2020-09_home.html,t_hub\t_hub_2020-09_home.txt,200,
T-Hub,about,2020-09,ok,20200924113735,2020-09-24,https://web.archive.org/web/20200924113735/https://t-hub.co/about-us/,t_hub\t_hub_2020-09_about.html,t_hub\t_hub_2020-09_about.txt,200,
T-Hub,home,2020-10,no_snapshot,,,,,,,
T-Hub,about,2020-10,no_snapshot,,,,,,,
T-Hub,home,2020-11,ok,20201101080457,2020-11-01,https://web.archive.org/web/20201101080457/https://t-hub.co/,t_hub\t_hub_2020-11_home.html,t_hub\t_hub_2020-11_home.txt,200,
T-Hub,about,2020-11,no_snapshot,,,,,,,
T-Hub,home,2020-12,no_snapshot,,,,,,,
T-Hub,about,2020-12,no_snapshot,,,,,,,
T-Hub,home,2021-01,ok,20210107022246,2021-01-07,https://web.archive.org/web/20210107022246/https://t-hub.co/,t_hub\t_hub_2021-01_home.html,t_hub\t_hub_2021-01_home.txt,200,
T-Hub,about,2021-01,no_snapshot,,,,,,,
T-Hub,home,2021-02,ok,20210220183535,2021-02-20,https://web.archive.org/web/20210220183535/https://t-hub.co/,t_hub\t_hub_2021-02_home.html,t_hub\t_hub_2021-02_home.txt,200,
T-Hub,about,2021-02,no_snapshot,,,,,,,
T-Hub,home,2021-03,no_snapshot,,,,,,,
T-Hub,about,2021-03,no_snapshot,,,,,,,
T-Hub,home,2021-04,ok,20210418184820,2021-04-18,https://web.archive.org/web/20210418184820/https://t-hub.co/,t_hub\t_hub_2021-04_home.html,t_hub\t_hub_2021-04_home.txt,200,
T-Hub,about,2021-04,no_snapshot,,,,,,,
T-Hub,home,2021-05,no_snapshot,,,,,,,
T-Hub,about,2021-05,no_snapshot,,,,,,,
T-Hub,home,2021-06,ok,20210618233340,2021-06-18,https://web.archive.org/web/20210618233340/https://t-hub.co/,t_hub\t_hub_2021-06_home.html,t_hub\t_hub_2021-06_home.txt,200,
T-Hub,about,2021-06,no_snapshot,,,,,,,
T-Hub,home,2021-07,no_snapshot,,,,,,,
T-Hub,about,2021-07,no_snapshot,,,,,,,
T-Hub,home,2021-08,ok,20210802122121,2021-08-02,https://web.archive.org/web/20210802122121/https://t-hub.co/,t_hub\t_hub_2021-08_home.html,t_hub\t_hub_2021-08_home.txt,200,
T-Hub,about,2021-08,ok,20210811230431,2021-08-11,https://web.archive.org/web/20210811230431/https://t-hub.co/about-us/,t_hub\t_hub_2021-08_about.html,t_hub\t_hub_2021-08_about.txt,200,
T-Hub,home,2021-09,ok,20210914074206,2021-09-14,https://web.archive.org/web/20210914074206/https://t-hub.co/,t_hub\t_hub_2021-09_home.html,t_hub\t_hub_2021-09_home.txt,200,
T-Hub,about,2021-09,no_snapshot,,,,,,,
T-Hub,home,2021-10,no_snapshot,,,,,,,
T-Hub,about,2021-10,no_snapshot,,,,,,,
T-Hub,home,2021-11,no_snapshot,,,,,,,
T-Hub,about,2021-11,no_snapshot,,,,,,,
T-Hub,home,2021-12,ok,20211205211542,2021-12-05,https://web.archive.org/web/20211205211542/https://t-hub.co/,t_hub\t_hub_2021-12_home.html,t_hub\t_hub_2021-12_home.txt,200,
T-Hub,about,2021-12,no_snapshot,,,,,,,
T-Hub,home,2022-01,ok,20220119001812,2022-01-19,https://web.archive.org/web/20220119001812/https://t-hub.co/,t_hub\t_hub_2022-01_home.html,t_hub\t_hub_2022-01_home.txt,200,
T-Hub,about,2022-01,ok,20220124133151,2022-01-24,https://web.archive.org/web/20220124133151/https://t-hub.co/about-us/,t_hub\t_hub_2022-01_about.html,t_hub\t_hub_2022-01_about.txt,200,
T-Hub,home,2022-02,ok,20220201064105,2022-02-01,https://web.archive.org/web/20220201064105/https://t-hub.co/,t_hub\t_hub_2022-02_home.html,t_hub\t_hub_2022-02_home.txt,200,
T-Hub,about,2022-02,no_snapshot,,,,,,,
T-Hub,home,2022-03,ok,20220302151809,2022-03-02,https://web.archive.org/web/20220302151809/https://t-hub.co/,t_hub\t_hub_2022-03_home.html,t_hub\t_hub_2022-03_home.txt,200,
T-Hub,about,2022-03,ok,20220330132718,2022-03-30,https://web.archive.org/web/20220330132718/https://t-hub.co/about-us/,t_hub\t_hub_2022-03_about.html,t_hub\t_hub_2022-03_about.txt,200,
T-Hub,home,2022-04,ok,20220401053548,2022-04-01,https://web.archive.org/web/20220401053548/https://t-hub.co/,t_hub\t_hub_2022-04_home.html,t_hub\t_hub_2022-04_home.txt,200,
T-Hub,about,2022-04,lookup_error,,,,,,,Failed after 3 attempts: timed out
T-Hub,home,2022-05,ok,20220502104809,2022-05-02,https://web.archive.org/web/20220502104809/https://t-hub.co/,t_hub\t_hub_2022-05_home.html,t_hub\t_hub_2022-05_home.txt,200,
T-Hub,about,2022-05,ok,20220516091231,2022-05-16,https://web.archive.org/web/20220516091231/https://t-hub.co/about-us/,t_hub\t_hub_2022-05_about.html,t_hub\t_hub_2022-05_about.txt,200,
T-Hub,home,2022-06,ok,20220614100654,2022-06-14,https://web.archive.org/web/20220614100654/https://t-hub.co/,t_hub\t_hub_2022-06_home.html,t_hub\t_hub_2022-06_home.txt,200,
T-Hub,about,2022-06,no_snapshot,,,,,,,
T-Hub,home,2022-07,ok,20220712154837,2022-07-12,https://web.archive.org/web/20220712154837/https://t-hub.co/,t_hub\t_hub_2022-07_home.html,t_hub\t_hub_2022-07_home.txt,200,
T-Hub,about,2022-07,no_snapshot,,,,,,,
T-Hub,home,2022-08,ok,20220804065348,2022-08-04,https://web.archive.org/web/20220804065348/https://t-hub.co/,t_hub\t_hub_2022-08_home.html,t_hub\t_hub_2022-08_home.txt,200,
T-Hub,about,2022-08,no_snapshot,,,,,,,
T-Hub,home,2022-09,ok,20220902131425,2022-09-02,https://web.archive.org/web/20220902131425/https://t-hub.co/,t_hub\t_hub_2022-09_home.html,t_hub\t_hub_2022-09_home.txt,200,
T-Hub,about,2022-09,no_snapshot,,,,,,,
T-Hub,home,2022-10,ok,20221008135609,2022-10-08,https://web.archive.org/web/20221008135609/https://t-hub.co/,t_hub\t_hub_2022-10_home.html,t_hub\t_hub_2022-10_home.txt,200,
T-Hub,about,2022-10,no_snapshot,,,,,,,
T-Hub,home,2022-11,ok,20221105145815,2022-11-05,https://web.archive.org/web/20221105145815/https://t-hub.co/,t_hub\t_hub_2022-11_home.html,t_hub\t_hub_2022-11_home.txt,200,
T-Hub,about,2022-11,no_snapshot,,,,,,,
T-Hub,home,2022-12,ok,20221204065448,2022-12-04,https://web.archive.org/web/20221204065448/https://t-hub.co/,t_hub\t_hub_2022-12_home.html,t_hub\t_hub_2022-12_home.txt,200,
T-Hub,about,2022-12,no_snapshot,,,,,,,
T-Hub,home,2023-01,ok,20230111064257,2023-01-11,https://web.archive.org/web/20230111064257/https://t-hub.co/,t_hub\t_hub_2023-01_home.html,t_hub\t_hub_2023-01_home.txt,200,
T-Hub,about,2023-01,no_snapshot,,,,,,,
T-Hub,home,2023-02,ok,20230202111251,2023-02-02,https://web.archive.org/web/20230202111251/https://t-hub.co/,t_hub\t_hub_2023-02_home.html,t_hub\t_hub_2023-02_home.txt,200,
T-Hub,about,2023-02,ok,20230207233825,2023-02-07,https://web.archive.org/web/20230207233825/https://t-hub.co/about-us,t_hub\t_hub_2023-02_about.html,t_hub\t_hub_2023-02_about.txt,200,
T-Hub,home,2023-03,ok,20230308125952,2023-03-08,https://web.archive.org/web/20230308125952/https://t-hub.co/,t_hub\t_hub_2023-03_home.html,t_hub\t_hub_2023-03_home.txt,200,
T-Hub,about,2023-03,ok,20230319230236,2023-03-19,https://web.archive.org/web/20230319230236/https://t-hub.co/about-us,t_hub\t_hub_2023-03_about.html,t_hub\t_hub_2023-03_about.txt,200,
T-Hub,home,2023-04,ok,20230402205807,2023-04-02,https://web.archive.org/web/20230402205807/https://t-hub.co/,t_hub\t_hub_2023-04_home.html,t_hub\t_hub_2023-04_home.txt,200,
T-Hub,about,2023-04,ok,20230403063346,2023-04-03,https://web.archive.org/web/20230403063346/https://t-hub.co/about-us,t_hub\t_hub_2023-04_about.html,t_hub\t_hub_2023-04_about.txt,200,
T-Hub,home,2023-05,download_error,20230501140317,2023-05-01,https://web.archive.org/web/20230501140317/https://t-hub.co/,,,500,Unexpected HTTP status 500 fetching archived copy
T-Hub,about,2023-05,ok,20230501212005,2023-05-01,https://web.archive.org/web/20230501212005/https://t-hub.co/about-us,t_hub\t_hub_2023-05_about.html,t_hub\t_hub_2023-05_about.txt,200,
T-Hub,home,2023-06,ok,20230601113934,2023-06-01,https://web.archive.org/web/20230601113934/https://t-hub.co/,t_hub\t_hub_2023-06_home.html,t_hub\t_hub_2023-06_home.txt,200,
T-Hub,about,2023-06,ok,20230601120137,2023-06-01,https://web.archive.org/web/20230601120137/https://t-hub.co/about-us,t_hub\t_hub_2023-06_about.html,t_hub\t_hub_2023-06_about.txt,200,
T-Hub,home,2023-07,no_snapshot,,,,,,,
T-Hub,about,2023-07,no_snapshot,,,,,,,
T-Hub,home,2023-08,no_snapshot,,,,,,,
T-Hub,about,2023-08,no_snapshot,,,,,,,
T-Hub,home,2023-09,no_snapshot,,,,,,,
T-Hub,about,2023-09,no_snapshot,,,,,,,
T-Hub,home,2023-10,no_snapshot,,,,,,,
T-Hub,about,2023-10,no_snapshot,,,,,,,
T-Hub,home,2023-11,no_snapshot,,,,,,,
T-Hub,about,2023-11,no_snapshot,,,,,,,
T-Hub,home,2023-12,no_snapshot,,,,,,,
T-Hub,about,2023-12,no_snapshot,,,,,,,
T-Hub,home,2024-01,ok,20240114193244,2024-01-14,https://web.archive.org/web/20240114193244/https://www.t-hub.co/,t_hub\t_hub_2024-01_home.html,t_hub\t_hub_2024-01_home.txt,200,
T-Hub,about,2024-01,no_snapshot,,,,,,,
T-Hub,home,2024-02,ok,20240221210804,2024-02-21,https://web.archive.org/web/20240221210804/https://t-hub.co/,t_hub\t_hub_2024-02_home.html,t_hub\t_hub_2024-02_home.txt,200,
T-Hub,about,2024-02,no_snapshot,,,,,,,
T-Hub,home,2024-03,ok,20240302002656,2024-03-02,https://web.archive.org/web/20240302002656/https://t-hub.co/,t_hub\t_hub_2024-03_home.html,t_hub\t_hub_2024-03_home.txt,200,
T-Hub,about,2024-03,ok,20240305012220,2024-03-05,https://web.archive.org/web/20240305012220/https://t-hub.co/about-us/,t_hub\t_hub_2024-03_about.html,t_hub\t_hub_2024-03_about.txt,200,
T-Hub,home,2024-04,ok,20240410015905,2024-04-10,https://web.archive.org/web/20240410015905/https://t-hub.co/,t_hub\t_hub_2024-04_home.html,t_hub\t_hub_2024-04_home.txt,200,
T-Hub,about,2024-04,ok,20240410020357,2024-04-10,https://web.archive.org/web/20240410020357/https://t-hub.co/about-us/,t_hub\t_hub_2024-04_about.html,t_hub\t_hub_2024-04_about.txt,200,
T-Hub,home,2024-05,ok,20240502195802,2024-05-02,https://web.archive.org/web/20240502195802/https://t-hub.co/,t_hub\t_hub_2024-05_home.html,t_hub\t_hub_2024-05_home.txt,200,
T-Hub,about,2024-05,ok,20240504005105,2024-05-04,https://web.archive.org/web/20240504005105/https://t-hub.co/about-us/,t_hub\t_hub_2024-05_about.html,t_hub\t_hub_2024-05_about.txt,200,
T-Hub,home,2024-06,ok,20240612231557,2024-06-12,https://web.archive.org/web/20240612231557/https://t-hub.co/,t_hub\t_hub_2024-06_home.html,t_hub\t_hub_2024-06_home.txt,200,
T-Hub,about,2024-06,ok,20240612234847,2024-06-12,https://web.archive.org/web/20240612234847/https://t-hub.co/about-us/,t_hub\t_hub_2024-06_about.html,t_hub\t_hub_2024-06_about.txt,200,
T-Hub,home,2024-07,ok,20240704155028,2024-07-04,https://web.archive.org/web/20240704155028/https://t-hub.co/,t_hub\t_hub_2024-07_home.html,t_hub\t_hub_2024-07_home.txt,200,
T-Hub,about,2024-07,ok,20240704163616,2024-07-04,https://web.archive.org/web/20240704163616/https://t-hub.co/about-us/,t_hub\t_hub_2024-07_about.html,t_hub\t_hub_2024-07_about.txt,200,
T-Hub,home,2024-08,ok,20240809063643,2024-08-09,https://web.archive.org/web/20240809063643/https://t-hub.co/,t_hub\t_hub_2024-08_home.html,t_hub\t_hub_2024-08_home.txt,200,
T-Hub,about,2024-08,ok,20240809055424,2024-08-09,https://web.archive.org/web/20240809055424/https://t-hub.co/about-us/,t_hub\t_hub_2024-08_about.html,t_hub\t_hub_2024-08_about.txt,200,
T-Hub,home,2024-09,ok,20240909052106,2024-09-09,https://web.archive.org/web/20240909052106/https://t-hub.co/,t_hub\t_hub_2024-09_home.html,t_hub\t_hub_2024-09_home.txt,200,
T-Hub,about,2024-09,ok,20240908230141,2024-09-08,https://web.archive.org/web/20240908230141/https://t-hub.co/about-us/,t_hub\t_hub_2024-09_about.html,t_hub\t_hub_2024-09_about.txt,200,
T-Hub,home,2024-10,ok,20241002060153,2024-10-02,https://web.archive.org/web/20241002060153/https://t-hub.co/,t_hub\t_hub_2024-10_home.html,t_hub\t_hub_2024-10_home.txt,200,
T-Hub,about,2024-10,ok,20241002060236,2024-10-02,https://web.archive.org/web/20241002060236/https://t-hub.co/about-us/,t_hub\t_hub_2024-10_about.html,t_hub\t_hub_2024-10_about.txt,200,
T-Hub,home,2024-11,ok,20241101135806,2024-11-01,https://web.archive.org/web/20241101135806/https://t-hub.co/,t_hub\t_hub_2024-11_home.html,t_hub\t_hub_2024-11_home.txt,200,
T-Hub,about,2024-11,ok,20241107012332,2024-11-07,https://web.archive.org/web/20241107012332/https://t-hub.co/about-us/,t_hub\t_hub_2024-11_about.html,t_hub\t_hub_2024-11_about.txt,200,
T-Hub,home,2024-12,ok,20241211195746,2024-12-11,https://web.archive.org/web/20241211195746/https://t-hub.co/,t_hub\t_hub_2024-12_home.html,t_hub\t_hub_2024-12_home.txt,200,
T-Hub,about,2024-12,no_snapshot,,,,,,,
T-Hub,home,2025-01,ok,20250101044124,2025-01-01,https://web.archive.org/web/20250101044124/https://t-hub.co/,t_hub\t_hub_2025-01_home.html,t_hub\t_hub_2025-01_home.txt,200,
T-Hub,about,2025-01,ok,20250119201821,2025-01-19,https://web.archive.org/web/20250119201821/https://t-hub.co/about-us/,t_hub\t_hub_2025-01_about.html,t_hub\t_hub_2025-01_about.txt,200,
T-Hub,home,2025-02,ok,20250210164957,2025-02-10,https://web.archive.org/web/20250210164957/https://t-hub.co/,t_hub\t_hub_2025-02_home.html,t_hub\t_hub_2025-02_home.txt,200,
T-Hub,about,2025-02,ok,20250217063524,2025-02-17,https://web.archive.org/web/20250217063524/https://t-hub.co/about-us/,t_hub\t_hub_2025-02_about.html,t_hub\t_hub_2025-02_about.txt,200,
T-Hub,home,2025-03,ok,20250304211517,2025-03-04,https://web.archive.org/web/20250304211517/https://t-hub.co/,t_hub\t_hub_2025-03_home.html,t_hub\t_hub_2025-03_home.txt,200,
T-Hub,about,2025-03,ok,20250315134225,2025-03-15,https://web.archive.org/web/20250315134225/https://t-hub.co/about-us/,t_hub\t_hub_2025-03_about.html,t_hub\t_hub_2025-03_about.txt,200,
T-Hub,home,2025-04,ok,20250402154000,2025-04-02,https://web.archive.org/web/20250402154000/https://t-hub.co/,t_hub\t_hub_2025-04_home.html,t_hub\t_hub_2025-04_home.txt,200,
T-Hub,about,2025-04,ok,20250404185248,2025-04-04,https://web.archive.org/web/20250404185248/https://t-hub.co/about-us/,t_hub\t_hub_2025-04_about.html,t_hub\t_hub_2025-04_about.txt,200,
T-Hub,home,2025-05,ok,20250513105651,2025-05-13,https://web.archive.org/web/20250513105651/https://t-hub.co/,t_hub\t_hub_2025-05_home.html,t_hub\t_hub_2025-05_home.txt,200,
T-Hub,about,2025-05,ok,20250513105847,2025-05-13,https://web.archive.org/web/20250513105847/https://t-hub.co/about-us/,t_hub\t_hub_2025-05_about.html,t_hub\t_hub_2025-05_about.txt,200,
T-Hub,home,2025-06,ok,20250602031033,2025-06-02,https://web.archive.org/web/20250602031033/https://t-hub.co/,t_hub\t_hub_2025-06_home.html,t_hub\t_hub_2025-06_home.txt,200,
T-Hub,about,2025-06,ok,20250602031133,2025-06-02,https://web.archive.org/web/20250602031133/https://t-hub.co/about-us/,t_hub\t_hub_2025-06_about.html,t_hub\t_hub_2025-06_about.txt,200,
T-Hub,home,2025-07,ok,20250706195609,2025-07-06,https://web.archive.org/web/20250706195609/https://t-hub.co/,t_hub\t_hub_2025-07_home.html,t_hub\t_hub_2025-07_home.txt,200,
T-Hub,about,2025-07,ok,20250706205330,2025-07-06,https://web.archive.org/web/20250706205330/https://t-hub.co/about-us/,t_hub\t_hub_2025-07_about.html,t_hub\t_hub_2025-07_about.txt,200,
T-Hub,home,2025-08,ok,20250804202852,2025-08-04,https://web.archive.org/web/20250804202852/https://t-hub.co/,t_hub\t_hub_2025-08_home.html,t_hub\t_hub_2025-08_home.txt,200,
T-Hub,about,2025-08,ok,20250804203109,2025-08-04,https://web.archive.org/web/20250804203109/https://t-hub.co/about-us/,t_hub\t_hub_2025-08_about.html,t_hub\t_hub_2025-08_about.txt,200,
T-Hub,home,2025-09,ok,20250902131617,2025-09-02,https://web.archive.org/web/20250902131617/https://t-hub.co/,t_hub\t_hub_2025-09_home.html,t_hub\t_hub_2025-09_home.txt,200,
T-Hub,about,2025-09,ok,20250909040846,2025-09-09,https://web.archive.org/web/20250909040846/https://t-hub.co/about-us/,t_hub\t_hub_2025-09_about.html,t_hub\t_hub_2025-09_about.txt,200,
T-Hub,home,2025-10,ok,20251012083205,2025-10-12,https://web.archive.org/web/20251012083205/https://t-hub.co/,t_hub\t_hub_2025-10_home.html,t_hub\t_hub_2025-10_home.txt,200,
T-Hub,about,2025-10,ok,20251012083242,2025-10-12,https://web.archive.org/web/20251012083242/https://t-hub.co/about-us/,t_hub\t_hub_2025-10_about.html,t_hub\t_hub_2025-10_about.txt,200,
T-Hub,home,2025-11,ok,20251106060840,2025-11-06,https://web.archive.org/web/20251106060840/https://t-hub.co/,t_hub\t_hub_2025-11_home.html,t_hub\t_hub_2025-11_home.txt,200,
T-Hub,about,2025-11,ok,20251106081211,2025-11-06,https://web.archive.org/web/20251106081211/https://t-hub.co/about-us/,t_hub\t_hub_2025-11_about.html,t_hub\t_hub_2025-11_about.txt,200,
T-Hub,home,2025-12,ok,20251206122049,2025-12-06,https://web.archive.org/web/20251206122049/https://t-hub.co/,t_hub\t_hub_2025-12_home.html,t_hub\t_hub_2025-12_home.txt,200,
T-Hub,about,2025-12,ok,20251206135351,2025-12-06,https://web.archive.org/web/20251206135351/https://t-hub.co/about-us/,t_hub\t_hub_2025-12_about.html,t_hub\t_hub_2025-12_about.txt,200,
T-Hub,home,2026-01,ok,20260104160043,2026-01-04,https://web.archive.org/web/20260104160043/https://t-hub.co/,t_hub\t_hub_2026-01_home.html,t_hub\t_hub_2026-01_home.txt,200,
T-Hub,about,2026-01,ok,20260104160859,2026-01-04,https://web.archive.org/web/20260104160859/https://t-hub.co/about-us/,t_hub\t_hub_2026-01_about.html,t_hub\t_hub_2026-01_about.txt,200,
T-Hub,home,2026-02,ok,20260208131053,2026-02-08,https://web.archive.org/web/20260208131053/https://t-hub.co/,t_hub\t_hub_2026-02_home.html,t_hub\t_hub_2026-02_home.txt,200,
T-Hub,about,2026-02,ok,20260208131555,2026-02-08,https://web.archive.org/web/20260208131555/https://t-hub.co/about-us/,t_hub\t_hub_2026-02_about.html,t_hub\t_hub_2026-02_about.txt,200,
T-Hub,home,2026-03,ok,20260301014156,2026-03-01,https://web.archive.org/web/20260301014156/https://t-hub.co/,t_hub\t_hub_2026-03_home.html,t_hub\t_hub_2026-03_home.txt,200,
T-Hub,about,2026-03,ok,20260301015541,2026-03-01,https://web.archive.org/web/20260301015541/https://t-hub.co/about-us/,t_hub\t_hub_2026-03_about.html,t_hub\t_hub_2026-03_about.txt,200,
T-Hub,home,2026-04,ok,20260413014438,2026-04-13,https://web.archive.org/web/20260413014438/https://t-hub.co/,t_hub\t_hub_2026-04_home.html,t_hub\t_hub_2026-04_home.txt,200,
T-Hub,about,2026-04,ok,20260422200856,2026-04-22,https://web.archive.org/web/20260422200856/https://t-hub.co/about-us,t_hub\t_hub_2026-04_about.html,t_hub\t_hub_2026-04_about.txt,200,
T-Hub,home,2026-05,ok,20260510183909,2026-05-10,https://web.archive.org/web/20260510183909/https://t-hub.co/,t_hub\t_hub_2026-05_home.html,t_hub\t_hub_2026-05_home.txt,200,
T-Hub,about,2026-05,ok,20260516170604,2026-05-16,https://web.archive.org/web/20260516170604/https://t-hub.co/about-us,t_hub\t_hub_2026-05_about.html,t_hub\t_hub_2026-05_about.txt,200,
T-Hub,home,2026-06,ok,20260607114150,2026-06-07,https://web.archive.org/web/20260607114150/https://t-hub.co/,t_hub\t_hub_2026-06_home.html,t_hub\t_hub_2026-06_home.txt,200,
T-Hub,about,2026-06,ok,20260607102248,2026-06-07,https://web.archive.org/web/20260607102248/https://t-hub.co/about-us,t_hub\t_hub_2026-06_about.html,t_hub\t_hub_2026-06_about.txt,200,
T-Hub,home,2026-07,ok,20260702010830,2026-07-02,https://web.archive.org/web/20260702010830/https://www.t-hub.co/,t_hub\t_hub_2026-07_home.html,t_hub\t_hub_2026-07_home.txt,200,
T-Hub,about,2026-07,no_snapshot,,,,,,,
T-Hub,home,2026-08,ok,20260806155917,2026-08-06,https://web.archive.org/web/20260806155917/https://www.t-hub.co/,t_hub\t_hub_2026-08_home.html,t_hub\t_hub_2026-08_home.txt,200,
T-Hub,about,2026-08,no_snapshot,,,,,,,
T-Hub,home,2026-09,ok,20260911104355,2026-09-11,https://web.archive.org/web/20260911104355/https://www.t-hub.co/,t_hub\t_hub_2026-09_home.html,t_hub\t_hub_2026-09_home.txt,200,
T-Hub,about,2026-09,no_snapshot,,,,,,,
SINE (Society for Innovation & Entrepreneurship) - IIT Bombay,home,2017-01,ok,20170103082213,2017-01-03,https://web.archive.org/web/20170103082213/http://www.sineiitb.org:80/,sine_society_for_innovation_entrepreneurship_iit_bombay\sine_society_for_innovation_entrepreneurship_iit_bombay_2017-01_home.html,sine_society_for_innovation_entrepreneurship_iit_bombay\sine_society_for_innovation_entrepreneurship_iit_bombay_2017-01_home.txt,200,
SINE (Society for Innovation & Entrepreneurship) - IIT Bombay,about,2017-01,no_snapshot,,,,,,,
SINE (Society for Innovation & Entrepreneurship) - IIT Bombay,home,2017-02,no_snapshot,,,,,,,
SINE (Society for Innovation & Entrepreneurship) - IIT Bombay,about,2017-02,no_snapshot,,,,,,,
SINE (Society for Innovation & Entrepreneurship) - IIT Bombay,home,2017-03,no_snapshot,,,,,,,
SINE (Society for Innovation & Entrepreneurship) - IIT Bombay,about,2017-03,no_snapshot,,,,,,,
SINE (Society for Innovation & Entrepreneurship) - IIT Bombay,home,2017-04,ok,20170405024832,2017-04-05,https://web.archive.org/web/20170405024832/http://sineiitb.org/,sine_society_for_innovation_entrepreneurship_iit_bombay\sine_society_for_innovation_entrepreneurship_iit_bombay_2017-04_home.html,sine_society_for_innovation_entrepreneurship_iit_bombay\sine_society_for_innovation_entrepreneurship_iit_bombay_2017-04_home.txt,200,
SINE (Society for Innovation & Entrepreneurship) - IIT Bombay,about,2017-04,no_snapshot,,,,,,,
SINE (Society for Innovation & Entrepreneurship) - IIT Bombay,home,2017-05,ok,20170511185933,2017-05-11,https://web.archive.org/web/20170511185933/http://sineiitb.org/,sine_society_for_innovation_entrepreneurship_iit_bombay\sine_society_for_innovation_entrepreneurship_iit_bombay_2017-05_home.html,sine_society_for_innovation_entrepreneurship_iit_bombay\sine_society_for_innovation_entrepreneurship_iit_bombay_2017-05_home.txt,200,
SINE (Society for Innovation & Entrepreneurship) - IIT Bombay,about,2017-05,no_snapshot,,,,,,,
SINE (Society for Innovation & Entrepreneurship) - IIT Bombay,home,2017-06,ok,20170612082300,2017-06-12,https://web.archive.org/web/20170612082300/http://sineiitb.org/,sine_society_for_innovation_entrepreneurship_iit_bombay\sine_society_for_innovation_entrepreneurship_iit_bombay_2017-06_home.html,sine_society_for_innovation_entrepreneurship_iit_bombay\sine_society_for_innovation_entrepreneurship_iit_bombay_2017-06_home.txt,200,
SINE (Society for Innovation & Entrepreneurship) - IIT Bombay,about,2017-06,no_snapshot,,,,,,,
SINE (Society for Innovation & Entrepreneurship) - IIT Bombay,home,2017-07,ok,20170729132618,2017-07-29,https://web.archive.org/web/20170729132618/http://www.sineiitb.org:80/,sine_society_for_innovation_entrepreneurship_iit_bombay\sine_society_for_innovation_entrepreneurship_iit_bombay_2017-07_home.html,sine_society_for_innovation_entrepreneurship_iit_bombay\sine_society_for_innovation_entrepreneurship_iit_bombay_2017-07_home.txt,200,
SINE (Society for Innovation & Entrepreneurship) - IIT Bombay,about,2017-07,no_snapshot,,,,,,,
SINE (Society for Innovation & Entrepreneurship) - IIT Bombay,home,2017-08,ok,20170827051810,2017-08-27,https://web.archive.org/web/20170827051810/http://www.sineiitb.org:80/,sine_society_for_innovation_entrepreneurship_iit_bombay\sine_society_for_innovation_entrepreneurship_iit_bombay_2017-08_home.html,sine_society_for_innovation_entrepreneurship_iit_bombay\sine_society_for_innovation_entrepreneurship_iit_bombay_2017-08_home.txt,200,
SINE (Society for Innovation & Entrepreneurship) - IIT Bombay,about,2017-08,no_snapshot,,,,,,,
SINE (Society for Innovation & Entrepreneurship) - IIT Bombay,home,2017-09,ok,20170920200952,2017-09-20,https://web.archive.org/web/20170920200952/http://sineiitb.org/,sine_society_for_innovation_entrepreneurship_iit_bombay\sine_society_for_innovation_entrepreneurship_iit_bombay_2017-09_home.html,sine_society_for_innovation_entrepreneurship_iit_bombay\sine_society_for_innovation_entrepreneurship_iit_bombay_2017-09_home.txt,200,
SINE (Society for Innovation & Entrepreneurship) - IIT Bombay,about,2017-09,no_snapshot,,,,,,,
SINE (Society for Innovation & Entrepreneurship) - IIT Bombay,home,2017-10,ok,20171028194554,2017-10-28,https://web.archive.org/web/20171028194554/http://www.sineiitb.org:80/,sine_society_for_innovation_entrepreneurship_iit_bombay\sine_society_for_innovation_entrepreneurship_iit_bombay_2017-10_home.html,sine_society_for_innovation_entrepreneurship_iit_bombay\sine_society_for_innovation_entrepreneurship_iit_bombay_2017-10_home.txt,200,
SINE (Society for Innovation & Entrepreneurship) - IIT Bombay,about,2017-10,no_snapshot,,,,,,,
SINE (Society for Innovation & Entrepreneurship) - IIT Bombay,home,2017-11,no_snapshot,,,,,,,
SINE (Society for Innovation & Entrepreneurship) - IIT Bombay,about,2017-11,no_snapshot,,,,,,,
SINE (Society for Innovation & Entrepreneurship) - IIT Bombay,home,2017-12,ok,20171201201344,2017-12-01,https://web.archive.org/web/20171201201344/http://www.sineiitb.org:80/,sine_society_for_innovation_entrepreneurship_iit_bombay\sine_society_for_innovation_entrepreneurship_iit_bombay_2017-12_home.html,sine_society_for_innovation_entrepreneurship_iit_bombay\sine_society_for_innovation_entrepreneurship_iit_bombay_2017-12_home.txt,200,
SINE (Society for Innovation & Entrepreneurship) - IIT Bombay,about,2017-12,no_snapshot,,,,,,,
SINE (Society for Innovation & Entrepreneurship) - IIT Bombay,home,2018-01,ok,20180102221817,2018-01-02,https://web.archive.org/web/20180102221817/http://sineiitb.org:80/,sine_society_for_innovation_entrepreneurship_iit_bombay\sine_society_for_innovation_entrepreneurship_iit_bombay_2018-01_home.html,sine_society_for_innovation_entrepreneurship_iit_bombay\sine_society_for_innovation_entrepreneurship_iit_bombay_2018-01_home.txt,200,
SINE (Society for Innovation & Entrepreneurship) - IIT Bombay,about,2018-01,no_snapshot,,,,,,,
SINE (Society for Innovation & Entrepreneurship) - IIT Bombay,home,2018-02,ok,20180209192704,2018-02-09,https://web.archive.org/web/20180209192704/http://sineiitb.org:80/,sine_society_for_innovation_entrepreneurship_iit_bombay\sine_society_for_innovation_entrepreneurship_iit_bombay_2018-02_home.html,sine_society_for_innovation_entrepreneurship_iit_bombay\sine_society_for_innovation_entrepreneurship_iit_bombay_2018-02_home.txt,200,
SINE (Society for Innovation & Entrepreneurship) - IIT Bombay,about,2018-02,no_snapshot,,,,,,,
SINE (Society for Innovation & Entrepreneurship) - IIT Bombay,home,2018-03,ok,20180312015749,2018-03-12,https://web.archive.org/web/20180312015749/http://sineiitb.org:80/,sine_society_for_innovation_entrepreneurship_iit_bombay\sine_society_for_innovation_entrepreneurship_iit_bombay_2018-03_home.html,sine_society_for_innovation_entrepreneurship_iit_bombay\sine_society_for_innovation_entrepreneurship_iit_bombay_2018-03_home.txt,200,
SINE (Society for Innovation & Entrepreneurship) - IIT Bombay,about,2018-03,no_snapshot,,,,,,,
SINE (Society for Innovation & Entrepreneurship) - IIT Bombay,home,2018-04,ok,20180414200234,2018-04-14,https://web.archive.org/web/20180414200234/http://sineiitb.org:80/,sine_society_for_innovation_entrepreneurship_iit_bombay\sine_society_for_innovation_entrepreneurship_iit_bombay_2018-04_home.html,sine_society_for_innovation_entrepreneurship_iit_bombay\sine_society_for_innovation_entrepreneurship_iit_bombay_2018-04_home.txt,200,
SINE (Society for Innovation & Entrepreneurship) - IIT Bombay,about,2018-04,no_snapshot,,,,,,,
SINE (Society for Innovation & Entrepreneurship) - IIT Bombay,home,2018-05,ok,20180519035341,2018-05-19,https://web.archive.org/web/20180519035341/http://sineiitb.org:80/,sine_society_for_innovation_entrepreneurship_iit_bombay\sine_society_for_innovation_entrepreneurship_iit_bombay_2018-05_home.html,sine_society_for_innovation_entrepreneurship_iit_bombay\sine_society_for_innovation_entrepreneurship_iit_bombay_2018-05_home.txt,200,
SINE (Society for Innovation & Entrepreneurship) - IIT Bombay,about,2018-05,no_snapshot,,,,,,,
SINE (Society for Innovation & Entrepreneurship) - IIT Bombay,home,2018-06,ok,20180618093450,2018-06-18,https://web.archive.org/web/20180618093450/http://sineiitb.org:80/,sine_society_for_innovation_entrepreneurship_iit_bombay\sine_society_for_innovation_entrepreneurship_iit_bombay_2018-06_home.html,sine_society_for_innovation_entrepreneurship_iit_bombay\sine_society_for_innovation_entrepreneurship_iit_bombay_2018-06_home.txt,200,
SINE (Society for Innovation & Entrepreneurship) - IIT Bombay,about,2018-06,no_snapshot,,,,,,,
SINE (Society for Innovation & Entrepreneurship) - IIT Bombay,home,2018-07,ok,20180720042015,2018-07-20,https://web.archive.org/web/20180720042015/http://sineiitb.org:80/,sine_society_for_innovation_entrepreneurship_iit_bombay\sine_society_for_innovation_entrepreneurship_iit_bombay_2018-07_home.html,sine_society_for_innovation_entrepreneurship_iit_bombay\sine_society_for_innovation_entrepreneurship_iit_bombay_2018-07_home.txt,200,
SINE (Society for Innovation & Entrepreneurship) - IIT Bombay,about,2018-07,no_snapshot,,,,,,,
SINE (Society for Innovation & Entrepreneurship) - IIT Bombay,home,2018-08,ok,20180820013315,2018-08-20,https://web.archive.org/web/20180820013315/http://sineiitb.org:80/,sine_society_for_innovation_entrepreneurship_iit_bombay\sine_society_for_innovation_entrepreneurship_iit_bombay_2018-08_home.html,sine_society_for_innovation_entrepreneurship_iit_bombay\sine_society_for_innovation_entrepreneurship_iit_bombay_2018-08_home.txt,200,
SINE (Society for Innovation & Entrepreneurship) - IIT Bombay,about,2018-08,no_snapshot,,,,,,,
SINE (Society for Innovation & Entrepreneurship) - IIT Bombay,home,2018-09,ok,20180920034018,2018-09-20,https://web.archive.org/web/20180920034018/http://sineiitb.org:80/,sine_society_for_innovation_entrepreneurship_iit_bombay\sine_society_for_innovation_entrepreneurship_iit_bombay_2018-09_home.html,sine_society_for_innovation_entrepreneurship_iit_bombay\sine_society_for_innovation_entrepreneurship_iit_bombay_2018-09_home.txt,200,
SINE (Society for Innovation & Entrepreneurship) - IIT Bombay,about,2018-09,no_snapshot,,,,,,,
SINE (Society for Innovation & Entrepreneurship) - IIT Bombay,home,2018-10,ok,20181006004725,2018-10-06,https://web.archive.org/web/20181006004725/http://www.sineiitb.org/,sine_society_for_innovation_entrepreneurship_iit_bombay\sine_society_for_innovation_entrepreneurship_iit_bombay_2018-10_home.html,sine_society_for_innovation_entrepreneurship_iit_bombay\sine_society_for_innovation_entrepreneurship_iit_bombay_2018-10_home.txt,200,
SINE (Society for Innovation & Entrepreneurship) - IIT Bombay,about,2018-10,no_snapshot,,,,,,,
SINE (Society for Innovation & Entrepreneurship) - IIT Bombay,home,2018-11,ok,20181125001625,2018-11-25,https://web.archive.org/web/20181125001625/http://sineiitb.org:80/,sine_society_for_innovation_entrepreneurship_iit_bombay\sine_society_for_innovation_entrepreneurship_iit_bombay_2018-11_home.html,sine_society_for_innovation_entrepreneurship_iit_bombay\sine_society_for_innovation_entrepreneurship_iit_bombay_2018-11_home.txt,200,
SINE (Society for Innovation & Entrepreneurship) - IIT Bombay,about,2018-11,no_snapshot,,,,,,,
SINE (Society for Innovation & Entrepreneurship) - IIT Bombay,home,2018-12,ok,20181204235723,2018-12-04,https://web.archive.org/web/20181204235723/http://www.sineiitb.org:80/,sine_society_for_innovation_entrepreneurship_iit_bombay\sine_society_for_innovation_entrepreneurship_iit_bombay_2018-12_home.html,sine_society_for_innovation_entrepreneurship_iit_bombay\sine_society_for_innovation_entrepreneurship_iit_bombay_2018-12_home.txt,200,
SINE (Society for Innovation & Entrepreneurship) - IIT Bombay,about,2018-12,no_snapshot,,,,,,,
SINE (Society for Innovation & Entrepreneurship) - IIT Bombay,home,2019-01,ok,20190105111455,2019-01-05,https://web.archive.org/web/20190105111455/http://www.sineiitb.org:80/,sine_society_for_innovation_entrepreneurship_iit_bombay\sine_society_for_innovation_entrepreneurship_iit_bombay_2019-01_home.html,sine_society_for_innovation_entrepreneurship_iit_bombay\sine_society_for_innovation_entrepreneurship_iit_bombay_2019-01_home.txt,200,
SINE (Society for Innovation & Entrepreneurship) - IIT Bombay,about,2019-01,no_snapshot,,,,,,,
SINE (Society for Innovation & Entrepreneurship) - IIT Bombay,home,2019-02,ok,20190209112516,2019-02-09,https://web.archive.org/web/20190209112516/http://www.sineiitb.org:80/,sine_society_for_innovation_entrepreneurship_iit_bombay\sine_society_for_innovation_entrepreneurship_iit_bombay_2019-02_home.html,sine_society_for_innovation_entrepreneurship_iit_bombay\sine_society_for_innovation_entrepreneurship_iit_bombay_2019-02_home.txt,200,
SINE (Society for Innovation & Entrepreneurship) - IIT Bombay,about,2019-02,no_snapshot,,,,,,,
SINE (Society for Innovation & Entrepreneurship) - IIT Bombay,home,2019-03,ok,20190310065542,2019-03-10,https://web.archive.org/web/20190310065542/http://sineiitb.org:80/,sine_society_for_innovation_entrepreneurship_iit_bombay\sine_society_for_innovation_entrepreneurship_iit_bombay_2019-03_home.html,sine_society_for_innovation_entrepreneurship_iit_bombay\sine_society_for_innovation_entrepreneurship_iit_bombay_2019-03_home.txt,200,
SINE (Society for Innovation & Entrepreneurship) - IIT Bombay,about,2019-03,no_snapshot,,,,,,,
SINE (Society for Innovation & Entrepreneurship) - IIT Bombay,home,2019-04,ok,20190412000926,2019-04-12,https://web.archive.org/web/20190412000926/http://sineiitb.org:80/,sine_society_for_innovation_entrepreneurship_iit_bombay\sine_society_for_innovation_entrepreneurship_iit_bombay_2019-04_home.html,sine_society_for_innovation_entrepreneurship_iit_bombay\sine_society_for_innovation_entrepreneurship_iit_bombay_2019-04_home.txt,200,
SINE (Society for Innovation & Entrepreneurship) - IIT Bombay,about,2019-04,no_snapshot,,,,,,,
SINE (Society for Innovation & Entrepreneurship) - IIT Bombay,home,2019-05,ok,20190501132540,2019-05-01,https://web.archive.org/web/20190501132540/http://www.sineiitb.org/,sine_society_for_innovation_entrepreneurship_iit_bombay\sine_society_for_innovation_entrepreneurship_iit_bombay_2019-05_home.html,sine_society_for_innovation_entrepreneurship_iit_bombay\sine_society_for_innovation_entrepreneurship_iit_bombay_2019-05_home.txt,200,
SINE (Society for Innovation & Entrepreneurship) - IIT Bombay,about,2019-05,no_snapshot,,,,,,,
SINE (Society for Innovation & Entrepreneurship) - IIT Bombay,home,2019-06,ok,20190607201555,2019-06-07,https://web.archive.org/web/20190607201555/http://sineiitb.org/,sine_society_for_innovation_entrepreneurship_iit_bombay\sine_society_for_innovation_entrepreneurship_iit_bombay_2019-06_home.html,sine_society_for_innovation_entrepreneurship_iit_bombay\sine_society_for_innovation_entrepreneurship_iit_bombay_2019-06_home.txt,200,
SINE (Society for Innovation & Entrepreneurship) - IIT Bombay,about,2019-06,no_snapshot,,,,,,,
SINE (Society for Innovation & Entrepreneurship) - IIT Bombay,home,2019-07,ok,20190717101428,2019-07-17,https://web.archive.org/web/20190717101428/http://www.sineiitb.org:80/,sine_society_for_innovation_entrepreneurship_iit_bombay\sine_society_for_innovation_entrepreneurship_iit_bombay_2019-07_home.html,sine_society_for_innovation_entrepreneurship_iit_bombay\sine_society_for_innovation_entrepreneurship_iit_bombay_2019-07_home.txt,200,
SINE (Society for Innovation & Entrepreneurship) - IIT Bombay,about,2019-07,no_snapshot,,,,,,,
SINE (Society for Innovation & Entrepreneurship) - IIT Bombay,home,2019-08,ok,20190816013159,2019-08-16,https://web.archive.org/web/20190816013159/http://www.sineiitb.org/,sine_society_for_innovation_entrepreneurship_iit_bombay\sine_society_for_innovation_entrepreneurship_iit_bombay_2019-08_home.html,sine_society_for_innovation_entrepreneurship_iit_bombay\sine_society_for_innovation_entrepreneurship_iit_bombay_2019-08_home.txt,200,
SINE (Society for Innovation & Entrepreneurship) - IIT Bombay,about,2019-08,no_snapshot,,,,,,,
SINE (Society for Innovation & Entrepreneurship) - IIT Bombay,home,2019-09,ok,20190917140153,2019-09-17,https://web.archive.org/web/20190917140153/http://www.sineiitb.org:80/,sine_society_for_innovation_entrepreneurship_iit_bombay\sine_society_for_innovation_entrepreneurship_iit_bombay_2019-09_home.html,sine_society_for_innovation_entrepreneurship_iit_bombay\sine_society_for_innovation_entrepreneurship_iit_bombay_2019-09_home.txt,200,
SINE (Society for Innovation & Entrepreneurship) - IIT Bombay,about,2019-09,no_snapshot,,,,,,,
SINE (Society for Innovation & Entrepreneurship) - IIT Bombay,home,2019-10,ok,20191003051609,2019-10-03,https://web.archive.org/web/20191003051609/http://sineiitb.org:80/,sine_society_for_innovation_entrepreneurship_iit_bombay\sine_society_for_innovation_entrepreneurship_iit_bombay_2019-10_home.html,sine_society_for_innovation_entrepreneurship_iit_bombay\sine_society_for_innovation_entrepreneurship_iit_bombay_2019-10_home.txt,200,
SINE (Society for Innovation & Entrepreneurship) - IIT Bombay,about,2019-10,no_snapshot,,,,,,,
SINE (Society for Innovation & Entrepreneurship) - IIT Bombay,home,2019-11,no_snapshot,,,,,,,
SINE (Society for Innovation & Entrepreneurship) - IIT Bombay,about,2019-11,no_snapshot,,,,,,,
SINE (Society for Innovation & Entrepreneurship) - IIT Bombay,home,2019-12,no_snapshot,,,,,,,
SINE (Society for Innovation & Entrepreneurship) - IIT Bombay,about,2019-12,no_snapshot,,,,,,,
SINE (Society for Innovation & Entrepreneurship) - IIT Bombay,home,2020-01,no_snapshot,,,,,,,
SINE (Society for Innovation & Entrepreneurship) - IIT Bombay,about,2020-01,no_snapshot,,,,,,,
SINE (Society for Innovation & Entrepreneurship) - IIT Bombay,home,2020-02,no_snapshot,,,,,,,
SINE (Society for Innovation & Entrepreneurship) - IIT Bombay,about,2020-02,no_snapshot,,,,,,,
SINE (Society for Innovation & Entrepreneurship) - IIT Bombay,home,2020-03,no_snapshot,,,,,,,
SINE (Society for Innovation & Entrepreneurship) - IIT Bombay,about,2020-03,no_snapshot,,,,,,,
SINE (Society for Innovation & Entrepreneurship) - IIT Bombay,home,2020-04,no_snapshot,,,,,,,
SINE (Society for Innovation & Entrepreneurship) - IIT Bombay,about,2020-04,no_snapshot,,,,,,,
SINE (Society for Innovation & Entrepreneurship) - IIT Bombay,home,2020-05,no_snapshot,,,,,,,
SINE (Society for Innovation & Entrepreneurship) - IIT Bombay,about,2020-05,no_snapshot,,,,,,,
SINE (Society for Innovation & Entrepreneurship) - IIT Bombay,home,2020-06,no_snapshot,,,,,,,
SINE (Society for Innovation & Entrepreneurship) - IIT Bombay,about,2020-06,no_snapshot,,,,,,,
SINE (Society for Innovation & Entrepreneurship) - IIT Bombay,home,2020-07,no_snapshot,,,,,,,
SINE (Society for Innovation & Entrepreneurship) - IIT Bombay,about,2020-07,no_snapshot,,,,,,,
SINE (Society for Innovation & Entrepreneurship) - IIT Bombay,home,2020-08,no_snapshot,,,,,,,
SINE (Society for Innovation & Entrepreneurship) - IIT Bombay,about,2020-08,no_snapshot,,,,,,,
SINE (Society for Innovation & Entrepreneurship) - IIT Bombay,home,2020-09,ok,20200901003835,2020-09-01,https://web.archive.org/web/20200901003835/https://sineiitb.org/,sine_society_for_innovation_entrepreneurship_iit_bombay\sine_society_for_innovation_entrepreneurship_iit_bombay_2020-09_home.html,sine_society_for_innovation_entrepreneurship_iit_bombay\sine_society_for_innovation_entrepreneurship_iit_bombay_2020-09_home.txt,200,
SINE (Society for Innovation & Entrepreneurship) - IIT Bombay,about,2020-09,no_snapshot,,,,,,,
SINE (Society for Innovation & Entrepreneurship) - IIT Bombay,home,2020-10,no_snapshot,,,,,,,
SINE (Society for Innovation & Entrepreneurship) - IIT Bombay,about,2020-10,no_snapshot,,,,,,,
SINE (Society for Innovation & Entrepreneurship) - IIT Bombay,home,2020-11,ok,20201101122102,2020-11-01,https://web.archive.org/web/20201101122102/https://www.sineiitb.org/,sine_society_for_innovation_entrepreneurship_iit_bombay\sine_society_for_innovation_entrepreneurship_iit_bombay_2020-11_home.html,sine_society_for_innovation_entrepreneurship_iit_bombay\sine_society_for_innovation_entrepreneurship_iit_bombay_2020-11_home.txt,200,
SINE (Society for Innovation & Entrepreneurship) - IIT Bombay,about,2020-11,no_snapshot,,,,,,,
SINE (Society for Innovation & Entrepreneurship) - IIT Bombay,home,2020-12,ok,20201207203613,2020-12-07,https://web.archive.org/web/20201207203613/https://www.sineiitb.org/,sine_society_for_innovation_entrepreneurship_iit_bombay\sine_society_for_innovation_entrepreneurship_iit_bombay_2020-12_home.html,sine_society_for_innovation_entrepreneurship_iit_bombay\sine_society_for_innovation_entrepreneurship_iit_bombay_2020-12_home.txt,200,
SINE (Society for Innovation & Entrepreneurship) - IIT Bombay,about,2020-12,no_snapshot,,,,,,,
SINE (Society for Innovation & Entrepreneurship) - IIT Bombay,home,2021-01,no_snapshot,,,,,,,
SINE (Society for Innovation & Entrepreneurship) - IIT Bombay,about,2021-01,no_snapshot,,,,,,,
SINE (Society for Innovation & Entrepreneurship) - IIT Bombay,home,2021-02,no_snapshot,,,,,,,
SINE (Society for Innovation & Entrepreneurship) - IIT Bombay,about,2021-02,no_snapshot,,,,,,,
SINE (Society for Innovation & Entrepreneurship) - IIT Bombay,home,2021-03,ok,20210304202303,2021-03-04,https://web.archive.org/web/20210304202303/https://sineiitb.org/,sine_society_for_innovation_entrepreneurship_iit_bombay\sine_society_for_innovation_entrepreneurship_iit_bombay_2021-03_home.html,sine_society_for_innovation_entrepreneurship_iit_bombay\sine_society_for_innovation_entrepreneurship_iit_bombay_2021-03_home.txt,200,
SINE (Society for Innovation & Entrepreneurship) - IIT Bombay,about,2021-03,no_snapshot,,,,,,,
SINE (Society for Innovation & Entrepreneurship) - IIT Bombay,home,2021-04,ok,20210426112243,2021-04-26,https://web.archive.org/web/20210426112243/https://sineiitb.org/,sine_society_for_innovation_entrepreneurship_iit_bombay\sine_society_for_innovation_entrepreneurship_iit_bombay_2021-04_home.html,sine_society_for_innovation_entrepreneurship_iit_bombay\sine_society_for_innovation_entrepreneurship_iit_bombay_2021-04_home.txt,200,
SINE (Society for Innovation & Entrepreneurship) - IIT Bombay,about,2021-04,no_snapshot,,,,,,,
SINE (Society for Innovation & Entrepreneurship) - IIT Bombay,home,2021-05,no_snapshot,,,,,,,
SINE (Society for Innovation & Entrepreneurship) - IIT Bombay,about,2021-05,no_snapshot,,,,,,,
SINE (Society for Innovation & Entrepreneurship) - IIT Bombay,home,2021-06,no_snapshot,,,,,,,
SINE (Society for Innovation & Entrepreneurship) - IIT Bombay,about,2021-06,no_snapshot,,,,,,,
SINE (Society for Innovation & Entrepreneurship) - IIT Bombay,home,2021-07,ok,20210717084931,2021-07-17,https://web.archive.org/web/20210717084931/https://sineiitb.org/,sine_society_for_innovation_entrepreneurship_iit_bombay\sine_society_for_innovation_entrepreneurship_iit_bombay_2021-07_home.html,sine_society_for_innovation_entrepreneurship_iit_bombay\sine_society_for_innovation_entrepreneurship_iit_bombay_2021-07_home.txt,200,
SINE (Society for Innovation & Entrepreneurship) - IIT Bombay,about,2021-07,no_snapshot,,,,,,,
SINE (Society for Innovation & Entrepreneurship) - IIT Bombay,home,2021-08,ok,20210816051713,2021-08-16,https://web.archive.org/web/20210816051713/https://www.sineiitb.org/,sine_society_for_innovation_entrepreneurship_iit_bombay\sine_society_for_innovation_entrepreneurship_iit_bombay_2021-08_home.html,sine_society_for_innovation_entrepreneurship_iit_bombay\sine_society_for_innovation_entrepreneurship_iit_bombay_2021-08_home.txt,200,
SINE (Society for Innovation & Entrepreneurship) - IIT Bombay,about,2021-08,no_snapshot,,,,,,,
SINE (Society for Innovation & Entrepreneurship) - IIT Bombay,home,2021-09,no_snapshot,,,,,,,
SINE (Society for Innovation & Entrepreneurship) - IIT Bombay,about,2021-09,no_snapshot,,,,,,,
SINE (Society for Innovation & Entrepreneurship) - IIT Bombay,home,2021-10,no_snapshot,,,,,,,
SINE (Society for Innovation & Entrepreneurship) - IIT Bombay,about,2021-10,no_snapshot,,,,,,,
SINE (Society for Innovation & Entrepreneurship) - IIT Bombay,home,2021-11,no_snapshot,,,,,,,
SINE (Society for Innovation & Entrepreneurship) - IIT Bombay,about,2021-11,no_snapshot,,,,,,,
SINE (Society for Innovation & Entrepreneurship) - IIT Bombay,home,2021-12,no_snapshot,,,,,,,
SINE (Society for Innovation & Entrepreneurship) - IIT Bombay,about,2021-12,no_snapshot,,,,,,,
SINE (Society for Innovation & Entrepreneurship) - IIT Bombay,home,2022-01,ok,20220121123941,2022-01-21,https://web.archive.org/web/20220121123941/https://sineiitb.org/,sine_society_for_innovation_entrepreneurship_iit_bombay\sine_society_for_innovation_entrepreneurship_iit_bombay_2022-01_home.html,sine_society_for_innovation_entrepreneurship_iit_bombay\sine_society_for_innovation_entrepreneurship_iit_bombay_2022-01_home.txt,200,
SINE (Society for Innovation & Entrepreneurship) - IIT Bombay,about,2022-01,no_snapshot,,,,,,,
SINE (Society for Innovation & Entrepreneurship) - IIT Bombay,home,2022-02,ok,20220201082116,2022-02-01,https://web.archive.org/web/20220201082116/https://sineiitb.org/,sine_society_for_innovation_entrepreneurship_iit_bombay\sine_society_for_innovation_entrepreneurship_iit_bombay_2022-02_home.html,sine_society_for_innovation_entrepreneurship_iit_bombay\sine_society_for_innovation_entrepreneurship_iit_bombay_2022-02_home.txt,200,
SINE (Society for Innovation & Entrepreneurship) - IIT Bombay,about,2022-02,no_snapshot,,,,,,,
SINE (Society for Innovation & Entrepreneurship) - IIT Bombay,home,2022-03,ok,20220303052939,2022-03-03,https://web.archive.org/web/20220303052939/https://sineiitb.org/,sine_society_for_innovation_entrepreneurship_iit_bombay\sine_society_for_innovation_entrepreneurship_iit_bombay_2022-03_home.html,sine_society_for_innovation_entrepreneurship_iit_bombay\sine_society_for_innovation_entrepreneurship_iit_bombay_2022-03_home.txt,200,
SINE (Society for Innovation & Entrepreneurship) - IIT Bombay,about,2022-03,no_snapshot,,,,,,,
SINE (Society for Innovation & Entrepreneurship) - IIT Bombay,home,2022-04,ok,20220401061411,2022-04-01,https://web.archive.org/web/20220401061411/https://sineiitb.org/,sine_society_for_innovation_entrepreneurship_iit_bombay\sine_society_for_innovation_entrepreneurship_iit_bombay_2022-04_home.html,sine_society_for_innovation_entrepreneurship_iit_bombay\sine_society_for_innovation_entrepreneurship_iit_bombay_2022-04_home.txt,200,
SINE (Society for Innovation & Entrepreneurship) - IIT Bombay,about,2022-04,no_snapshot,,,,,,,
SINE (Society for Innovation & Entrepreneurship) - IIT Bombay,home,2022-05,ok,20220531131133,2022-05-31,https://web.archive.org/web/20220531131133/https://sineiitb.org/,sine_society_for_innovation_entrepreneurship_iit_bombay\sine_society_for_innovation_entrepreneurship_iit_bombay_2022-05_home.html,sine_society_for_innovation_entrepreneurship_iit_bombay\sine_society_for_innovation_entrepreneurship_iit_bombay_2022-05_home.txt,200,
SINE (Society for Innovation & Entrepreneurship) - IIT Bombay,about,2022-05,no_snapshot,,,,,,,
SINE (Society for Innovation & Entrepreneurship) - IIT Bombay,home,2022-06,ok,20220630222243,2022-06-30,https://web.archive.org/web/20220630222243/https://www.sineiitb.org/,sine_society_for_innovation_entrepreneurship_iit_bombay\sine_society_for_innovation_entrepreneurship_iit_bombay_2022-06_home.html,sine_society_for_innovation_entrepreneurship_iit_bombay\sine_society_for_innovation_entrepreneurship_iit_bombay_2022-06_home.txt,200,
SINE (Society for Innovation & Entrepreneurship) - IIT Bombay,about,2022-06,no_snapshot,,,,,,,
SINE (Society for Innovation & Entrepreneurship) - IIT Bombay,home,2022-07,ok,20220710025413,2022-07-10,https://web.archive.org/web/20220710025413/https://sineiitb.org/,sine_society_for_innovation_entrepreneurship_iit_bombay\sine_society_for_innovation_entrepreneurship_iit_bombay_2022-07_home.html,sine_society_for_innovation_entrepreneurship_iit_bombay\sine_society_for_innovation_entrepreneurship_iit_bombay_2022-07_home.txt,200,
SINE (Society for Innovation & Entrepreneurship) - IIT Bombay,about,2022-07,no_snapshot,,,,,,,
SINE (Society for Innovation & Entrepreneurship) - IIT Bombay,home,2022-08,ok,20220815102415,2022-08-15,https://web.archive.org/web/20220815102415/https://www.sineiitb.org/,sine_society_for_innovation_entrepreneurship_iit_bombay\sine_society_for_innovation_entrepreneurship_iit_bombay_2022-08_home.html,sine_society_for_innovation_entrepreneurship_iit_bombay\sine_society_for_innovation_entrepreneurship_iit_bombay_2022-08_home.txt,200,
SINE (Society for Innovation & Entrepreneurship) - IIT Bombay,about,2022-08,no_snapshot,,,,,,,
SINE (Society for Innovation & Entrepreneurship) - IIT Bombay,home,2022-09,ok,20220906111726,2022-09-06,https://web.archive.org/web/20220906111726/https://sineiitb.org/,sine_society_for_innovation_entrepreneurship_iit_bombay\sine_society_for_innovation_entrepreneurship_iit_bombay_2022-09_home.html,sine_society_for_innovation_entrepreneurship_iit_bombay\sine_society_for_innovation_entrepreneurship_iit_bombay_2022-09_home.txt,200,
SINE (Society for Innovation & Entrepreneurship) - IIT Bombay,about,2022-09,no_snapshot,,,,,,,
SINE (Society for Innovation & Entrepreneurship) - IIT Bombay,home,2022-10,ok,20221006161539,2022-10-06,https://web.archive.org/web/20221006161539/https://sineiitb.org/,sine_society_for_innovation_entrepreneurship_iit_bombay\sine_society_for_innovation_entrepreneurship_iit_bombay_2022-10_home.html,sine_society_for_innovation_entrepreneurship_iit_bombay\sine_society_for_innovation_entrepreneurship_iit_bombay_2022-10_home.txt,200,
SINE (Society for Innovation & Entrepreneurship) - IIT Bombay,about,2022-10,no_snapshot,,,,,,,
SINE (Society for Innovation & Entrepreneurship) - IIT Bombay,home,2022-11,no_snapshot,,,,,,,
SINE (Society for Innovation & Entrepreneurship) - IIT Bombay,about,2022-11,no_snapshot,,,,,,,
SINE (Society for Innovation & Entrepreneurship) - IIT Bombay,home,2022-12,ok,20221204094616,2022-12-04,https://web.archive.org/web/20221204094616/https://www.sineiitb.org/,sine_society_for_innovation_entrepreneurship_iit_bombay\sine_society_for_innovation_entrepreneurship_iit_bombay_2022-12_home.html,sine_society_for_innovation_entrepreneurship_iit_bombay\sine_society_for_innovation_entrepreneurship_iit_bombay_2022-12_home.txt,200,
SINE (Society for Innovation & Entrepreneurship) - IIT Bombay,about,2022-12,no_snapshot,,,,,,,
SINE (Society for Innovation & Entrepreneurship) - IIT Bombay,home,2023-01,ok,20230103094137,2023-01-03,https://web.archive.org/web/20230103094137/https://sineiitb.org/,sine_society_for_innovation_entrepreneurship_iit_bombay\sine_society_for_innovation_entrepreneurship_iit_bombay_2023-01_home.html,sine_society_for_innovation_entrepreneurship_iit_bombay\sine_society_for_innovation_entrepreneurship_iit_bombay_2023-01_home.txt,200,
SINE (Society for Innovation & Entrepreneurship) - IIT Bombay,about,2023-01,no_snapshot,,,,,,,
SINE (Society for Innovation & Entrepreneurship) - IIT Bombay,home,2023-02,ok,20230203081130,2023-02-03,https://web.archive.org/web/20230203081130/https://sineiitb.org/,sine_society_for_innovation_entrepreneurship_iit_bombay\sine_society_for_innovation_entrepreneurship_iit_bombay_2023-02_home.html,sine_society_for_innovation_entrepreneurship_iit_bombay\sine_society_for_innovation_entrepreneurship_iit_bombay_2023-02_home.txt,200,
SINE (Society for Innovation & Entrepreneurship) - IIT Bombay,about,2023-02,no_snapshot,,,,,,,
SINE (Society for Innovation & Entrepreneurship) - IIT Bombay,home,2023-03,ok,20230304105920,2023-03-04,https://web.archive.org/web/20230304105920/https://sineiitb.org/,sine_society_for_innovation_entrepreneurship_iit_bombay\sine_society_for_innovation_entrepreneurship_iit_bombay_2023-03_home.html,sine_society_for_innovation_entrepreneurship_iit_bombay\sine_society_for_innovation_entrepreneurship_iit_bombay_2023-03_home.txt,200,
SINE (Society for Innovation & Entrepreneurship) - IIT Bombay,about,2023-03,no_snapshot,,,,,,,
SINE (Society for Innovation & Entrepreneurship) - IIT Bombay,home,2023-04,ok,20230410204056,2023-04-10,https://web.archive.org/web/20230410204056/https://www.sineiitb.org/,sine_society_for_innovation_entrepreneurship_iit_bombay\sine_society_for_innovation_entrepreneurship_iit_bombay_2023-04_home.html,sine_society_for_innovation_entrepreneurship_iit_bombay\sine_society_for_innovation_entrepreneurship_iit_bombay_2023-04_home.txt,200,
SINE (Society for Innovation & Entrepreneurship) - IIT Bombay,about,2023-04,no_snapshot,,,,,,,
SINE (Society for Innovation & Entrepreneurship) - IIT Bombay,home,2023-05,ok,20230506095031,2023-05-06,https://web.archive.org/web/20230506095031/https://sineiitb.org/,sine_society_for_innovation_entrepreneurship_iit_bombay\sine_society_for_innovation_entrepreneurship_iit_bombay_2023-05_home.html,sine_society_for_innovation_entrepreneurship_iit_bombay\sine_society_for_innovation_entrepreneurship_iit_bombay_2023-05_home.txt,200,
SINE (Society for Innovation & Entrepreneurship) - IIT Bombay,about,2023-05,no_snapshot,,,,,,,
SINE (Society for Innovation & Entrepreneurship) - IIT Bombay,home,2023-06,ok,20230601102250,2023-06-01,https://web.archive.org/web/20230601102250/https://sineiitb.org/,sine_society_for_innovation_entrepreneurship_iit_bombay\sine_society_for_innovation_entrepreneurship_iit_bombay_2023-06_home.html,sine_society_for_innovation_entrepreneurship_iit_bombay\sine_society_for_innovation_entrepreneurship_iit_bombay_2023-06_home.txt,200,
SINE (Society for Innovation & Entrepreneurship) - IIT Bombay,about,2023-06,no_snapshot,,,,,,,
SINE (Society for Innovation & Entrepreneurship) - IIT Bombay,home,2023-07,no_snapshot,,,,,,,
SINE (Society for Innovation & Entrepreneurship) - IIT Bombay,about,2023-07,no_snapshot,,,,,,,
SINE (Society for Innovation & Entrepreneurship) - IIT Bombay,home,2023-08,ok,20230802035015,2023-08-02,https://web.archive.org/web/20230802035015/https://sineiitb.org/,sine_society_for_innovation_entrepreneurship_iit_bombay\sine_society_for_innovation_entrepreneurship_iit_bombay_2023-08_home.html,sine_society_for_innovation_entrepreneurship_iit_bombay\sine_society_for_innovation_entrepreneurship_iit_bombay_2023-08_home.txt,200,
SINE (Society for Innovation & Entrepreneurship) - IIT Bombay,about,2023-08,no_snapshot,,,,,,,
SINE (Society for Innovation & Entrepreneurship) - IIT Bombay,home,2023-09,no_snapshot,,,,,,,
SINE (Society for Innovation & Entrepreneurship) - IIT Bombay,about,2023-09,no_snapshot,,,,,,,
SINE (Society for Innovation & Entrepreneurship) - IIT Bombay,home,2023-10,no_snapshot,,,,,,,
SINE (Society for Innovation & Entrepreneurship) - IIT Bombay,about,2023-10,no_snapshot,,,,,,,
SINE (Society for Innovation & Entrepreneurship) - IIT Bombay,home,2023-11,ok,20231120212723,2023-11-20,https://web.archive.org/web/20231120212723/https://www.sineiitb.org/,sine_society_for_innovation_entrepreneurship_iit_bombay\sine_society_for_innovation_entrepreneurship_iit_bombay_2023-11_home.html,sine_society_for_innovation_entrepreneurship_iit_bombay\sine_society_for_innovation_entrepreneurship_iit_bombay_2023-11_home.txt,200,
SINE (Society for Innovation & Entrepreneurship) - IIT Bombay,about,2023-11,no_snapshot,,,,,,,
SINE (Society for Innovation & Entrepreneurship) - IIT Bombay,home,2023-12,ok,20231211220117,2023-12-11,https://web.archive.org/web/20231211220117/https://sineiitb.org/,sine_society_for_innovation_entrepreneurship_iit_bombay\sine_society_for_innovation_entrepreneurship_iit_bombay_2023-12_home.html,sine_society_for_innovation_entrepreneurship_iit_bombay\sine_society_for_innovation_entrepreneurship_iit_bombay_2023-12_home.txt,200,
SINE (Society for Innovation & Entrepreneurship) - IIT Bombay,about,2023-12,no_snapshot,,,,,,,
SINE (Society for Innovation & Entrepreneurship) - IIT Bombay,home,2024-01,no_snapshot,,,,,,,
SINE (Society for Innovation & Entrepreneurship) - IIT Bombay,about,2024-01,no_snapshot,,,,,,,
SINE (Society for Innovation & Entrepreneurship) - IIT Bombay,home,2024-02,no_snapshot,,,,,,,
SINE (Society for Innovation & Entrepreneurship) - IIT Bombay,about,2024-02,no_snapshot,,,,,,,
SINE (Society for Innovation & Entrepreneurship) - IIT Bombay,home,2024-03,ok,20240305220918,2024-03-05,https://web.archive.org/web/20240305220918/https://www.sineiitb.org/,sine_society_for_innovation_entrepreneurship_iit_bombay\sine_society_for_innovation_entrepreneurship_iit_bombay_2024-03_home.html,sine_society_for_innovation_entrepreneurship_iit_bombay\sine_society_for_innovation_entrepreneurship_iit_bombay_2024-03_home.txt,200,
SINE (Society for Innovation & Entrepreneurship) - IIT Bombay,about,2024-03,no_snapshot,,,,,,,
SINE (Society for Innovation & Entrepreneurship) - IIT Bombay,home,2024-04,ok,20240426070520,2024-04-26,https://web.archive.org/web/20240426070520/https://www.sineiitb.org/,sine_society_for_innovation_entrepreneurship_iit_bombay\sine_society_for_innovation_entrepreneurship_iit_bombay_2024-04_home.html,sine_society_for_innovation_entrepreneurship_iit_bombay\sine_society_for_innovation_entrepreneurship_iit_bombay_2024-04_home.txt,200,
SINE (Society for Innovation & Entrepreneurship) - IIT Bombay,about,2024-04,no_snapshot,,,,,,,
SINE (Society for Innovation & Entrepreneurship) - IIT Bombay,home,2024-05,ok,20240502130931,2024-05-02,https://web.archive.org/web/20240502130931/https://sineiitb.org/,sine_society_for_innovation_entrepreneurship_iit_bombay\sine_society_for_innovation_entrepreneurship_iit_bombay_2024-05_home.html,sine_society_for_innovation_entrepreneurship_iit_bombay\sine_society_for_innovation_entrepreneurship_iit_bombay_2024-05_home.txt,200,
SINE (Society for Innovation & Entrepreneurship) - IIT Bombay,about,2024-05,no_snapshot,,,,,,,
SINE (Society for Innovation & Entrepreneurship) - IIT Bombay,home,2024-06,ok,20240612224617,2024-06-12,https://web.archive.org/web/20240612224617/https://sineiitb.org/,sine_society_for_innovation_entrepreneurship_iit_bombay\sine_society_for_innovation_entrepreneurship_iit_bombay_2024-06_home.html,sine_society_for_innovation_entrepreneurship_iit_bombay\sine_society_for_innovation_entrepreneurship_iit_bombay_2024-06_home.txt,200,
SINE (Society for Innovation & Entrepreneurship) - IIT Bombay,about,2024-06,no_snapshot,,,,,,,
SINE (Society for Innovation & Entrepreneurship) - IIT Bombay,home,2024-07,ok,20240724031404,2024-07-24,https://web.archive.org/web/20240724031404/https://sineiitb.org/,sine_society_for_innovation_entrepreneurship_iit_bombay\sine_society_for_innovation_entrepreneurship_iit_bombay_2024-07_home.html,sine_society_for_innovation_entrepreneurship_iit_bombay\sine_society_for_innovation_entrepreneurship_iit_bombay_2024-07_home.txt,200,
SINE (Society for Innovation & Entrepreneurship) - IIT Bombay,about,2024-07,no_snapshot,,,,,,,
SINE (Society for Innovation & Entrepreneurship) - IIT Bombay,home,2024-08,ok,20240802091241,2024-08-02,https://web.archive.org/web/20240802091241/https://sineiitb.org/,sine_society_for_innovation_entrepreneurship_iit_bombay\sine_society_for_innovation_entrepreneurship_iit_bombay_2024-08_home.html,sine_society_for_innovation_entrepreneurship_iit_bombay\sine_society_for_innovation_entrepreneurship_iit_bombay_2024-08_home.txt,200,
SINE (Society for Innovation & Entrepreneurship) - IIT Bombay,about,2024-08,no_snapshot,,,,,,,
SINE (Society for Innovation & Entrepreneurship) - IIT Bombay,home,2024-09,ok,20240902005446,2024-09-02,https://web.archive.org/web/20240902005446/https://sineiitb.org/,sine_society_for_innovation_entrepreneurship_iit_bombay\sine_society_for_innovation_entrepreneurship_iit_bombay_2024-09_home.html,sine_society_for_innovation_entrepreneurship_iit_bombay\sine_society_for_innovation_entrepreneurship_iit_bombay_2024-09_home.txt,200,
SINE (Society for Innovation & Entrepreneurship) - IIT Bombay,about,2024-09,no_snapshot,,,,,,,
SINE (Society for Innovation & Entrepreneurship) - IIT Bombay,home,2024-10,ok,20241004173834,2024-10-04,https://web.archive.org/web/20241004173834/https://sineiitb.org/,sine_society_for_innovation_entrepreneurship_iit_bombay\sine_society_for_innovation_entrepreneurship_iit_bombay_2024-10_home.html,sine_society_for_innovation_entrepreneurship_iit_bombay\sine_society_for_innovation_entrepreneurship_iit_bombay_2024-10_home.txt,200,
SINE (Society for Innovation & Entrepreneurship) - IIT Bombay,about,2024-10,no_snapshot,,,,,,,
SINE (Society for Innovation & Entrepreneurship) - IIT Bombay,home,2024-11,ok,20241108050614,2024-11-08,https://web.archive.org/web/20241108050614/https://sineiitb.org/,sine_society_for_innovation_entrepreneurship_iit_bombay\sine_society_for_innovation_entrepreneurship_iit_bombay_2024-11_home.html,sine_society_for_innovation_entrepreneurship_iit_bombay\sine_society_for_innovation_entrepreneurship_iit_bombay_2024-11_home.txt,200,
SINE (Society for Innovation & Entrepreneurship) - IIT Bombay,about,2024-11,no_snapshot,,,,,,,
SINE (Society for Innovation & Entrepreneurship) - IIT Bombay,home,2024-12,ok,20241208055714,2024-12-08,https://web.archive.org/web/20241208055714/https://sineiitb.org/,sine_society_for_innovation_entrepreneurship_iit_bombay\sine_society_for_innovation_entrepreneurship_iit_bombay_2024-12_home.html,sine_society_for_innovation_entrepreneurship_iit_bombay\sine_society_for_innovation_entrepreneurship_iit_bombay_2024-12_home.txt,200,
SINE (Society for Innovation & Entrepreneurship) - IIT Bombay,about,2024-12,no_snapshot,,,,,,,
SINE (Society for Innovation & Entrepreneurship) - IIT Bombay,home,2025-01,ok,20250112235947,2025-01-12,https://web.archive.org/web/20250112235947/https://sineiitb.org/,sine_society_for_innovation_entrepreneurship_iit_bombay\sine_society_for_innovation_entrepreneurship_iit_bombay_2025-01_home.html,sine_society_for_innovation_entrepreneurship_iit_bombay\sine_society_for_innovation_entrepreneurship_iit_bombay_2025-01_home.txt,200,
SINE (Society for Innovation & Entrepreneurship) - IIT Bombay,about,2025-01,no_snapshot,,,,,,,
SINE (Society for Innovation & Entrepreneurship) - IIT Bombay,home,2025-02,ok,20250216020847,2025-02-16,https://web.archive.org/web/20250216020847/https://sineiitb.org/,sine_society_for_innovation_entrepreneurship_iit_bombay\sine_society_for_innovation_entrepreneurship_iit_bombay_2025-02_home.html,sine_society_for_innovation_entrepreneurship_iit_bombay\sine_society_for_innovation_entrepreneurship_iit_bombay_2025-02_home.txt,200,
SINE (Society for Innovation & Entrepreneurship) - IIT Bombay,about,2025-02,no_snapshot,,,,,,,
SINE (Society for Innovation & Entrepreneurship) - IIT Bombay,home,2025-03,ok,20250316101352,2025-03-16,https://web.archive.org/web/20250316101352/https://sineiitb.org/,sine_society_for_innovation_entrepreneurship_iit_bombay\sine_society_for_innovation_entrepreneurship_iit_bombay_2025-03_home.html,sine_society_for_innovation_entrepreneurship_iit_bombay\sine_society_for_innovation_entrepreneurship_iit_bombay_2025-03_home.txt,200,
SINE (Society for Innovation & Entrepreneurship) - IIT Bombay,about,2025-03,no_snapshot,,,,,,,
SINE (Society for Innovation & Entrepreneurship) - IIT Bombay,home,2025-04,ok,20250403161211,2025-04-03,https://web.archive.org/web/20250403161211/https://www.sineiitb.org/,sine_society_for_innovation_entrepreneurship_iit_bombay\sine_society_for_innovation_entrepreneurship_iit_bombay_2025-04_home.html,sine_society_for_innovation_entrepreneurship_iit_bombay\sine_society_for_innovation_entrepreneurship_iit_bombay_2025-04_home.txt,200,
SINE (Society for Innovation & Entrepreneurship) - IIT Bombay,about,2025-04,no_snapshot,,,,,,,
SINE (Society for Innovation & Entrepreneurship) - IIT Bombay,home,2025-05,ok,20250504194643,2025-05-04,https://web.archive.org/web/20250504194643/https://sineiitb.org/,sine_society_for_innovation_entrepreneurship_iit_bombay\sine_society_for_innovation_entrepreneurship_iit_bombay_2025-05_home.html,sine_society_for_innovation_entrepreneurship_iit_bombay\sine_society_for_innovation_entrepreneurship_iit_bombay_2025-05_home.txt,200,
SINE (Society for Innovation & Entrepreneurship) - IIT Bombay,about,2025-05,no_snapshot,,,,,,,
SINE (Society for Innovation & Entrepreneurship) - IIT Bombay,home,2025-06,ok,20250607033041,2025-06-07,https://web.archive.org/web/20250607033041/https://www.sineiitb.org/,sine_society_for_innovation_entrepreneurship_iit_bombay\sine_society_for_innovation_entrepreneurship_iit_bombay_2025-06_home.html,sine_society_for_innovation_entrepreneurship_iit_bombay\sine_society_for_innovation_entrepreneurship_iit_bombay_2025-06_home.txt,200,
SINE (Society for Innovation & Entrepreneurship) - IIT Bombay,about,2025-06,no_snapshot,,,,,,,
SINE (Society for Innovation & Entrepreneurship) - IIT Bombay,home,2025-07,ok,20250708103620,2025-07-08,https://web.archive.org/web/20250708103620/https://sineiitb.org/,sine_society_for_innovation_entrepreneurship_iit_bombay\sine_society_for_innovation_entrepreneurship_iit_bombay_2025-07_home.html,sine_society_for_innovation_entrepreneurship_iit_bombay\sine_society_for_innovation_entrepreneurship_iit_bombay_2025-07_home.txt,200,
SINE (Society for Innovation & Entrepreneurship) - IIT Bombay,about,2025-07,no_snapshot,,,,,,,
SINE (Society for Innovation & Entrepreneurship) - IIT Bombay,home,2025-08,ok,20250803115445,2025-08-03,https://web.archive.org/web/20250803115445/https://sineiitb.org/,sine_society_for_innovation_entrepreneurship_iit_bombay\sine_society_for_innovation_entrepreneurship_iit_bombay_2025-08_home.html,sine_society_for_innovation_entrepreneurship_iit_bombay\sine_society_for_innovation_entrepreneurship_iit_bombay_2025-08_home.txt,200,
SINE (Society for Innovation & Entrepreneurship) - IIT Bombay,about,2025-08,no_snapshot,,,,,,,
SINE (Society for Innovation & Entrepreneurship) - IIT Bombay,home,2025-09,no_snapshot,,,,,,,
SINE (Society for Innovation & Entrepreneurship) - IIT Bombay,about,2025-09,ok,20250918001713,2025-09-18,https://web.archive.org/web/20250918001713/https://sineiitb.org/about-us/,sine_society_for_innovation_entrepreneurship_iit_bombay\sine_society_for_innovation_entrepreneurship_iit_bombay_2025-09_about.html,sine_society_for_innovation_entrepreneurship_iit_bombay\sine_society_for_innovation_entrepreneurship_iit_bombay_2025-09_about.txt,200,
SINE (Society for Innovation & Entrepreneurship) - IIT Bombay,home,2025-10,ok,20251027013521,2025-10-27,https://web.archive.org/web/20251027013521/https://www.sineiitb.org/,sine_society_for_innovation_entrepreneurship_iit_bombay\sine_society_for_innovation_entrepreneurship_iit_bombay_2025-10_home.html,sine_society_for_innovation_entrepreneurship_iit_bombay\sine_society_for_innovation_entrepreneurship_iit_bombay_2025-10_home.txt,200,
SINE (Society for Innovation & Entrepreneurship) - IIT Bombay,about,2025-10,no_snapshot,,,,,,,
SINE (Society for Innovation & Entrepreneurship) - IIT Bombay,home,2025-11,ok,20251106075459,2025-11-06,https://web.archive.org/web/20251106075459/https://www.sineiitb.org/,sine_society_for_innovation_entrepreneurship_iit_bombay\sine_society_for_innovation_entrepreneurship_iit_bombay_2025-11_home.html,sine_society_for_innovation_entrepreneurship_iit_bombay\sine_society_for_innovation_entrepreneurship_iit_bombay_2025-11_home.txt,200,
SINE (Society for Innovation & Entrepreneurship) - IIT Bombay,about,2025-11,ok,20251106074715,2025-11-06,https://web.archive.org/web/20251106074715/https://www.sineiitb.org/about-us/,sine_society_for_innovation_entrepreneurship_iit_bombay\sine_society_for_innovation_entrepreneurship_iit_bombay_2025-11_about.html,sine_society_for_innovation_entrepreneurship_iit_bombay\sine_society_for_innovation_entrepreneurship_iit_bombay_2025-11_about.txt,200,
SINE (Society for Innovation & Entrepreneurship) - IIT Bombay,home,2025-12,lookup_error,,,,,,,Failed after 3 attempts: timed out
SINE (Society for Innovation & Entrepreneurship) - IIT Bombay,about,2025-12,ok,20251218004225,2025-12-18,https://web.archive.org/web/20251218004225/https://www.sineiitb.org/about-us/,sine_society_for_innovation_entrepreneurship_iit_bombay\sine_society_for_innovation_entrepreneurship_iit_bombay_2025-12_about.html,sine_society_for_innovation_entrepreneurship_iit_bombay\sine_society_for_innovation_entrepreneurship_iit_bombay_2025-12_about.txt,200,
SINE (Society for Innovation & Entrepreneurship) - IIT Bombay,home,2026-01,ok,20260102161520,2026-01-02,https://web.archive.org/web/20260102161520/https://www.sineiitb.org/,sine_society_for_innovation_entrepreneurship_iit_bombay\sine_society_for_innovation_entrepreneurship_iit_bombay_2026-01_home.html,sine_society_for_innovation_entrepreneurship_iit_bombay\sine_society_for_innovation_entrepreneurship_iit_bombay_2026-01_home.txt,200,
SINE (Society for Innovation & Entrepreneurship) - IIT Bombay,about,2026-01,no_snapshot,,,,,,,
SINE (Society for Innovation & Entrepreneurship) - IIT Bombay,home,2026-02,lookup_error,,,,,,,Failed after 3 attempts: timed out
SINE (Society for Innovation & Entrepreneurship) - IIT Bombay,about,2026-02,no_snapshot,,,,,,,
SINE (Society for Innovation & Entrepreneurship) - IIT Bombay,home,2026-03,ok,20260309233108,2026-03-09,https://web.archive.org/web/20260309233108/https://www.sineiitb.org/,sine_society_for_innovation_entrepreneurship_iit_bombay\sine_society_for_innovation_entrepreneurship_iit_bombay_2026-03_home.html,sine_society_for_innovation_entrepreneurship_iit_bombay\sine_society_for_innovation_entrepreneurship_iit_bombay_2026-03_home.txt,200,
SINE (Society for Innovation & Entrepreneurship) - IIT Bombay,about,2026-03,no_snapshot,,,,,,,
SINE (Society for Innovation & Entrepreneurship) - IIT Bombay,home,2026-04,no_snapshot,,,,,,,
SINE (Society for Innovation & Entrepreneurship) - IIT Bombay,about,2026-04,no_snapshot,,,,,,,
SINE (Society for Innovation & Entrepreneurship) - IIT Bombay,home,2026-05,lookup_error,,,,,,,Failed after 3 attempts: timed out
SINE (Society for Innovation & Entrepreneurship) - IIT Bombay,about,2026-05,no_snapshot,,,,,,,
SINE (Society for Innovation & Entrepreneurship) - IIT Bombay,home,2026-06,ok,20260609001542,2026-06-09,https://web.archive.org/web/20260609001542/https://www.sineiitb.org/,sine_society_for_innovation_entrepreneurship_iit_bombay\sine_society_for_innovation_entrepreneurship_iit_bombay_2026-06_home.html,sine_society_for_innovation_entrepreneurship_iit_bombay\sine_society_for_innovation_entrepreneurship_iit_bombay_2026-06_home.txt,200,
SINE (Society for Innovation & Entrepreneurship) - IIT Bombay,about,2026-06,no_snapshot,,,,,,,
SINE (Society for Innovation & Entrepreneurship) - IIT Bombay,home,2026-07,ok,20260725042008,2026-07-25,https://web.archive.org/web/20260725042008/https://www.sineiitb.org/,sine_society_for_innovation_entrepreneurship_iit_bombay\sine_society_for_innovation_entrepreneurship_iit_bombay_2026-07_home.html,sine_society_for_innovation_entrepreneurship_iit_bombay\sine_society_for_innovation_entrepreneurship_iit_bombay_2026-07_home.txt,200,
SINE (Society for Innovation & Entrepreneurship) - IIT Bombay,about,2026-07,no_snapshot,,,,,,,
SINE (Society for Innovation & Entrepreneurship) - IIT Bombay,home,2026-08,ok,20260806054913,2026-08-06,https://web.archive.org/web/20260806054913/https://www.sineiitb.org/,sine_society_for_innovation_entrepreneurship_iit_bombay\sine_society_for_innovation_entrepreneurship_iit_bombay_2026-08_home.html,sine_society_for_innovation_entrepreneurship_iit_bombay\sine_society_for_innovation_entrepreneurship_iit_bombay_2026-08_home.txt,200,
SINE (Society for Innovation & Entrepreneurship) - IIT Bombay,about,2026-08,no_snapshot,,,,,,,
SINE (Society for Innovation & Entrepreneurship) - IIT Bombay,home,2026-09,no_snapshot,,,,,,,
SINE (Society for Innovation & Entrepreneurship) - IIT Bombay,about,2026-09,no_snapshot,,,,,,,
IIT Madras Incubation Cell (IITMIC),home,2017-01,lookup_error,,,,,,,Failed after 3 attempts: timed out
IIT Madras Incubation Cell (IITMIC),about,2017-01,lookup_error,,,,,,,Failed after 3 attempts: timed out
IIT Madras Incubation Cell (IITMIC),home,2017-02,no_snapshot,,,,,,,
IIT Madras Incubation Cell (IITMIC),about,2017-02,lookup_error,,,,,,,Failed after 3 attempts: timed out
IIT Madras Incubation Cell (IITMIC),home,2017-03,no_snapshot,,,,,,,
IIT Madras Incubation Cell (IITMIC),about,2017-03,no_snapshot,,,,,,,
IIT Madras Incubation Cell (IITMIC),home,2017-04,no_snapshot,,,,,,,
IIT Madras Incubation Cell (IITMIC),about,2017-04,no_snapshot,,,,,,,
IIT Madras Incubation Cell (IITMIC),home,2017-05,no_snapshot,,,,,,,
IIT Madras Incubation Cell (IITMIC),about,2017-05,no_snapshot,,,,,,,
IIT Madras Incubation Cell (IITMIC),home,2017-06,no_snapshot,,,,,,,
IIT Madras Incubation Cell (IITMIC),about,2017-06,no_snapshot,,,,,,,
IIT Madras Incubation Cell (IITMIC),home,2017-07,no_snapshot,,,,,,,
IIT Madras Incubation Cell (IITMIC),about,2017-07,no_snapshot,,,,,,,
IIT Madras Incubation Cell (IITMIC),home,2017-08,no_snapshot,,,,,,,
IIT Madras Incubation Cell (IITMIC),about,2017-08,no_snapshot,,,,,,,
IIT Madras Incubation Cell (IITMIC),home,2017-09,no_snapshot,,,,,,,
IIT Madras Incubation Cell (IITMIC),about,2017-09,no_snapshot,,,,,,,
IIT Madras Incubation Cell (IITMIC),home,2017-10,no_snapshot,,,,,,,
IIT Madras Incubation Cell (IITMIC),about,2017-10,no_snapshot,,,,,,,
IIT Madras Incubation Cell (IITMIC),home,2017-11,no_snapshot,,,,,,,
IIT Madras Incubation Cell (IITMIC),about,2017-11,no_snapshot,,,,,,,
IIT Madras Incubation Cell (IITMIC),home,2017-12,no_snapshot,,,,,,,
IIT Madras Incubation Cell (IITMIC),about,2017-12,no_snapshot,,,,,,,
IIT Madras Incubation Cell (IITMIC),home,2018-01,no_snapshot,,,,,,,
IIT Madras Incubation Cell (IITMIC),about,2018-01,no_snapshot,,,,,,,
IIT Madras Incubation Cell (IITMIC),home,2018-02,no_snapshot,,,,,,,
IIT Madras Incubation Cell (IITMIC),about,2018-02,no_snapshot,,,,,,,
IIT Madras Incubation Cell (IITMIC),home,2018-03,no_snapshot,,,,,,,
IIT Madras Incubation Cell (IITMIC),about,2018-03,no_snapshot,,,,,,,
IIT Madras Incubation Cell (IITMIC),home,2018-04,no_snapshot,,,,,,,
IIT Madras Incubation Cell (IITMIC),about,2018-04,no_snapshot,,,,,,,
IIT Madras Incubation Cell (IITMIC),home,2018-05,no_snapshot,,,,,,,
IIT Madras Incubation Cell (IITMIC),about,2018-05,no_snapshot,,,,,,,
IIT Madras Incubation Cell (IITMIC),home,2018-06,no_snapshot,,,,,,,
IIT Madras Incubation Cell (IITMIC),about,2018-06,no_snapshot,,,,,,,
IIT Madras Incubation Cell (IITMIC),home,2018-07,no_snapshot,,,,,,,
IIT Madras Incubation Cell (IITMIC),about,2018-07,no_snapshot,,,,,,,
IIT Madras Incubation Cell (IITMIC),home,2018-08,no_snapshot,,,,,,,
IIT Madras Incubation Cell (IITMIC),about,2018-08,no_snapshot,,,,,,,
IIT Madras Incubation Cell (IITMIC),home,2018-09,no_snapshot,,,,,,,
IIT Madras Incubation Cell (IITMIC),about,2018-09,no_snapshot,,,,,,,
IIT Madras Incubation Cell (IITMIC),home,2018-10,no_snapshot,,,,,,,
IIT Madras Incubation Cell (IITMIC),about,2018-10,no_snapshot,,,,,,,
IIT Madras Incubation Cell (IITMIC),home,2018-11,no_snapshot,,,,,,,
IIT Madras Incubation Cell (IITMIC),about,2018-11,no_snapshot,,,,,,,
IIT Madras Incubation Cell (IITMIC),home,2018-12,no_snapshot,,,,,,,
IIT Madras Incubation Cell (IITMIC),about,2018-12,no_snapshot,,,,,,,
IIT Madras Incubation Cell (IITMIC),home,2019-01,no_snapshot,,,,,,,
IIT Madras Incubation Cell (IITMIC),about,2019-01,no_snapshot,,,,,,,
IIT Madras Incubation Cell (IITMIC),home,2019-02,no_snapshot,,,,,,,
IIT Madras Incubation Cell (IITMIC),about,2019-02,no_snapshot,,,,,,,
IIT Madras Incubation Cell (IITMIC),home,2019-03,no_snapshot,,,,,,,
IIT Madras Incubation Cell (IITMIC),about,2019-03,no_snapshot,,,,,,,
IIT Madras Incubation Cell (IITMIC),home,2019-04,no_snapshot,,,,,,,
IIT Madras Incubation Cell (IITMIC),about,2019-04,no_snapshot,,,,,,,
IIT Madras Incubation Cell (IITMIC),home,2019-05,no_snapshot,,,,,,,
IIT Madras Incubation Cell (IITMIC),about,2019-05,no_snapshot,,,,,,,
IIT Madras Incubation Cell (IITMIC),home,2019-06,no_snapshot,,,,,,,
IIT Madras Incubation Cell (IITMIC),about,2019-06,no_snapshot,,,,,,,
IIT Madras Incubation Cell (IITMIC),home,2019-07,no_snapshot,,,,,,,
IIT Madras Incubation Cell (IITMIC),about,2019-07,no_snapshot,,,,,,,
IIT Madras Incubation Cell (IITMIC),home,2019-08,no_snapshot,,,,,,,
IIT Madras Incubation Cell (IITMIC),about,2019-08,no_snapshot,,,,,,,
IIT Madras Incubation Cell (IITMIC),home,2019-09,no_snapshot,,,,,,,
IIT Madras Incubation Cell (IITMIC),about,2019-09,no_snapshot,,,,,,,
IIT Madras Incubation Cell (IITMIC),home,2019-10,no_snapshot,,,,,,,
IIT Madras Incubation Cell (IITMIC),about,2019-10,no_snapshot,,,,,,,
IIT Madras Incubation Cell (IITMIC),home,2019-11,no_snapshot,,,,,,,
IIT Madras Incubation Cell (IITMIC),about,2019-11,no_snapshot,,,,,,,
IIT Madras Incubation Cell (IITMIC),home,2019-12,no_snapshot,,,,,,,
IIT Madras Incubation Cell (IITMIC),about,2019-12,no_snapshot,,,,,,,
IIT Madras Incubation Cell (IITMIC),home,2020-01,no_snapshot,,,,,,,
IIT Madras Incubation Cell (IITMIC),about,2020-01,no_snapshot,,,,,,,
IIT Madras Incubation Cell (IITMIC),home,2020-02,no_snapshot,,,,,,,
IIT Madras Incubation Cell (IITMIC),about,2020-02,lookup_error,,,,,,,Failed after 3 attempts: timed out
IIT Madras Incubation Cell (IITMIC),home,2020-03,no_snapshot,,,,,,,
IIT Madras Incubation Cell (IITMIC),about,2020-03,no_snapshot,,,,,,,
IIT Madras Incubation Cell (IITMIC),home,2020-04,lookup_error,,,,,,,Failed after 3 attempts: timed out
IIT Madras Incubation Cell (IITMIC),about,2020-04,no_snapshot,,,,,,,
IIT Madras Incubation Cell (IITMIC),home,2020-05,no_snapshot,,,,,,,
IIT Madras Incubation Cell (IITMIC),about,2020-05,no_snapshot,,,,,,,
IIT Madras Incubation Cell (IITMIC),home,2020-06,no_snapshot,,,,,,,
IIT Madras Incubation Cell (IITMIC),about,2020-06,no_snapshot,,,,,,,
IIT Madras Incubation Cell (IITMIC),home,2020-07,no_snapshot,,,,,,,
IIT Madras Incubation Cell (IITMIC),about,2020-07,no_snapshot,,,,,,,
IIT Madras Incubation Cell (IITMIC),home,2020-08,no_snapshot,,,,,,,
IIT Madras Incubation Cell (IITMIC),about,2020-08,no_snapshot,,,,,,,
IIT Madras Incubation Cell (IITMIC),home,2020-09,no_snapshot,,,,,,,
IIT Madras Incubation Cell (IITMIC),about,2020-09,no_snapshot,,,,,,,
IIT Madras Incubation Cell (IITMIC),home,2020-10,no_snapshot,,,,,,,
IIT Madras Incubation Cell (IITMIC),about,2020-10,lookup_error,,,,,,,Failed after 3 attempts: timed out
IIT Madras Incubation Cell (IITMIC),home,2020-11,no_snapshot,,,,,,,
IIT Madras Incubation Cell (IITMIC),about,2020-11,no_snapshot,,,,,,,
IIT Madras Incubation Cell (IITMIC),home,2020-12,no_snapshot,,,,,,,
IIT Madras Incubation Cell (IITMIC),about,2020-12,no_snapshot,,,,,,,
IIT Madras Incubation Cell (IITMIC),home,2021-01,no_snapshot,,,,,,,
IIT Madras Incubation Cell (IITMIC),about,2021-01,no_snapshot,,,,,,,
IIT Madras Incubation Cell (IITMIC),home,2021-02,no_snapshot,,,,,,,
IIT Madras Incubation Cell (IITMIC),about,2021-02,no_snapshot,,,,,,,
IIT Madras Incubation Cell (IITMIC),home,2021-03,no_snapshot,,,,,,,
IIT Madras Incubation Cell (IITMIC),about,2021-03,no_snapshot,,,,,,,
IIT Madras Incubation Cell (IITMIC),home,2021-04,no_snapshot,,,,,,,
IIT Madras Incubation Cell (IITMIC),about,2021-04,no_snapshot,,,,,,,
IIT Madras Incubation Cell (IITMIC),home,2021-05,no_snapshot,,,,,,,
IIT Madras Incubation Cell (IITMIC),about,2021-05,no_snapshot,,,,,,,
IIT Madras Incubation Cell (IITMIC),home,2021-06,no_snapshot,,,,,,,
IIT Madras Incubation Cell (IITMIC),about,2021-06,no_snapshot,,,,,,,
IIT Madras Incubation Cell (IITMIC),home,2021-07,no_snapshot,,,,,,,
IIT Madras Incubation Cell (IITMIC),about,2021-07,ok,20210712001753,2021-07-12,https://web.archive.org/web/20210712001753/https://www.iitm.ac.in/research-park/incubation-cell,iit_madras_incubation_cell_iitmic\iit_madras_incubation_cell_iitmic_2021-07_about.html,iit_madras_incubation_cell_iitmic\iit_madras_incubation_cell_iitmic_2021-07_about.txt,200,
IIT Madras Incubation Cell (IITMIC),home,2021-08,no_snapshot,,,,,,,
IIT Madras Incubation Cell (IITMIC),about,2021-08,no_snapshot,,,,,,,
IIT Madras Incubation Cell (IITMIC),home,2021-09,no_snapshot,,,,,,,
IIT Madras Incubation Cell (IITMIC),about,2021-09,no_snapshot,,,,,,,
IIT Madras Incubation Cell (IITMIC),home,2021-10,no_snapshot,,,,,,,
IIT Madras Incubation Cell (IITMIC),about,2021-10,no_snapshot,,,,,,,
IIT Madras Incubation Cell (IITMIC),home,2021-11,no_snapshot,,,,,,,
IIT Madras Incubation Cell (IITMIC),about,2021-11,no_snapshot,,,,,,,
IIT Madras Incubation Cell (IITMIC),home,2021-12,no_snapshot,,,,,,,
IIT Madras Incubation Cell (IITMIC),about,2021-12,no_snapshot,,,,,,,
IIT Madras Incubation Cell (IITMIC),home,2022-01,no_snapshot,,,,,,,
IIT Madras Incubation Cell (IITMIC),about,2022-01,lookup_error,,,,,,,Failed after 3 attempts: timed out
IIT Madras Incubation Cell (IITMIC),home,2022-02,no_snapshot,,,,,,,
IIT Madras Incubation Cell (IITMIC),about,2022-02,no_snapshot,,,,,,,
IIT Madras Incubation Cell (IITMIC),home,2022-03,no_snapshot,,,,,,,
IIT Madras Incubation Cell (IITMIC),about,2022-03,no_snapshot,,,,,,,
IIT Madras Incubation Cell (IITMIC),home,2022-04,no_snapshot,,,,,,,
IIT Madras Incubation Cell (IITMIC),about,2022-04,no_snapshot,,,,,,,
IIT Madras Incubation Cell (IITMIC),home,2022-05,no_snapshot,,,,,,,
IIT Madras Incubation Cell (IITMIC),about,2022-05,no_snapshot,,,,,,,
IIT Madras Incubation Cell (IITMIC),home,2022-06,no_snapshot,,,,,,,
IIT Madras Incubation Cell (IITMIC),about,2022-06,no_snapshot,,,,,,,
IIT Madras Incubation Cell (IITMIC),home,2022-07,no_snapshot,,,,,,,
IIT Madras Incubation Cell (IITMIC),about,2022-07,no_snapshot,,,,,,,
IIT Madras Incubation Cell (IITMIC),home,2022-08,no_snapshot,,,,,,,
IIT Madras Incubation Cell (IITMIC),about,2022-08,no_snapshot,,,,,,,
IIT Madras Incubation Cell (IITMIC),home,2022-09,no_snapshot,,,,,,,
IIT Madras Incubation Cell (IITMIC),about,2022-09,no_snapshot,,,,,,,
IIT Madras Incubation Cell (IITMIC),home,2022-10,no_snapshot,,,,,,,
IIT Madras Incubation Cell (IITMIC),about,2022-10,no_snapshot,,,,,,,
IIT Madras Incubation Cell (IITMIC),home,2022-11,no_snapshot,,,,,,,
IIT Madras Incubation Cell (IITMIC),about,2022-11,no_snapshot,,,,,,,
IIT Madras Incubation Cell (IITMIC),home,2022-12,no_snapshot,,,,,,,
IIT Madras Incubation Cell (IITMIC),about,2022-12,no_snapshot,,,,,,,
IIT Madras Incubation Cell (IITMIC),home,2023-01,ok,20230130043938,2023-01-30,https://web.archive.org/web/20230130043938/https://www.iitm.ac.in/research-park/incubation-cell,iit_madras_incubation_cell_iitmic\iit_madras_incubation_cell_iitmic_2023-01_home.html,iit_madras_incubation_cell_iitmic\iit_madras_incubation_cell_iitmic_2023-01_home.txt,200,
IIT Madras Incubation Cell (IITMIC),about,2023-01,no_snapshot,,,,,,,
IIT Madras Incubation Cell (IITMIC),home,2023-02,no_snapshot,,,,,,,
IIT Madras Incubation Cell (IITMIC),about,2023-02,no_snapshot,,,,,,,
IIT Madras Incubation Cell (IITMIC),home,2023-03,no_snapshot,,,,,,,
IIT Madras Incubation Cell (IITMIC),about,2023-03,no_snapshot,,,,,,,
IIT Madras Incubation Cell (IITMIC),home,2023-04,no_snapshot,,,,,,,
IIT Madras Incubation Cell (IITMIC),about,2023-04,no_snapshot,,,,,,,
IIT Madras Incubation Cell (IITMIC),home,2023-05,no_snapshot,,,,,,,
IIT Madras Incubation Cell (IITMIC),about,2023-05,no_snapshot,,,,,,,
IIT Madras Incubation Cell (IITMIC),home,2023-06,no_snapshot,,,,,,,
IIT Madras Incubation Cell (IITMIC),about,2023-06,no_snapshot,,,,,,,
IIT Madras Incubation Cell (IITMIC),home,2023-07,no_snapshot,,,,,,,
IIT Madras Incubation Cell (IITMIC),about,2023-07,ok,20230717043738,2023-07-17,https://web.archive.org/web/20230717043738/https://www.iitm.ac.in/research-park/incubation-cell,iit_madras_incubation_cell_iitmic\iit_madras_incubation_cell_iitmic_2023-07_about.html,iit_madras_incubation_cell_iitmic\iit_madras_incubation_cell_iitmic_2023-07_about.txt,200,
IIT Madras Incubation Cell (IITMIC),home,2023-08,no_snapshot,,,,,,,
IIT Madras Incubation Cell (IITMIC),about,2023-08,no_snapshot,,,,,,,
IIT Madras Incubation Cell (IITMIC),home,2023-09,no_snapshot,,,,,,,
IIT Madras Incubation Cell (IITMIC),about,2023-09,no_snapshot,,,,,,,
IIT Madras Incubation Cell (IITMIC),home,2023-10,no_snapshot,,,,,,,
IIT Madras Incubation Cell (IITMIC),about,2023-10,no_snapshot,,,,,,,
IIT Madras Incubation Cell (IITMIC),home,2023-11,no_snapshot,,,,,,,
IIT Madras Incubation Cell (IITMIC),about,2023-11,no_snapshot,,,,,,,
IIT Madras Incubation Cell (IITMIC),home,2023-12,no_snapshot,,,,,,,
IIT Madras Incubation Cell (IITMIC),about,2023-12,no_snapshot,,,,,,,
IIT Madras Incubation Cell (IITMIC),home,2024-01,no_snapshot,,,,,,,
IIT Madras Incubation Cell (IITMIC),about,2024-01,no_snapshot,,,,,,,
IIT Madras Incubation Cell (IITMIC),home,2024-02,no_snapshot,,,,,,,
IIT Madras Incubation Cell (IITMIC),about,2024-02,no_snapshot,,,,,,,
IIT Madras Incubation Cell (IITMIC),home,2024-03,no_snapshot,,,,,,,
IIT Madras Incubation Cell (IITMIC),about,2024-03,no_snapshot,,,,,,,
IIT Madras Incubation Cell (IITMIC),home,2024-04,no_snapshot,,,,,,,
IIT Madras Incubation Cell (IITMIC),about,2024-04,lookup_error,,,,,,,Failed after 3 attempts: timed out
IIT Madras Incubation Cell (IITMIC),home,2024-05,no_snapshot,,,,,,,
IIT Madras Incubation Cell (IITMIC),about,2024-05,no_snapshot,,,,,,,
IIT Madras Incubation Cell (IITMIC),home,2024-06,no_snapshot,,,,,,,
IIT Madras Incubation Cell (IITMIC),about,2024-06,no_snapshot,,,,,,,
IIT Madras Incubation Cell (IITMIC),home,2024-07,no_snapshot,,,,,,,
IIT Madras Incubation Cell (IITMIC),about,2024-07,no_snapshot,,,,,,,
IIT Madras Incubation Cell (IITMIC),home,2024-08,ok,20240828063516,2024-08-28,https://web.archive.org/web/20240828063516/https://www.iitm.ac.in/research-park/incubation-cell,iit_madras_incubation_cell_iitmic\iit_madras_incubation_cell_iitmic_2024-08_home.html,iit_madras_incubation_cell_iitmic\iit_madras_incubation_cell_iitmic_2024-08_home.txt,200,
IIT Madras Incubation Cell (IITMIC),about,2024-08,ok,20240828063516,2024-08-28,https://web.archive.org/web/20240828063516/https://www.iitm.ac.in/research-park/incubation-cell,iit_madras_incubation_cell_iitmic\iit_madras_incubation_cell_iitmic_2024-08_about.html,iit_madras_incubation_cell_iitmic\iit_madras_incubation_cell_iitmic_2024-08_about.txt,200,
IIT Madras Incubation Cell (IITMIC),home,2024-09,ok,20240915165152,2024-09-15,https://web.archive.org/web/20240915165152/https://www.iitm.ac.in/research-park/incubation-cell,iit_madras_incubation_cell_iitmic\iit_madras_incubation_cell_iitmic_2024-09_home.html,iit_madras_incubation_cell_iitmic\iit_madras_incubation_cell_iitmic_2024-09_home.txt,200,
IIT Madras Incubation Cell (IITMIC),about,2024-09,no_snapshot,,,,,,,
IIT Madras Incubation Cell (IITMIC),home,2024-10,no_snapshot,,,,,,,
IIT Madras Incubation Cell (IITMIC),about,2024-10,lookup_error,,,,,,,Failed after 3 attempts: timed out
IIT Madras Incubation Cell (IITMIC),home,2024-11,ok,20241119005711,2024-11-19,https://web.archive.org/web/20241119005711/https://www.iitm.ac.in/research-park/incubation-cell,iit_madras_incubation_cell_iitmic\iit_madras_incubation_cell_iitmic_2024-11_home.html,iit_madras_incubation_cell_iitmic\iit_madras_incubation_cell_iitmic_2024-11_home.txt,200,
IIT Madras Incubation Cell (IITMIC),about,2024-11,ok,20241119005711,2024-11-19,https://web.archive.org/web/20241119005711/https://www.iitm.ac.in/research-park/incubation-cell,iit_madras_incubation_cell_iitmic\iit_madras_incubation_cell_iitmic_2024-11_about.html,iit_madras_incubation_cell_iitmic\iit_madras_incubation_cell_iitmic_2024-11_about.txt,200,
IIT Madras Incubation Cell (IITMIC),home,2024-12,ok,20241204055232,2024-12-04,https://web.archive.org/web/20241204055232/https://www.iitm.ac.in/research-park/incubation-cell,iit_madras_incubation_cell_iitmic\iit_madras_incubation_cell_iitmic_2024-12_home.html,iit_madras_incubation_cell_iitmic\iit_madras_incubation_cell_iitmic_2024-12_home.txt,200,
IIT Madras Incubation Cell (IITMIC),about,2024-12,ok,20241204055232,2024-12-04,https://web.archive.org/web/20241204055232/https://www.iitm.ac.in/research-park/incubation-cell,iit_madras_incubation_cell_iitmic\iit_madras_incubation_cell_iitmic_2024-12_about.html,iit_madras_incubation_cell_iitmic\iit_madras_incubation_cell_iitmic_2024-12_about.txt,200,
IIT Madras Incubation Cell (IITMIC),home,2025-01,ok,20250114172450,2025-01-14,https://web.archive.org/web/20250114172450/https://www.iitm.ac.in/research-park/incubation-cell,iit_madras_incubation_cell_iitmic\iit_madras_incubation_cell_iitmic_2025-01_home.html,iit_madras_incubation_cell_iitmic\iit_madras_incubation_cell_iitmic_2025-01_home.txt,200,
IIT Madras Incubation Cell (IITMIC),about,2025-01,ok,20250114172450,2025-01-14,https://web.archive.org/web/20250114172450/https://www.iitm.ac.in/research-park/incubation-cell,iit_madras_incubation_cell_iitmic\iit_madras_incubation_cell_iitmic_2025-01_about.html,iit_madras_incubation_cell_iitmic\iit_madras_incubation_cell_iitmic_2025-01_about.txt,200,
IIT Madras Incubation Cell (IITMIC),home,2025-02,ok,20250203103425,2025-02-03,https://web.archive.org/web/20250203103425/https://www.iitm.ac.in/research-park/incubation-cell,iit_madras_incubation_cell_iitmic\iit_madras_incubation_cell_iitmic_2025-02_home.html,iit_madras_incubation_cell_iitmic\iit_madras_incubation_cell_iitmic_2025-02_home.txt,200,
IIT Madras Incubation Cell (IITMIC),about,2025-02,ok,20250203103425,2025-02-03,https://web.archive.org/web/20250203103425/https://www.iitm.ac.in/research-park/incubation-cell,iit_madras_incubation_cell_iitmic\iit_madras_incubation_cell_iitmic_2025-02_about.html,iit_madras_incubation_cell_iitmic\iit_madras_incubation_cell_iitmic_2025-02_about.txt,200,
IIT Madras Incubation Cell (IITMIC),home,2025-03,no_snapshot,,,,,,,
IIT Madras Incubation Cell (IITMIC),about,2025-03,no_snapshot,,,,,,,
IIT Madras Incubation Cell (IITMIC),home,2025-04,no_snapshot,,,,,,,
IIT Madras Incubation Cell (IITMIC),about,2025-04,no_snapshot,,,,,,,
IIT Madras Incubation Cell (IITMIC),home,2025-05,no_snapshot,,,,,,,
IIT Madras Incubation Cell (IITMIC),about,2025-05,no_snapshot,,,,,,,
IIT Madras Incubation Cell (IITMIC),home,2025-06,no_snapshot,,,,,,,
IIT Madras Incubation Cell (IITMIC),about,2025-06,no_snapshot,,,,,,,
IIT Madras Incubation Cell (IITMIC),home,2025-07,ok,20250711134851,2025-07-11,https://web.archive.org/web/20250711134851/https://www.iitm.ac.in/research-park/incubation-cell,iit_madras_incubation_cell_iitmic\iit_madras_incubation_cell_iitmic_2025-07_home.html,iit_madras_incubation_cell_iitmic\iit_madras_incubation_cell_iitmic_2025-07_home.txt,200,
IIT Madras Incubation Cell (IITMIC),about,2025-07,ok,20250711134851,2025-07-11,https://web.archive.org/web/20250711134851/https://www.iitm.ac.in/research-park/incubation-cell,iit_madras_incubation_cell_iitmic\iit_madras_incubation_cell_iitmic_2025-07_about.html,iit_madras_incubation_cell_iitmic\iit_madras_incubation_cell_iitmic_2025-07_about.txt,200,
IIT Madras Incubation Cell (IITMIC),home,2025-08,no_snapshot,,,,,,,
IIT Madras Incubation Cell (IITMIC),about,2025-08,no_snapshot,,,,,,,
IIT Madras Incubation Cell (IITMIC),home,2025-09,no_snapshot,,,,,,,
IIT Madras Incubation Cell (IITMIC),about,2025-09,no_snapshot,,,,,,,
IIT Madras Incubation Cell (IITMIC),home,2025-10,no_snapshot,,,,,,,
IIT Madras Incubation Cell (IITMIC),about,2025-10,no_snapshot,,,,,,,
IIT Madras Incubation Cell (IITMIC),home,2025-11,no_snapshot,,,,,,,
IIT Madras Incubation Cell (IITMIC),about,2025-11,no_snapshot,,,,,,,
IIT Madras Incubation Cell (IITMIC),home,2025-12,no_snapshot,,,,,,,
IIT Madras Incubation Cell (IITMIC),about,2025-12,no_snapshot,,,,,,,
IIT Madras Incubation Cell (IITMIC),home,2026-01,no_snapshot,,,,,,,
IIT Madras Incubation Cell (IITMIC),about,2026-01,no_snapshot,,,,,,,
IIT Madras Incubation Cell (IITMIC),home,2026-02,ok,20260215211814,2026-02-15,https://web.archive.org/web/20260215211814/https://www.iitm.ac.in/research-park/incubation-cell,iit_madras_incubation_cell_iitmic\iit_madras_incubation_cell_iitmic_2026-02_home.html,iit_madras_incubation_cell_iitmic\iit_madras_incubation_cell_iitmic_2026-02_home.txt,200,
IIT Madras Incubation Cell (IITMIC),about,2026-02,ok,20260215211814,2026-02-15,https://web.archive.org/web/20260215211814/https://www.iitm.ac.in/research-park/incubation-cell,iit_madras_incubation_cell_iitmic\iit_madras_incubation_cell_iitmic_2026-02_about.html,iit_madras_incubation_cell_iitmic\iit_madras_incubation_cell_iitmic_2026-02_about.txt,200,
IIT Madras Incubation Cell (IITMIC),home,2026-03,no_snapshot,,,,,,,
IIT Madras Incubation Cell (IITMIC),about,2026-03,no_snapshot,,,,,,,
IIT Madras Incubation Cell (IITMIC),home,2026-04,ok,20260425042245,2026-04-25,https://web.archive.org/web/20260425042245/https://www.iitm.ac.in/research-park/incubation-cell,iit_madras_incubation_cell_iitmic\iit_madras_incubation_cell_iitmic_2026-04_home.html,iit_madras_incubation_cell_iitmic\iit_madras_incubation_cell_iitmic_2026-04_home.txt,200,
IIT Madras Incubation Cell (IITMIC),about,2026-04,ok,20260425042245,2026-04-25,https://web.archive.org/web/20260425042245/https://www.iitm.ac.in/research-park/incubation-cell,iit_madras_incubation_cell_iitmic\iit_madras_incubation_cell_iitmic_2026-04_about.html,iit_madras_incubation_cell_iitmic\iit_madras_incubation_cell_iitmic_2026-04_about.txt,200,
IIT Madras Incubation Cell (IITMIC),home,2026-05,no_snapshot,,,,,,,
IIT Madras Incubation Cell (IITMIC),about,2026-05,no_snapshot,,,,,,,
IIT Madras Incubation Cell (IITMIC),home,2026-06,no_snapshot,,,,,,,
IIT Madras Incubation Cell (IITMIC),about,2026-06,no_snapshot,,,,,,,
IIT Madras Incubation Cell (IITMIC),home,2026-07,no_snapshot,,,,,,,
IIT Madras Incubation Cell (IITMIC),about,2026-07,no_snapshot,,,,,,,
IIT Madras Incubation Cell (IITMIC),home,2026-08,no_snapshot,,,,,,,
IIT Madras Incubation Cell (IITMIC),about,2026-08,no_snapshot,,,,,,,
IIT Madras Incubation Cell (IITMIC),home,2026-09,no_snapshot,,,,,,,
IIT Madras Incubation Cell (IITMIC),about,2026-09,no_snapshot,,,,,,,
"Foundation For Innovation And Technology Transfer, IIT-D",home,2017-01,no_snapshot,,,,,,,
"Foundation For Innovation And Technology Transfer, IIT-D",about,2017-01,no_snapshot,,,,,,,
"Foundation For Innovation And Technology Transfer, IIT-D",home,2017-02,no_snapshot,,,,,,,
"Foundation For Innovation And Technology Transfer, IIT-D",about,2017-02,no_snapshot,,,,,,,
"Foundation For Innovation And Technology Transfer, IIT-D",home,2017-03,lookup_error,,,,,,,Failed after 3 attempts: timed out
"Foundation For Innovation And Technology Transfer, IIT-D",about,2017-03,no_snapshot,,,,,,,
"Foundation For Innovation And Technology Transfer, IIT-D",home,2017-04,no_snapshot,,,,,,,
"Foundation For Innovation And Technology Transfer, IIT-D",about,2017-04,no_snapshot,,,,,,,
"Foundation For Innovation And Technology Transfer, IIT-D",home,2017-05,no_snapshot,,,,,,,
"Foundation For Innovation And Technology Transfer, IIT-D",about,2017-05,no_snapshot,,,,,,,
"Foundation For Innovation And Technology Transfer, IIT-D",home,2017-06,no_snapshot,,,,,,,
"Foundation For Innovation And Technology Transfer, IIT-D",about,2017-06,no_snapshot,,,,,,,
"Foundation For Innovation And Technology Transfer, IIT-D",home,2017-07,no_snapshot,,,,,,,
"Foundation For Innovation And Technology Transfer, IIT-D",about,2017-07,no_snapshot,,,,,,,
"Foundation For Innovation And Technology Transfer, IIT-D",home,2017-08,no_snapshot,,,,,,,
"Foundation For Innovation And Technology Transfer, IIT-D",about,2017-08,no_snapshot,,,,,,,
"Foundation For Innovation And Technology Transfer, IIT-D",home,2017-09,no_snapshot,,,,,,,
"Foundation For Innovation And Technology Transfer, IIT-D",about,2017-09,no_snapshot,,,,,,,
"Foundation For Innovation And Technology Transfer, IIT-D",home,2017-10,no_snapshot,,,,,,,
"Foundation For Innovation And Technology Transfer, IIT-D",about,2017-10,no_snapshot,,,,,,,
"Foundation For Innovation And Technology Transfer, IIT-D",home,2017-11,no_snapshot,,,,,,,
"Foundation For Innovation And Technology Transfer, IIT-D",about,2017-11,no_snapshot,,,,,,,
"Foundation For Innovation And Technology Transfer, IIT-D",home,2017-12,no_snapshot,,,,,,,
"Foundation For Innovation And Technology Transfer, IIT-D",about,2017-12,no_snapshot,,,,,,,
"Foundation For Innovation And Technology Transfer, IIT-D",home,2018-01,no_snapshot,,,,,,,
"Foundation For Innovation And Technology Transfer, IIT-D",about,2018-01,no_snapshot,,,,,,,
"Foundation For Innovation And Technology Transfer, IIT-D",home,2018-02,no_snapshot,,,,,,,
"Foundation For Innovation And Technology Transfer, IIT-D",about,2018-02,no_snapshot,,,,,,,
"Foundation For Innovation And Technology Transfer, IIT-D",home,2018-03,no_snapshot,,,,,,,
"Foundation For Innovation And Technology Transfer, IIT-D",about,2018-03,no_snapshot,,,,,,,
"Foundation For Innovation And Technology Transfer, IIT-D",home,2018-04,no_snapshot,,,,,,,
"Foundation For Innovation And Technology Transfer, IIT-D",about,2018-04,no_snapshot,,,,,,,
"Foundation For Innovation And Technology Transfer, IIT-D",home,2018-05,no_snapshot,,,,,,,
"Foundation For Innovation And Technology Transfer, IIT-D",about,2018-05,no_snapshot,,,,,,,
"Foundation For Innovation And Technology Transfer, IIT-D",home,2018-06,no_snapshot,,,,,,,
"Foundation For Innovation And Technology Transfer, IIT-D",about,2018-06,no_snapshot,,,,,,,
"Foundation For Innovation And Technology Transfer, IIT-D",home,2018-07,no_snapshot,,,,,,,
"Foundation For Innovation And Technology Transfer, IIT-D",about,2018-07,no_snapshot,,,,,,,
"Foundation For Innovation And Technology Transfer, IIT-D",home,2018-08,no_snapshot,,,,,,,
"Foundation For Innovation And Technology Transfer, IIT-D",about,2018-08,no_snapshot,,,,,,,
"Foundation For Innovation And Technology Transfer, IIT-D",home,2018-09,lookup_error,,,,,,,Failed after 3 attempts: timed out
"Foundation For Innovation And Technology Transfer, IIT-D",about,2018-09,no_snapshot,,,,,,,
"Foundation For Innovation And Technology Transfer, IIT-D",home,2018-10,no_snapshot,,,,,,,
"Foundation For Innovation And Technology Transfer, IIT-D",about,2018-10,no_snapshot,,,,,,,
"Foundation For Innovation And Technology Transfer, IIT-D",home,2018-11,no_snapshot,,,,,,,
"Foundation For Innovation And Technology Transfer, IIT-D",about,2018-11,no_snapshot,,,,,,,
"Foundation For Innovation And Technology Transfer, IIT-D",home,2018-12,no_snapshot,,,,,,,
"Foundation For Innovation And Technology Transfer, IIT-D",about,2018-12,no_snapshot,,,,,,,
"Foundation For Innovation And Technology Transfer, IIT-D",home,2019-01,no_snapshot,,,,,,,
"Foundation For Innovation And Technology Transfer, IIT-D",about,2019-01,no_snapshot,,,,,,,
"Foundation For Innovation And Technology Transfer, IIT-D",home,2019-02,no_snapshot,,,,,,,
"Foundation For Innovation And Technology Transfer, IIT-D",about,2019-02,no_snapshot,,,,,,,
"Foundation For Innovation And Technology Transfer, IIT-D",home,2019-03,no_snapshot,,,,,,,
"Foundation For Innovation And Technology Transfer, IIT-D",about,2019-03,no_snapshot,,,,,,,
"Foundation For Innovation And Technology Transfer, IIT-D",home,2019-04,no_snapshot,,,,,,,
"Foundation For Innovation And Technology Transfer, IIT-D",about,2019-04,no_snapshot,,,,,,,
"Foundation For Innovation And Technology Transfer, IIT-D",home,2019-05,no_snapshot,,,,,,,
"Foundation For Innovation And Technology Transfer, IIT-D",about,2019-05,no_snapshot,,,,,,,
"Foundation For Innovation And Technology Transfer, IIT-D",home,2019-06,no_snapshot,,,,,,,
"Foundation For Innovation And Technology Transfer, IIT-D",about,2019-06,no_snapshot,,,,,,,
"Foundation For Innovation And Technology Transfer, IIT-D",home,2019-07,no_snapshot,,,,,,,
"Foundation For Innovation And Technology Transfer, IIT-D",about,2019-07,no_snapshot,,,,,,,
"Foundation For Innovation And Technology Transfer, IIT-D",home,2019-08,no_snapshot,,,,,,,
"Foundation For Innovation And Technology Transfer, IIT-D",about,2019-08,no_snapshot,,,,,,,
"Foundation For Innovation And Technology Transfer, IIT-D",home,2019-09,no_snapshot,,,,,,,
"Foundation For Innovation And Technology Transfer, IIT-D",about,2019-09,no_snapshot,,,,,,,
"Foundation For Innovation And Technology Transfer, IIT-D",home,2019-10,no_snapshot,,,,,,,
"Foundation For Innovation And Technology Transfer, IIT-D",about,2019-10,no_snapshot,,,,,,,
"Foundation For Innovation And Technology Transfer, IIT-D",home,2019-11,no_snapshot,,,,,,,
"Foundation For Innovation And Technology Transfer, IIT-D",about,2019-11,no_snapshot,,,,,,,
"Foundation For Innovation And Technology Transfer, IIT-D",home,2019-12,no_snapshot,,,,,,,
"Foundation For Innovation And Technology Transfer, IIT-D",about,2019-12,no_snapshot,,,,,,,
"Foundation For Innovation And Technology Transfer, IIT-D",home,2020-01,no_snapshot,,,,,,,
"Foundation For Innovation And Technology Transfer, IIT-D",about,2020-01,no_snapshot,,,,,,,
"Foundation For Innovation And Technology Transfer, IIT-D",home,2020-02,no_snapshot,,,,,,,
"Foundation For Innovation And Technology Transfer, IIT-D",about,2020-02,no_snapshot,,,,,,,
"Foundation For Innovation And Technology Transfer, IIT-D",home,2020-03,no_snapshot,,,,,,,
"Foundation For Innovation And Technology Transfer, IIT-D",about,2020-03,no_snapshot,,,,,,,
"Foundation For Innovation And Technology Transfer, IIT-D",home,2020-04,no_snapshot,,,,,,,
"Foundation For Innovation And Technology Transfer, IIT-D",about,2020-04,no_snapshot,,,,,,,
"Foundation For Innovation And Technology Transfer, IIT-D",home,2020-05,no_snapshot,,,,,,,
"Foundation For Innovation And Technology Transfer, IIT-D",about,2020-05,no_snapshot,,,,,,,
"Foundation For Innovation And Technology Transfer, IIT-D",home,2020-06,no_snapshot,,,,,,,
"Foundation For Innovation And Technology Transfer, IIT-D",about,2020-06,no_snapshot,,,,,,,
"Foundation For Innovation And Technology Transfer, IIT-D",home,2020-07,no_snapshot,,,,,,,
"Foundation For Innovation And Technology Transfer, IIT-D",about,2020-07,no_snapshot,,,,,,,
"Foundation For Innovation And Technology Transfer, IIT-D",home,2020-08,no_snapshot,,,,,,,
"Foundation For Innovation And Technology Transfer, IIT-D",about,2020-08,no_snapshot,,,,,,,
"Foundation For Innovation And Technology Transfer, IIT-D",home,2020-09,no_snapshot,,,,,,,
"Foundation For Innovation And Technology Transfer, IIT-D",about,2020-09,no_snapshot,,,,,,,
"Foundation For Innovation And Technology Transfer, IIT-D",home,2020-10,no_snapshot,,,,,,,
"Foundation For Innovation And Technology Transfer, IIT-D",about,2020-10,no_snapshot,,,,,,,
"Foundation For Innovation And Technology Transfer, IIT-D",home,2020-11,no_snapshot,,,,,,,
"Foundation For Innovation And Technology Transfer, IIT-D",about,2020-11,no_snapshot,,,,,,,
"Foundation For Innovation And Technology Transfer, IIT-D",home,2020-12,no_snapshot,,,,,,,
"Foundation For Innovation And Technology Transfer, IIT-D",about,2020-12,no_snapshot,,,,,,,
"Foundation For Innovation And Technology Transfer, IIT-D",home,2021-01,no_snapshot,,,,,,,
"Foundation For Innovation And Technology Transfer, IIT-D",about,2021-01,no_snapshot,,,,,,,
"Foundation For Innovation And Technology Transfer, IIT-D",home,2021-02,no_snapshot,,,,,,,
"Foundation For Innovation And Technology Transfer, IIT-D",about,2021-02,no_snapshot,,,,,,,
"Foundation For Innovation And Technology Transfer, IIT-D",home,2021-03,no_snapshot,,,,,,,
"Foundation For Innovation And Technology Transfer, IIT-D",about,2021-03,no_snapshot,,,,,,,
"Foundation For Innovation And Technology Transfer, IIT-D",home,2021-04,no_snapshot,,,,,,,
"Foundation For Innovation And Technology Transfer, IIT-D",about,2021-04,no_snapshot,,,,,,,
"Foundation For Innovation And Technology Transfer, IIT-D",home,2021-05,no_snapshot,,,,,,,
"Foundation For Innovation And Technology Transfer, IIT-D",about,2021-05,no_snapshot,,,,,,,
"Foundation For Innovation And Technology Transfer, IIT-D",home,2021-06,no_snapshot,,,,,,,
"Foundation For Innovation And Technology Transfer, IIT-D",about,2021-06,no_snapshot,,,,,,,
"Foundation For Innovation And Technology Transfer, IIT-D",home,2021-07,no_snapshot,,,,,,,
"Foundation For Innovation And Technology Transfer, IIT-D",about,2021-07,no_snapshot,,,,,,,
"Foundation For Innovation And Technology Transfer, IIT-D",home,2021-08,no_snapshot,,,,,,,
"Foundation For Innovation And Technology Transfer, IIT-D",about,2021-08,no_snapshot,,,,,,,
"Foundation For Innovation And Technology Transfer, IIT-D",home,2021-09,no_snapshot,,,,,,,
"Foundation For Innovation And Technology Transfer, IIT-D",about,2021-09,no_snapshot,,,,,,,
"Foundation For Innovation And Technology Transfer, IIT-D",home,2021-10,no_snapshot,,,,,,,
"Foundation For Innovation And Technology Transfer, IIT-D",about,2021-10,no_snapshot,,,,,,,
"Foundation For Innovation And Technology Transfer, IIT-D",home,2021-11,no_snapshot,,,,,,,
"Foundation For Innovation And Technology Transfer, IIT-D",about,2021-11,no_snapshot,,,,,,,
"Foundation For Innovation And Technology Transfer, IIT-D",home,2021-12,no_snapshot,,,,,,,
"Foundation For Innovation And Technology Transfer, IIT-D",about,2021-12,no_snapshot,,,,,,,
"Foundation For Innovation And Technology Transfer, IIT-D",home,2022-01,no_snapshot,,,,,,,
"Foundation For Innovation And Technology Transfer, IIT-D",about,2022-01,no_snapshot,,,,,,,
"Foundation For Innovation And Technology Transfer, IIT-D",home,2022-02,no_snapshot,,,,,,,
"Foundation For Innovation And Technology Transfer, IIT-D",about,2022-02,no_snapshot,,,,,,,
"Foundation For Innovation And Technology Transfer, IIT-D",home,2022-03,no_snapshot,,,,,,,
"Foundation For Innovation And Technology Transfer, IIT-D",about,2022-03,no_snapshot,,,,,,,
"Foundation For Innovation And Technology Transfer, IIT-D",home,2022-04,no_snapshot,,,,,,,
"Foundation For Innovation And Technology Transfer, IIT-D",about,2022-04,no_snapshot,,,,,,,
"Foundation For Innovation And Technology Transfer, IIT-D",home,2022-05,no_snapshot,,,,,,,
"Foundation For Innovation And Technology Transfer, IIT-D",about,2022-05,no_snapshot,,,,,,,
"Foundation For Innovation And Technology Transfer, IIT-D",home,2022-06,no_snapshot,,,,,,,
"Foundation For Innovation And Technology Transfer, IIT-D",about,2022-06,no_snapshot,,,,,,,
"Foundation For Innovation And Technology Transfer, IIT-D",home,2022-07,no_snapshot,,,,,,,
"Foundation For Innovation And Technology Transfer, IIT-D",about,2022-07,no_snapshot,,,,,,,
"Foundation For Innovation And Technology Transfer, IIT-D",home,2022-08,no_snapshot,,,,,,,
"Foundation For Innovation And Technology Transfer, IIT-D",about,2022-08,no_snapshot,,,,,,,
"Foundation For Innovation And Technology Transfer, IIT-D",home,2022-09,no_snapshot,,,,,,,
"Foundation For Innovation And Technology Transfer, IIT-D",about,2022-09,no_snapshot,,,,,,,
"Foundation For Innovation And Technology Transfer, IIT-D",home,2022-10,no_snapshot,,,,,,,
"Foundation For Innovation And Technology Transfer, IIT-D",about,2022-10,no_snapshot,,,,,,,
"Foundation For Innovation And Technology Transfer, IIT-D",home,2022-11,no_snapshot,,,,,,,
"Foundation For Innovation And Technology Transfer, IIT-D",about,2022-11,no_snapshot,,,,,,,
"Foundation For Innovation And Technology Transfer, IIT-D",home,2022-12,no_snapshot,,,,,,,
"Foundation For Innovation And Technology Transfer, IIT-D",about,2022-12,no_snapshot,,,,,,,
"Foundation For Innovation And Technology Transfer, IIT-D",home,2023-01,no_snapshot,,,,,,,
"Foundation For Innovation And Technology Transfer, IIT-D",about,2023-01,no_snapshot,,,,,,,
"Foundation For Innovation And Technology Transfer, IIT-D",home,2023-02,no_snapshot,,,,,,,
"Foundation For Innovation And Technology Transfer, IIT-D",about,2023-02,no_snapshot,,,,,,,
"Foundation For Innovation And Technology Transfer, IIT-D",home,2023-03,no_snapshot,,,,,,,
"Foundation For Innovation And Technology Transfer, IIT-D",about,2023-03,no_snapshot,,,,,,,
"Foundation For Innovation And Technology Transfer, IIT-D",home,2023-04,no_snapshot,,,,,,,
"Foundation For Innovation And Technology Transfer, IIT-D",about,2023-04,no_snapshot,,,,,,,
"Foundation For Innovation And Technology Transfer, IIT-D",home,2023-05,no_snapshot,,,,,,,
"Foundation For Innovation And Technology Transfer, IIT-D",about,2023-05,no_snapshot,,,,,,,
"Foundation For Innovation And Technology Transfer, IIT-D",home,2023-06,ok,20230605134838,2023-06-05,https://web.archive.org/web/20230605134838/http://fitt-iitd.in/web/home,foundation_for_innovation_and_technology_transfer_iit_d\foundation_for_innovation_and_technology_transfer_iit_d_2023-06_home.html,foundation_for_innovation_and_technology_transfer_iit_d\foundation_for_innovation_and_technology_transfer_iit_d_2023-06_home.txt,200,
"Foundation For Innovation And Technology Transfer, IIT-D",about,2023-06,ok,20230605142015,2023-06-05,https://web.archive.org/web/20230605142015/http://fitt-iitd.in/web/aboutus,foundation_for_innovation_and_technology_transfer_iit_d\foundation_for_innovation_and_technology_transfer_iit_d_2023-06_about.html,foundation_for_innovation_and_technology_transfer_iit_d\foundation_for_innovation_and_technology_transfer_iit_d_2023-06_about.txt,200,
"Foundation For Innovation And Technology Transfer, IIT-D",home,2023-07,ok,20230701123137,2023-07-01,https://web.archive.org/web/20230701123137/https://fitt-iitd.in/web/home,foundation_for_innovation_and_technology_transfer_iit_d\foundation_for_innovation_and_technology_transfer_iit_d_2023-07_home.html,foundation_for_innovation_and_technology_transfer_iit_d\foundation_for_innovation_and_technology_transfer_iit_d_2023-07_home.txt,200,
"Foundation For Innovation And Technology Transfer, IIT-D",about,2023-07,no_snapshot,,,,,,,
"Foundation For Innovation And Technology Transfer, IIT-D",home,2023-08,no_snapshot,,,,,,,
"Foundation For Innovation And Technology Transfer, IIT-D",about,2023-08,no_snapshot,,,,,,,
"Foundation For Innovation And Technology Transfer, IIT-D",home,2023-09,no_snapshot,,,,,,,
"Foundation For Innovation And Technology Transfer, IIT-D",about,2023-09,no_snapshot,,,,,,,
"Foundation For Innovation And Technology Transfer, IIT-D",home,2023-10,ok,20231004065055,2023-10-04,https://web.archive.org/web/20231004065055/https://fitt-iitd.in/web/home,foundation_for_innovation_and_technology_transfer_iit_d\foundation_for_innovation_and_technology_transfer_iit_d_2023-10_home.html,foundation_for_innovation_and_technology_transfer_iit_d\foundation_for_innovation_and_technology_transfer_iit_d_2023-10_home.txt,200,
"Foundation For Innovation And Technology Transfer, IIT-D",about,2023-10,ok,20231004065357,2023-10-04,https://web.archive.org/web/20231004065357/https://fitt-iitd.in/web/aboutus,foundation_for_innovation_and_technology_transfer_iit_d\foundation_for_innovation_and_technology_transfer_iit_d_2023-10_about.html,foundation_for_innovation_and_technology_transfer_iit_d\foundation_for_innovation_and_technology_transfer_iit_d_2023-10_about.txt,200,
"Foundation For Innovation And Technology Transfer, IIT-D",home,2023-11,no_snapshot,,,,,,,
"Foundation For Innovation And Technology Transfer, IIT-D",about,2023-11,no_snapshot,,,,,,,
"Foundation For Innovation And Technology Transfer, IIT-D",home,2023-12,ok,20231202021833,2023-12-02,https://web.archive.org/web/20231202021833/https://fitt-iitd.in/web/home,foundation_for_innovation_and_technology_transfer_iit_d\foundation_for_innovation_and_technology_transfer_iit_d_2023-12_home.html,foundation_for_innovation_and_technology_transfer_iit_d\foundation_for_innovation_and_technology_transfer_iit_d_2023-12_home.txt,200,
"Foundation For Innovation And Technology Transfer, IIT-D",about,2023-12,no_snapshot,,,,,,,
"Foundation For Innovation And Technology Transfer, IIT-D",home,2024-01,no_snapshot,,,,,,,
"Foundation For Innovation And Technology Transfer, IIT-D",about,2024-01,no_snapshot,,,,,,,
"Foundation For Innovation And Technology Transfer, IIT-D",home,2024-02,ok,20240227031441,2024-02-27,https://web.archive.org/web/20240227031441/https://www.fitt-iitd.in/web/home,foundation_for_innovation_and_technology_transfer_iit_d\foundation_for_innovation_and_technology_transfer_iit_d_2024-02_home.html,foundation_for_innovation_and_technology_transfer_iit_d\foundation_for_innovation_and_technology_transfer_iit_d_2024-02_home.txt,200,
"Foundation For Innovation And Technology Transfer, IIT-D",about,2024-02,no_snapshot,,,,,,,
"Foundation For Innovation And Technology Transfer, IIT-D",home,2024-03,ok,20240304071439,2024-03-04,https://web.archive.org/web/20240304071439/https://fitt-iitd.in/web/home,foundation_for_innovation_and_technology_transfer_iit_d\foundation_for_innovation_and_technology_transfer_iit_d_2024-03_home.html,foundation_for_innovation_and_technology_transfer_iit_d\foundation_for_innovation_and_technology_transfer_iit_d_2024-03_home.txt,200,
"Foundation For Innovation And Technology Transfer, IIT-D",about,2024-03,ok,20240304084319,2024-03-04,https://web.archive.org/web/20240304084319/https://fitt-iitd.in/web/aboutus,foundation_for_innovation_and_technology_transfer_iit_d\foundation_for_innovation_and_technology_transfer_iit_d_2024-03_about.html,foundation_for_innovation_and_technology_transfer_iit_d\foundation_for_innovation_and_technology_transfer_iit_d_2024-03_about.txt,200,
"Foundation For Innovation And Technology Transfer, IIT-D",home,2024-04,ok,20240404205411,2024-04-04,https://web.archive.org/web/20240404205411/https://fitt-iitd.in/web/home,foundation_for_innovation_and_technology_transfer_iit_d\foundation_for_innovation_and_technology_transfer_iit_d_2024-04_home.html,foundation_for_innovation_and_technology_transfer_iit_d\foundation_for_innovation_and_technology_transfer_iit_d_2024-04_home.txt,200,
"Foundation For Innovation And Technology Transfer, IIT-D",about,2024-04,no_snapshot,,,,,,,
"Foundation For Innovation And Technology Transfer, IIT-D",home,2024-05,ok,20240520010809,2024-05-20,https://web.archive.org/web/20240520010809/https://fitt-iitd.in/web/home,foundation_for_innovation_and_technology_transfer_iit_d\foundation_for_innovation_and_technology_transfer_iit_d_2024-05_home.html,foundation_for_innovation_and_technology_transfer_iit_d\foundation_for_innovation_and_technology_transfer_iit_d_2024-05_home.txt,200,
"Foundation For Innovation And Technology Transfer, IIT-D",about,2024-05,no_snapshot,,,,,,,
"Foundation For Innovation And Technology Transfer, IIT-D",home,2024-06,ok,20240602134034,2024-06-02,https://web.archive.org/web/20240602134034/https://fitt-iitd.in/web/home,foundation_for_innovation_and_technology_transfer_iit_d\foundation_for_innovation_and_technology_transfer_iit_d_2024-06_home.html,foundation_for_innovation_and_technology_transfer_iit_d\foundation_for_innovation_and_technology_transfer_iit_d_2024-06_home.txt,200,
"Foundation For Innovation And Technology Transfer, IIT-D",about,2024-06,ok,20240614194322,2024-06-14,https://web.archive.org/web/20240614194322/http://www.fitt-iitd.in/web/aboutus,foundation_for_innovation_and_technology_transfer_iit_d\foundation_for_innovation_and_technology_transfer_iit_d_2024-06_about.html,foundation_for_innovation_and_technology_transfer_iit_d\foundation_for_innovation_and_technology_transfer_iit_d_2024-06_about.txt,200,
"Foundation For Innovation And Technology Transfer, IIT-D",home,2024-07,ok,20240709000836,2024-07-09,https://web.archive.org/web/20240709000836/http://www.fitt-iitd.in/web/home,foundation_for_innovation_and_technology_transfer_iit_d\foundation_for_innovation_and_technology_transfer_iit_d_2024-07_home.html,foundation_for_innovation_and_technology_transfer_iit_d\foundation_for_innovation_and_technology_transfer_iit_d_2024-07_home.txt,200,
"Foundation For Innovation And Technology Transfer, IIT-D",about,2024-07,ok,20240719214207,2024-07-19,https://web.archive.org/web/20240719214207/https://fitt-iitd.in/web/aboutus,foundation_for_innovation_and_technology_transfer_iit_d\foundation_for_innovation_and_technology_transfer_iit_d_2024-07_about.html,foundation_for_innovation_and_technology_transfer_iit_d\foundation_for_innovation_and_technology_transfer_iit_d_2024-07_about.txt,200,
"Foundation For Innovation And Technology Transfer, IIT-D",home,2024-08,ok,20240802113654,2024-08-02,https://web.archive.org/web/20240802113654/https://www.fitt-iitd.in/web/home,foundation_for_innovation_and_technology_transfer_iit_d\foundation_for_innovation_and_technology_transfer_iit_d_2024-08_home.html,foundation_for_innovation_and_technology_transfer_iit_d\foundation_for_innovation_and_technology_transfer_iit_d_2024-08_home.txt,200,
"Foundation For Innovation And Technology Transfer, IIT-D",about,2024-08,no_snapshot,,,,,,,
"Foundation For Innovation And Technology Transfer, IIT-D",home,2024-09,ok,20240903232610,2024-09-03,https://web.archive.org/web/20240903232610/https://fitt-iitd.in/web/home,foundation_for_innovation_and_technology_transfer_iit_d\foundation_for_innovation_and_technology_transfer_iit_d_2024-09_home.html,foundation_for_innovation_and_technology_transfer_iit_d\foundation_for_innovation_and_technology_transfer_iit_d_2024-09_home.txt,200,
"Foundation For Innovation And Technology Transfer, IIT-D",about,2024-09,ok,20240908194327,2024-09-08,https://web.archive.org/web/20240908194327/https://fitt-iitd.in/web/aboutus,foundation_for_innovation_and_technology_transfer_iit_d\foundation_for_innovation_and_technology_transfer_iit_d_2024-09_about.html,foundation_for_innovation_and_technology_transfer_iit_d\foundation_for_innovation_and_technology_transfer_iit_d_2024-09_about.txt,200,
"Foundation For Innovation And Technology Transfer, IIT-D",home,2024-10,ok,20241012161019,2024-10-12,https://web.archive.org/web/20241012161019/https://fitt-iitd.in/web/home,foundation_for_innovation_and_technology_transfer_iit_d\foundation_for_innovation_and_technology_transfer_iit_d_2024-10_home.html,foundation_for_innovation_and_technology_transfer_iit_d\foundation_for_innovation_and_technology_transfer_iit_d_2024-10_home.txt,200,
"Foundation For Innovation And Technology Transfer, IIT-D",about,2024-10,no_snapshot,,,,,,,
"Foundation For Innovation And Technology Transfer, IIT-D",home,2024-11,ok,20241110021456,2024-11-10,https://web.archive.org/web/20241110021456/https://fitt-iitd.in/web/home,foundation_for_innovation_and_technology_transfer_iit_d\foundation_for_innovation_and_technology_transfer_iit_d_2024-11_home.html,foundation_for_innovation_and_technology_transfer_iit_d\foundation_for_innovation_and_technology_transfer_iit_d_2024-11_home.txt,200,
"Foundation For Innovation And Technology Transfer, IIT-D",about,2024-11,ok,20241113124930,2024-11-13,https://web.archive.org/web/20241113124930/http://www.fitt-iitd.in/web/aboutus,foundation_for_innovation_and_technology_transfer_iit_d\foundation_for_innovation_and_technology_transfer_iit_d_2024-11_about.html,foundation_for_innovation_and_technology_transfer_iit_d\foundation_for_innovation_and_technology_transfer_iit_d_2024-11_about.txt,200,
"Foundation For Innovation And Technology Transfer, IIT-D",home,2024-12,ok,20241202231559,2024-12-02,https://web.archive.org/web/20241202231559/https://fitt-iitd.in/web/home,foundation_for_innovation_and_technology_transfer_iit_d\foundation_for_innovation_and_technology_transfer_iit_d_2024-12_home.html,foundation_for_innovation_and_technology_transfer_iit_d\foundation_for_innovation_and_technology_transfer_iit_d_2024-12_home.txt,200,
"Foundation For Innovation And Technology Transfer, IIT-D",about,2024-12,ok,20241203145855,2024-12-03,https://web.archive.org/web/20241203145855/https://fitt-iitd.in/web/aboutus,foundation_for_innovation_and_technology_transfer_iit_d\foundation_for_innovation_and_technology_transfer_iit_d_2024-12_about.html,foundation_for_innovation_and_technology_transfer_iit_d\foundation_for_innovation_and_technology_transfer_iit_d_2024-12_about.txt,200,
"Foundation For Innovation And Technology Transfer, IIT-D",home,2025-01,ok,20250120153334,2025-01-20,https://web.archive.org/web/20250120153334/https://www.fitt-iitd.in/web/home,foundation_for_innovation_and_technology_transfer_iit_d\foundation_for_innovation_and_technology_transfer_iit_d_2025-01_home.html,foundation_for_innovation_and_technology_transfer_iit_d\foundation_for_innovation_and_technology_transfer_iit_d_2025-01_home.txt,200,
"Foundation For Innovation And Technology Transfer, IIT-D",about,2025-01,ok,20250123072727,2025-01-23,https://web.archive.org/web/20250123072727/https://fitt-iitd.in/web/aboutus,foundation_for_innovation_and_technology_transfer_iit_d\foundation_for_innovation_and_technology_transfer_iit_d_2025-01_about.html,foundation_for_innovation_and_technology_transfer_iit_d\foundation_for_innovation_and_technology_transfer_iit_d_2025-01_about.txt,200,
"Foundation For Innovation And Technology Transfer, IIT-D",home,2025-02,ok,20250209020351,2025-02-09,https://web.archive.org/web/20250209020351/https://fitt-iitd.in/web/home,foundation_for_innovation_and_technology_transfer_iit_d\foundation_for_innovation_and_technology_transfer_iit_d_2025-02_home.html,foundation_for_innovation_and_technology_transfer_iit_d\foundation_for_innovation_and_technology_transfer_iit_d_2025-02_home.txt,200,
"Foundation For Innovation And Technology Transfer, IIT-D",about,2025-02,no_snapshot,,,,,,,
"Foundation For Innovation And Technology Transfer, IIT-D",home,2025-03,ok,20250324191537,2025-03-24,https://web.archive.org/web/20250324191537/https://fitt-iitd.in/web/home,foundation_for_innovation_and_technology_transfer_iit_d\foundation_for_innovation_and_technology_transfer_iit_d_2025-03_home.html,foundation_for_innovation_and_technology_transfer_iit_d\foundation_for_innovation_and_technology_transfer_iit_d_2025-03_home.txt,200,
"Foundation For Innovation And Technology Transfer, IIT-D",about,2025-03,ok,20250324195111,2025-03-24,https://web.archive.org/web/20250324195111/https://fitt-iitd.in/web/aboutus,foundation_for_innovation_and_technology_transfer_iit_d\foundation_for_innovation_and_technology_transfer_iit_d_2025-03_about.html,foundation_for_innovation_and_technology_transfer_iit_d\foundation_for_innovation_and_technology_transfer_iit_d_2025-03_about.txt,200,
"Foundation For Innovation And Technology Transfer, IIT-D",home,2025-04,ok,20250421013400,2025-04-21,https://web.archive.org/web/20250421013400/https://fitt-iitd.in/web/home,foundation_for_innovation_and_technology_transfer_iit_d\foundation_for_innovation_and_technology_transfer_iit_d_2025-04_home.html,foundation_for_innovation_and_technology_transfer_iit_d\foundation_for_innovation_and_technology_transfer_iit_d_2025-04_home.txt,200,
"Foundation For Innovation And Technology Transfer, IIT-D",about,2025-04,ok,20250421022712,2025-04-21,https://web.archive.org/web/20250421022712/http://fitt-iitd.in/web/aboutus,foundation_for_innovation_and_technology_transfer_iit_d\foundation_for_innovation_and_technology_transfer_iit_d_2025-04_about.html,foundation_for_innovation_and_technology_transfer_iit_d\foundation_for_innovation_and_technology_transfer_iit_d_2025-04_about.txt,200,
"Foundation For Innovation And Technology Transfer, IIT-D",home,2025-05,ok,20250514195201,2025-05-14,https://web.archive.org/web/20250514195201/https://www.fitt-iitd.in/web/home,foundation_for_innovation_and_technology_transfer_iit_d\foundation_for_innovation_and_technology_transfer_iit_d_2025-05_home.html,foundation_for_innovation_and_technology_transfer_iit_d\foundation_for_innovation_and_technology_transfer_iit_d_2025-05_home.txt,200,
"Foundation For Innovation And Technology Transfer, IIT-D",about,2025-05,no_snapshot,,,,,,,
"Foundation For Innovation And Technology Transfer, IIT-D",home,2025-06,ok,20250606151309,2025-06-06,https://web.archive.org/web/20250606151309/https://fitt-iitd.in/web/home,foundation_for_innovation_and_technology_transfer_iit_d\foundation_for_innovation_and_technology_transfer_iit_d_2025-06_home.html,foundation_for_innovation_and_technology_transfer_iit_d\foundation_for_innovation_and_technology_transfer_iit_d_2025-06_home.txt,200,
"Foundation For Innovation And Technology Transfer, IIT-D",about,2025-06,no_snapshot,,,,,,,
"Foundation For Innovation And Technology Transfer, IIT-D",home,2025-07,ok,20250708090310,2025-07-08,https://web.archive.org/web/20250708090310/http://fitt-iitd.in/web/home,foundation_for_innovation_and_technology_transfer_iit_d\foundation_for_innovation_and_technology_transfer_iit_d_2025-07_home.html,foundation_for_innovation_and_technology_transfer_iit_d\foundation_for_innovation_and_technology_transfer_iit_d_2025-07_home.txt,200,
"Foundation For Innovation And Technology Transfer, IIT-D",about,2025-07,ok,20250715201121,2025-07-15,https://web.archive.org/web/20250715201121/http://www.fitt-iitd.in/web/aboutus,foundation_for_innovation_and_technology_transfer_iit_d\foundation_for_innovation_and_technology_transfer_iit_d_2025-07_about.html,foundation_for_innovation_and_technology_transfer_iit_d\foundation_for_innovation_and_technology_transfer_iit_d_2025-07_about.txt,200,
"Foundation For Innovation And Technology Transfer, IIT-D",home,2025-08,ok,20250803062202,2025-08-03,https://web.archive.org/web/20250803062202/https://fitt-iitd.in/web/home,foundation_for_innovation_and_technology_transfer_iit_d\foundation_for_innovation_and_technology_transfer_iit_d_2025-08_home.html,foundation_for_innovation_and_technology_transfer_iit_d\foundation_for_innovation_and_technology_transfer_iit_d_2025-08_home.txt,200,
"Foundation For Innovation And Technology Transfer, IIT-D",about,2025-08,no_snapshot,,,,,,,
"Foundation For Innovation And Technology Transfer, IIT-D",home,2025-09,ok,20250904153757,2025-09-04,https://web.archive.org/web/20250904153757/https://fitt-iitd.in/web/home,foundation_for_innovation_and_technology_transfer_iit_d\foundation_for_innovation_and_technology_transfer_iit_d_2025-09_home.html,foundation_for_innovation_and_technology_transfer_iit_d\foundation_for_innovation_and_technology_transfer_iit_d_2025-09_home.txt,200,
"Foundation For Innovation And Technology Transfer, IIT-D",about,2025-09,no_snapshot,,,,,,,
"Foundation For Innovation And Technology Transfer, IIT-D",home,2025-10,ok,20251006161422,2025-10-06,https://web.archive.org/web/20251006161422/https://fitt-iitd.in/web/home,foundation_for_innovation_and_technology_transfer_iit_d\foundation_for_innovation_and_technology_transfer_iit_d_2025-10_home.html,foundation_for_innovation_and_technology_transfer_iit_d\foundation_for_innovation_and_technology_transfer_iit_d_2025-10_home.txt,200,
"Foundation For Innovation And Technology Transfer, IIT-D",about,2025-10,ok,20251011134455,2025-10-11,https://web.archive.org/web/20251011134455/https://fitt-iitd.in/web/aboutus,foundation_for_innovation_and_technology_transfer_iit_d\foundation_for_innovation_and_technology_transfer_iit_d_2025-10_about.html,foundation_for_innovation_and_technology_transfer_iit_d\foundation_for_innovation_and_technology_transfer_iit_d_2025-10_about.txt,200,
"Foundation For Innovation And Technology Transfer, IIT-D",home,2025-11,ok,20251107154828,2025-11-07,https://web.archive.org/web/20251107154828/https://fitt-iitd.in/web/home,foundation_for_innovation_and_technology_transfer_iit_d\foundation_for_innovation_and_technology_transfer_iit_d_2025-11_home.html,foundation_for_innovation_and_technology_transfer_iit_d\foundation_for_innovation_and_technology_transfer_iit_d_2025-11_home.txt,200,
"Foundation For Innovation And Technology Transfer, IIT-D",about,2025-11,no_snapshot,,,,,,,
"Foundation For Innovation And Technology Transfer, IIT-D",home,2025-12,ok,20251204161909,2025-12-04,https://web.archive.org/web/20251204161909/https://fitt-iitd.in/web/home,foundation_for_innovation_and_technology_transfer_iit_d\foundation_for_innovation_and_technology_transfer_iit_d_2025-12_home.html,foundation_for_innovation_and_technology_transfer_iit_d\foundation_for_innovation_and_technology_transfer_iit_d_2025-12_home.txt,200,
"Foundation For Innovation And Technology Transfer, IIT-D",about,2025-12,no_snapshot,,,,,,,
"Foundation For Innovation And Technology Transfer, IIT-D",home,2026-01,ok,20260121160818,2026-01-21,https://web.archive.org/web/20260121160818/https://fitt-iitd.in/web/home,foundation_for_innovation_and_technology_transfer_iit_d\foundation_for_innovation_and_technology_transfer_iit_d_2026-01_home.html,foundation_for_innovation_and_technology_transfer_iit_d\foundation_for_innovation_and_technology_transfer_iit_d_2026-01_home.txt,200,
"Foundation For Innovation And Technology Transfer, IIT-D",about,2026-01,no_snapshot,,,,,,,
"Foundation For Innovation And Technology Transfer, IIT-D",home,2026-02,ok,20260201214636,2026-02-01,https://web.archive.org/web/20260201214636/https://fitt-iitd.in/web/home,foundation_for_innovation_and_technology_transfer_iit_d\foundation_for_innovation_and_technology_transfer_iit_d_2026-02_home.html,foundation_for_innovation_and_technology_transfer_iit_d\foundation_for_innovation_and_technology_transfer_iit_d_2026-02_home.txt,200,
"Foundation For Innovation And Technology Transfer, IIT-D",about,2026-02,no_snapshot,,,,,,,
"Foundation For Innovation And Technology Transfer, IIT-D",home,2026-03,ok,20260317002620,2026-03-17,https://web.archive.org/web/20260317002620/https://fitt-iitd.in/web/home,foundation_for_innovation_and_technology_transfer_iit_d\foundation_for_innovation_and_technology_transfer_iit_d_2026-03_home.html,foundation_for_innovation_and_technology_transfer_iit_d\foundation_for_innovation_and_technology_transfer_iit_d_2026-03_home.txt,200,
"Foundation For Innovation And Technology Transfer, IIT-D",about,2026-03,ok,20260317002930,2026-03-17,https://web.archive.org/web/20260317002930/https://fitt-iitd.in/web/aboutus,foundation_for_innovation_and_technology_transfer_iit_d\foundation_for_innovation_and_technology_transfer_iit_d_2026-03_about.html,foundation_for_innovation_and_technology_transfer_iit_d\foundation_for_innovation_and_technology_transfer_iit_d_2026-03_about.txt,200,
"Foundation For Innovation And Technology Transfer, IIT-D",home,2026-04,ok,20260410154708,2026-04-10,https://web.archive.org/web/20260410154708/http://fitt-iitd.in/web/home,foundation_for_innovation_and_technology_transfer_iit_d\foundation_for_innovation_and_technology_transfer_iit_d_2026-04_home.html,foundation_for_innovation_and_technology_transfer_iit_d\foundation_for_innovation_and_technology_transfer_iit_d_2026-04_home.txt,200,
"Foundation For Innovation And Technology Transfer, IIT-D",about,2026-04,no_snapshot,,,,,,,
"Foundation For Innovation And Technology Transfer, IIT-D",home,2026-05,ok,20260509224358,2026-05-09,https://web.archive.org/web/20260509224358/http://fitt-iitd.in/web/home,foundation_for_innovation_and_technology_transfer_iit_d\foundation_for_innovation_and_technology_transfer_iit_d_2026-05_home.html,foundation_for_innovation_and_technology_transfer_iit_d\foundation_for_innovation_and_technology_transfer_iit_d_2026-05_home.txt,200,
"Foundation For Innovation And Technology Transfer, IIT-D",about,2026-05,no_snapshot,,,,,,,
"Foundation For Innovation And Technology Transfer, IIT-D",home,2026-06,ok,20260607103939,2026-06-07,https://web.archive.org/web/20260607103939/http://fitt-iitd.in/web/home,foundation_for_innovation_and_technology_transfer_iit_d\foundation_for_innovation_and_technology_transfer_iit_d_2026-06_home.html,foundation_for_innovation_and_technology_transfer_iit_d\foundation_for_innovation_and_technology_transfer_iit_d_2026-06_home.txt,200,
"Foundation For Innovation And Technology Transfer, IIT-D",about,2026-06,ok,20260607111829,2026-06-07,https://web.archive.org/web/20260607111829/https://fitt-iitd.in/web/aboutus,foundation_for_innovation_and_technology_transfer_iit_d\foundation_for_innovation_and_technology_transfer_iit_d_2026-06_about.html,foundation_for_innovation_and_technology_transfer_iit_d\foundation_for_innovation_and_technology_transfer_iit_d_2026-06_about.txt,200,
"Foundation For Innovation And Technology Transfer, IIT-D",home,2026-07,no_snapshot,,,,,,,
"Foundation For Innovation And Technology Transfer, IIT-D",about,2026-07,no_snapshot,,,,,,,
"Foundation For Innovation And Technology Transfer, IIT-D",home,2026-08,no_snapshot,,,,,,,
"Foundation For Innovation And Technology Transfer, IIT-D",about,2026-08,no_snapshot,,,,,,,
"Foundation For Innovation And Technology Transfer, IIT-D",home,2026-09,ok,20260914193740,2026-09-14,https://web.archive.org/web/20260914193740/https://fitt-iitd.in/web/home,foundation_for_innovation_and_technology_transfer_iit_d\foundation_for_innovation_and_technology_transfer_iit_d_2026-09_home.html,foundation_for_innovation_and_technology_transfer_iit_d\foundation_for_innovation_and_technology_transfer_iit_d_2026-09_home.txt,200,
"Foundation For Innovation And Technology Transfer, IIT-D",about,2026-09,no_snapshot,,,,,,,
Life Science Incubator at IKP Knowledge Park,home,2017-01,no_snapshot,,,,,,,
Life Science Incubator at IKP Knowledge Park,about,2017-01,no_snapshot,,,,,,,
Life Science Incubator at IKP Knowledge Park,home,2017-02,no_snapshot,,,,,,,
Life Science Incubator at IKP Knowledge Park,about,2017-02,no_snapshot,,,,,,,
Life Science Incubator at IKP Knowledge Park,home,2017-03,no_snapshot,,,,,,,
Life Science Incubator at IKP Knowledge Park,about,2017-03,no_snapshot,,,,,,,
Life Science Incubator at IKP Knowledge Park,home,2017-04,no_snapshot,,,,,,,
Life Science Incubator at IKP Knowledge Park,about,2017-04,no_snapshot,,,,,,,
Life Science Incubator at IKP Knowledge Park,home,2017-05,no_snapshot,,,,,,,
Life Science Incubator at IKP Knowledge Park,about,2017-05,no_snapshot,,,,,,,
Life Science Incubator at IKP Knowledge Park,home,2017-06,no_snapshot,,,,,,,
Life Science Incubator at IKP Knowledge Park,about,2017-06,no_snapshot,,,,,,,
Life Science Incubator at IKP Knowledge Park,home,2017-07,no_snapshot,,,,,,,
Life Science Incubator at IKP Knowledge Park,about,2017-07,no_snapshot,,,,,,,
Life Science Incubator at IKP Knowledge Park,home,2017-08,no_snapshot,,,,,,,
Life Science Incubator at IKP Knowledge Park,about,2017-08,no_snapshot,,,,,,,
Life Science Incubator at IKP Knowledge Park,home,2017-09,no_snapshot,,,,,,,
Life Science Incubator at IKP Knowledge Park,about,2017-09,no_snapshot,,,,,,,
Life Science Incubator at IKP Knowledge Park,home,2017-10,no_snapshot,,,,,,,
Life Science Incubator at IKP Knowledge Park,about,2017-10,no_snapshot,,,,,,,
Life Science Incubator at IKP Knowledge Park,home,2017-11,no_snapshot,,,,,,,
Life Science Incubator at IKP Knowledge Park,about,2017-11,no_snapshot,,,,,,,
Life Science Incubator at IKP Knowledge Park,home,2017-12,no_snapshot,,,,,,,
Life Science Incubator at IKP Knowledge Park,about,2017-12,no_snapshot,,,,,,,
Life Science Incubator at IKP Knowledge Park,home,2018-01,no_snapshot,,,,,,,
Life Science Incubator at IKP Knowledge Park,about,2018-01,no_snapshot,,,,,,,
Life Science Incubator at IKP Knowledge Park,home,2018-02,no_snapshot,,,,,,,
Life Science Incubator at IKP Knowledge Park,about,2018-02,no_snapshot,,,,,,,
Life Science Incubator at IKP Knowledge Park,home,2018-03,no_snapshot,,,,,,,
Life Science Incubator at IKP Knowledge Park,about,2018-03,no_snapshot,,,,,,,
Life Science Incubator at IKP Knowledge Park,home,2018-04,no_snapshot,,,,,,,
Life Science Incubator at IKP Knowledge Park,about,2018-04,no_snapshot,,,,,,,
Life Science Incubator at IKP Knowledge Park,home,2018-05,no_snapshot,,,,,,,
Life Science Incubator at IKP Knowledge Park,about,2018-05,no_snapshot,,,,,,,
Life Science Incubator at IKP Knowledge Park,home,2018-06,no_snapshot,,,,,,,
Life Science Incubator at IKP Knowledge Park,about,2018-06,no_snapshot,,,,,,,
Life Science Incubator at IKP Knowledge Park,home,2018-07,no_snapshot,,,,,,,
Life Science Incubator at IKP Knowledge Park,about,2018-07,no_snapshot,,,,,,,
Life Science Incubator at IKP Knowledge Park,home,2018-08,lookup_error,,,,,,,Failed after 3 attempts: timed out
Life Science Incubator at IKP Knowledge Park,about,2018-08,no_snapshot,,,,,,,
Life Science Incubator at IKP Knowledge Park,home,2018-09,no_snapshot,,,,,,,
Life Science Incubator at IKP Knowledge Park,about,2018-09,no_snapshot,,,,,,,
Life Science Incubator at IKP Knowledge Park,home,2018-10,no_snapshot,,,,,,,
Life Science Incubator at IKP Knowledge Park,about,2018-10,no_snapshot,,,,,,,
Life Science Incubator at IKP Knowledge Park,home,2018-11,no_snapshot,,,,,,,
Life Science Incubator at IKP Knowledge Park,about,2018-11,no_snapshot,,,,,,,
Life Science Incubator at IKP Knowledge Park,home,2018-12,no_snapshot,,,,,,,
Life Science Incubator at IKP Knowledge Park,about,2018-12,no_snapshot,,,,,,,
Life Science Incubator at IKP Knowledge Park,home,2019-01,no_snapshot,,,,,,,
Life Science Incubator at IKP Knowledge Park,about,2019-01,no_snapshot,,,,,,,
Life Science Incubator at IKP Knowledge Park,home,2019-02,no_snapshot,,,,,,,
Life Science Incubator at IKP Knowledge Park,about,2019-02,no_snapshot,,,,,,,
Life Science Incubator at IKP Knowledge Park,home,2019-03,no_snapshot,,,,,,,
Life Science Incubator at IKP Knowledge Park,about,2019-03,no_snapshot,,,,,,,
Life Science Incubator at IKP Knowledge Park,home,2019-04,no_snapshot,,,,,,,
Life Science Incubator at IKP Knowledge Park,about,2019-04,no_snapshot,,,,,,,
Life Science Incubator at IKP Knowledge Park,home,2019-05,no_snapshot,,,,,,,
Life Science Incubator at IKP Knowledge Park,about,2019-05,no_snapshot,,,,,,,
Life Science Incubator at IKP Knowledge Park,home,2019-06,no_snapshot,,,,,,,
Life Science Incubator at IKP Knowledge Park,about,2019-06,no_snapshot,,,,,,,
Life Science Incubator at IKP Knowledge Park,home,2019-07,no_snapshot,,,,,,,
Life Science Incubator at IKP Knowledge Park,about,2019-07,no_snapshot,,,,,,,
Life Science Incubator at IKP Knowledge Park,home,2019-08,no_snapshot,,,,,,,
Life Science Incubator at IKP Knowledge Park,about,2019-08,no_snapshot,,,,,,,
Life Science Incubator at IKP Knowledge Park,home,2019-09,no_snapshot,,,,,,,
Life Science Incubator at IKP Knowledge Park,about,2019-09,no_snapshot,,,,,,,
Life Science Incubator at IKP Knowledge Park,home,2019-10,no_snapshot,,,,,,,
Life Science Incubator at IKP Knowledge Park,about,2019-10,no_snapshot,,,,,,,
Life Science Incubator at IKP Knowledge Park,home,2019-11,no_snapshot,,,,,,,
Life Science Incubator at IKP Knowledge Park,about,2019-11,no_snapshot,,,,,,,
Life Science Incubator at IKP Knowledge Park,home,2019-12,no_snapshot,,,,,,,
Life Science Incubator at IKP Knowledge Park,about,2019-12,no_snapshot,,,,,,,
Life Science Incubator at IKP Knowledge Park,home,2020-01,no_snapshot,,,,,,,
Life Science Incubator at IKP Knowledge Park,about,2020-01,no_snapshot,,,,,,,
Life Science Incubator at IKP Knowledge Park,home,2020-02,no_snapshot,,,,,,,
Life Science Incubator at IKP Knowledge Park,about,2020-02,no_snapshot,,,,,,,
Life Science Incubator at IKP Knowledge Park,home,2020-03,no_snapshot,,,,,,,
Life Science Incubator at IKP Knowledge Park,about,2020-03,no_snapshot,,,,,,,
Life Science Incubator at IKP Knowledge Park,home,2020-04,no_snapshot,,,,,,,
Life Science Incubator at IKP Knowledge Park,about,2020-04,no_snapshot,,,,,,,
Life Science Incubator at IKP Knowledge Park,home,2020-05,no_snapshot,,,,,,,
Life Science Incubator at IKP Knowledge Park,about,2020-05,no_snapshot,,,,,,,
Life Science Incubator at IKP Knowledge Park,home,2020-06,no_snapshot,,,,,,,
Life Science Incubator at IKP Knowledge Park,about,2020-06,no_snapshot,,,,,,,
Life Science Incubator at IKP Knowledge Park,home,2020-07,no_snapshot,,,,,,,
Life Science Incubator at IKP Knowledge Park,about,2020-07,no_snapshot,,,,,,,
Life Science Incubator at IKP Knowledge Park,home,2020-08,no_snapshot,,,,,,,
Life Science Incubator at IKP Knowledge Park,about,2020-08,no_snapshot,,,,,,,
Life Science Incubator at IKP Knowledge Park,home,2020-09,no_snapshot,,,,,,,
Life Science Incubator at IKP Knowledge Park,about,2020-09,no_snapshot,,,,,,,
Life Science Incubator at IKP Knowledge Park,home,2020-10,no_snapshot,,,,,,,
Life Science Incubator at IKP Knowledge Park,about,2020-10,no_snapshot,,,,,,,
Life Science Incubator at IKP Knowledge Park,home,2020-11,no_snapshot,,,,,,,
Life Science Incubator at IKP Knowledge Park,about,2020-11,no_snapshot,,,,,,,
Life Science Incubator at IKP Knowledge Park,home,2020-12,no_snapshot,,,,,,,
Life Science Incubator at IKP Knowledge Park,about,2020-12,no_snapshot,,,,,,,
Life Science Incubator at IKP Knowledge Park,home,2021-01,no_snapshot,,,,,,,
Life Science Incubator at IKP Knowledge Park,about,2021-01,no_snapshot,,,,,,,
Life Science Incubator at IKP Knowledge Park,home,2021-02,no_snapshot,,,,,,,
Life Science Incubator at IKP Knowledge Park,about,2021-02,no_snapshot,,,,,,,
Life Science Incubator at IKP Knowledge Park,home,2021-03,no_snapshot,,,,,,,
Life Science Incubator at IKP Knowledge Park,about,2021-03,no_snapshot,,,,,,,
Life Science Incubator at IKP Knowledge Park,home,2021-04,no_snapshot,,,,,,,
Life Science Incubator at IKP Knowledge Park,about,2021-04,no_snapshot,,,,,,,
Life Science Incubator at IKP Knowledge Park,home,2021-05,no_snapshot,,,,,,,
Life Science Incubator at IKP Knowledge Park,about,2021-05,no_snapshot,,,,,,,
Life Science Incubator at IKP Knowledge Park,home,2021-06,no_snapshot,,,,,,,
Life Science Incubator at IKP Knowledge Park,about,2021-06,no_snapshot,,,,,,,
Life Science Incubator at IKP Knowledge Park,home,2021-07,no_snapshot,,,,,,,
Life Science Incubator at IKP Knowledge Park,about,2021-07,no_snapshot,,,,,,,
Life Science Incubator at IKP Knowledge Park,home,2021-08,no_snapshot,,,,,,,
Life Science Incubator at IKP Knowledge Park,about,2021-08,no_snapshot,,,,,,,
Life Science Incubator at IKP Knowledge Park,home,2021-09,no_snapshot,,,,,,,
Life Science Incubator at IKP Knowledge Park,about,2021-09,no_snapshot,,,,,,,
Life Science Incubator at IKP Knowledge Park,home,2021-10,no_snapshot,,,,,,,
Life Science Incubator at IKP Knowledge Park,about,2021-10,no_snapshot,,,,,,,
Life Science Incubator at IKP Knowledge Park,home,2021-11,no_snapshot,,,,,,,
Life Science Incubator at IKP Knowledge Park,about,2021-11,no_snapshot,,,,,,,
Life Science Incubator at IKP Knowledge Park,home,2021-12,no_snapshot,,,,,,,
Life Science Incubator at IKP Knowledge Park,about,2021-12,no_snapshot,,,,,,,
Life Science Incubator at IKP Knowledge Park,home,2022-01,no_snapshot,,,,,,,
Life Science Incubator at IKP Knowledge Park,about,2022-01,no_snapshot,,,,,,,
Life Science Incubator at IKP Knowledge Park,home,2022-02,no_snapshot,,,,,,,
Life Science Incubator at IKP Knowledge Park,about,2022-02,no_snapshot,,,,,,,
Life Science Incubator at IKP Knowledge Park,home,2022-03,no_snapshot,,,,,,,
Life Science Incubator at IKP Knowledge Park,about,2022-03,no_snapshot,,,,,,,
Life Science Incubator at IKP Knowledge Park,home,2022-04,no_snapshot,,,,,,,
Life Science Incubator at IKP Knowledge Park,about,2022-04,no_snapshot,,,,,,,
Life Science Incubator at IKP Knowledge Park,home,2022-05,no_snapshot,,,,,,,
Life Science Incubator at IKP Knowledge Park,about,2022-05,no_snapshot,,,,,,,
Life Science Incubator at IKP Knowledge Park,home,2022-06,no_snapshot,,,,,,,
Life Science Incubator at IKP Knowledge Park,about,2022-06,no_snapshot,,,,,,,
Life Science Incubator at IKP Knowledge Park,home,2022-07,no_snapshot,,,,,,,
Life Science Incubator at IKP Knowledge Park,about,2022-07,no_snapshot,,,,,,,
Life Science Incubator at IKP Knowledge Park,home,2022-08,no_snapshot,,,,,,,
Life Science Incubator at IKP Knowledge Park,about,2022-08,no_snapshot,,,,,,,
Life Science Incubator at IKP Knowledge Park,home,2022-09,no_snapshot,,,,,,,
Life Science Incubator at IKP Knowledge Park,about,2022-09,lookup_error,,,,,,,Failed after 3 attempts: timed out
Life Science Incubator at IKP Knowledge Park,home,2022-10,no_snapshot,,,,,,,
Life Science Incubator at IKP Knowledge Park,about,2022-10,no_snapshot,,,,,,,
Life Science Incubator at IKP Knowledge Park,home,2022-11,no_snapshot,,,,,,,
Life Science Incubator at IKP Knowledge Park,about,2022-11,no_snapshot,,,,,,,
Life Science Incubator at IKP Knowledge Park,home,2022-12,no_snapshot,,,,,,,
Life Science Incubator at IKP Knowledge Park,about,2022-12,no_snapshot,,,,,,,
Life Science Incubator at IKP Knowledge Park,home,2023-01,no_snapshot,,,,,,,
Life Science Incubator at IKP Knowledge Park,about,2023-01,no_snapshot,,,,,,,
Life Science Incubator at IKP Knowledge Park,home,2023-02,no_snapshot,,,,,,,
Life Science Incubator at IKP Knowledge Park,about,2023-02,no_snapshot,,,,,,,
Life Science Incubator at IKP Knowledge Park,home,2023-03,no_snapshot,,,,,,,
Life Science Incubator at IKP Knowledge Park,about,2023-03,no_snapshot,,,,,,,
Life Science Incubator at IKP Knowledge Park,home,2023-04,no_snapshot,,,,,,,
Life Science Incubator at IKP Knowledge Park,about,2023-04,no_snapshot,,,,,,,
Life Science Incubator at IKP Knowledge Park,home,2023-05,no_snapshot,,,,,,,
Life Science Incubator at IKP Knowledge Park,about,2023-05,no_snapshot,,,,,,,
Life Science Incubator at IKP Knowledge Park,home,2023-06,no_snapshot,,,,,,,
Life Science Incubator at IKP Knowledge Park,about,2023-06,no_snapshot,,,,,,,
Life Science Incubator at IKP Knowledge Park,home,2023-07,no_snapshot,,,,,,,
Life Science Incubator at IKP Knowledge Park,about,2023-07,no_snapshot,,,,,,,
Life Science Incubator at IKP Knowledge Park,home,2023-08,no_snapshot,,,,,,,
Life Science Incubator at IKP Knowledge Park,about,2023-08,no_snapshot,,,,,,,
Life Science Incubator at IKP Knowledge Park,home,2023-09,no_snapshot,,,,,,,
Life Science Incubator at IKP Knowledge Park,about,2023-09,no_snapshot,,,,,,,
Life Science Incubator at IKP Knowledge Park,home,2023-10,no_snapshot,,,,,,,
Life Science Incubator at IKP Knowledge Park,about,2023-10,no_snapshot,,,,,,,
Life Science Incubator at IKP Knowledge Park,home,2023-11,no_snapshot,,,,,,,
Life Science Incubator at IKP Knowledge Park,about,2023-11,no_snapshot,,,,,,,
Life Science Incubator at IKP Knowledge Park,home,2023-12,no_snapshot,,,,,,,
Life Science Incubator at IKP Knowledge Park,about,2023-12,no_snapshot,,,,,,,
Life Science Incubator at IKP Knowledge Park,home,2024-01,no_snapshot,,,,,,,
Life Science Incubator at IKP Knowledge Park,about,2024-01,no_snapshot,,,,,,,
Life Science Incubator at IKP Knowledge Park,home,2024-02,no_snapshot,,,,,,,
Life Science Incubator at IKP Knowledge Park,about,2024-02,no_snapshot,,,,,,,
Life Science Incubator at IKP Knowledge Park,home,2024-03,no_snapshot,,,,,,,
Life Science Incubator at IKP Knowledge Park,about,2024-03,no_snapshot,,,,,,,
Life Science Incubator at IKP Knowledge Park,home,2024-04,no_snapshot,,,,,,,
Life Science Incubator at IKP Knowledge Park,about,2024-04,no_snapshot,,,,,,,
Life Science Incubator at IKP Knowledge Park,home,2024-05,no_snapshot,,,,,,,
Life Science Incubator at IKP Knowledge Park,about,2024-05,no_snapshot,,,,,,,
Life Science Incubator at IKP Knowledge Park,home,2024-06,no_snapshot,,,,,,,
Life Science Incubator at IKP Knowledge Park,about,2024-06,no_snapshot,,,,,,,
Life Science Incubator at IKP Knowledge Park,home,2024-07,ok,20240723025934,2024-07-23,https://web.archive.org/web/20240723025934/https://ikpknowledgepark.com/life-sciences-incubator/,life_science_incubator_at_ikp_knowledge_park\life_science_incubator_at_ikp_knowledge_park_2024-07_home.html,life_science_incubator_at_ikp_knowledge_park\life_science_incubator_at_ikp_knowledge_park_2024-07_home.txt,200,
Life Science Incubator at IKP Knowledge Park,about,2024-07,ok,20240723024432,2024-07-23,https://web.archive.org/web/20240723024432/https://ikpknowledgepark.com/about-us/,life_science_incubator_at_ikp_knowledge_park\life_science_incubator_at_ikp_knowledge_park_2024-07_about.html,life_science_incubator_at_ikp_knowledge_park\life_science_incubator_at_ikp_knowledge_park_2024-07_about.txt,200,
Life Science Incubator at IKP Knowledge Park,home,2024-08,no_snapshot,,,,,,,
Life Science Incubator at IKP Knowledge Park,about,2024-08,no_snapshot,,,,,,,
Life Science Incubator at IKP Knowledge Park,home,2024-09,no_snapshot,,,,,,,
Life Science Incubator at IKP Knowledge Park,about,2024-09,no_snapshot,,,,,,,
Life Science Incubator at IKP Knowledge Park,home,2024-10,ok,20241005190413,2024-10-05,https://web.archive.org/web/20241005190413/https://ikpknowledgepark.com/life-sciences-incubator/,life_science_incubator_at_ikp_knowledge_park\life_science_incubator_at_ikp_knowledge_park_2024-10_home.html,life_science_incubator_at_ikp_knowledge_park\life_science_incubator_at_ikp_knowledge_park_2024-10_home.txt,200,
Life Science Incubator at IKP Knowledge Park,about,2024-10,no_snapshot,,,,,,,
Life Science Incubator at IKP Knowledge Park,home,2024-11,ok,20241109074106,2024-11-09,https://web.archive.org/web/20241109074106/https://ikpknowledgepark.com/life-sciences-incubator/,life_science_incubator_at_ikp_knowledge_park\life_science_incubator_at_ikp_knowledge_park_2024-11_home.html,life_science_incubator_at_ikp_knowledge_park\life_science_incubator_at_ikp_knowledge_park_2024-11_home.txt,200,
Life Science Incubator at IKP Knowledge Park,about,2024-11,ok,20241109073104,2024-11-09,https://web.archive.org/web/20241109073104/https://ikpknowledgepark.com/about-us/,life_science_incubator_at_ikp_knowledge_park\life_science_incubator_at_ikp_knowledge_park_2024-11_about.html,life_science_incubator_at_ikp_knowledge_park\life_science_incubator_at_ikp_knowledge_park_2024-11_about.txt,200,
Life Science Incubator at IKP Knowledge Park,home,2024-12,ok,20241211101400,2024-12-11,https://web.archive.org/web/20241211101400/https://ikpknowledgepark.com/life-sciences-incubator/,life_science_incubator_at_ikp_knowledge_park\life_science_incubator_at_ikp_knowledge_park_2024-12_home.html,life_science_incubator_at_ikp_knowledge_park\life_science_incubator_at_ikp_knowledge_park_2024-12_home.txt,200,
Life Science Incubator at IKP Knowledge Park,about,2024-12,ok,20241203014528,2024-12-03,https://web.archive.org/web/20241203014528/https://ikpknowledgepark.com/about-us/,life_science_incubator_at_ikp_knowledge_park\life_science_incubator_at_ikp_knowledge_park_2024-12_about.html,life_science_incubator_at_ikp_knowledge_park\life_science_incubator_at_ikp_knowledge_park_2024-12_about.txt,200,
Life Science Incubator at IKP Knowledge Park,home,2025-01,no_snapshot,,,,,,,
Life Science Incubator at IKP Knowledge Park,about,2025-01,ok,20250113035601,2025-01-13,https://web.archive.org/web/20250113035601/https://ikpknowledgepark.com/about-us/,life_science_incubator_at_ikp_knowledge_park\life_science_incubator_at_ikp_knowledge_park_2025-01_about.html,life_science_incubator_at_ikp_knowledge_park\life_science_incubator_at_ikp_knowledge_park_2025-01_about.txt,200,
Life Science Incubator at IKP Knowledge Park,home,2025-02,no_snapshot,,,,,,,
Life Science Incubator at IKP Knowledge Park,about,2025-02,no_snapshot,,,,,,,
Life Science Incubator at IKP Knowledge Park,home,2025-03,ok,20250315080351,2025-03-15,https://web.archive.org/web/20250315080351/https://ikpknowledgepark.com/life-sciences-incubator/,life_science_incubator_at_ikp_knowledge_park\life_science_incubator_at_ikp_knowledge_park_2025-03_home.html,life_science_incubator_at_ikp_knowledge_park\life_science_incubator_at_ikp_knowledge_park_2025-03_home.txt,200,
Life Science Incubator at IKP Knowledge Park,about,2025-03,no_snapshot,,,,,,,
Life Science Incubator at IKP Knowledge Park,home,2025-04,ok,20250429083703,2025-04-29,https://web.archive.org/web/20250429083703/https://ikpknowledgepark.com/life-sciences-incubator/,life_science_incubator_at_ikp_knowledge_park\life_science_incubator_at_ikp_knowledge_park_2025-04_home.html,life_science_incubator_at_ikp_knowledge_park\life_science_incubator_at_ikp_knowledge_park_2025-04_home.txt,200,
Life Science Incubator at IKP Knowledge Park,about,2025-04,ok,20250429082818,2025-04-29,https://web.archive.org/web/20250429082818/https://ikpknowledgepark.com/about-us/,life_science_incubator_at_ikp_knowledge_park\life_science_incubator_at_ikp_knowledge_park_2025-04_about.html,life_science_incubator_at_ikp_knowledge_park\life_science_incubator_at_ikp_knowledge_park_2025-04_about.txt,200,
Life Science Incubator at IKP Knowledge Park,home,2025-05,no_snapshot,,,,,,,
Life Science Incubator at IKP Knowledge Park,about,2025-05,no_snapshot,,,,,,,
Life Science Incubator at IKP Knowledge Park,home,2025-06,ok,20250612130723,2025-06-12,https://web.archive.org/web/20250612130723/https://ikpknowledgepark.com/life-sciences-incubator/,life_science_incubator_at_ikp_knowledge_park\life_science_incubator_at_ikp_knowledge_park_2025-06_home.html,life_science_incubator_at_ikp_knowledge_park\life_science_incubator_at_ikp_knowledge_park_2025-06_home.txt,200,
Life Science Incubator at IKP Knowledge Park,about,2025-06,ok,20250612125839,2025-06-12,https://web.archive.org/web/20250612125839/https://ikpknowledgepark.com/about-us/,life_science_incubator_at_ikp_knowledge_park\life_science_incubator_at_ikp_knowledge_park_2025-06_about.html,life_science_incubator_at_ikp_knowledge_park\life_science_incubator_at_ikp_knowledge_park_2025-06_about.txt,200,
Life Science Incubator at IKP Knowledge Park,home,2025-07,no_snapshot,,,,,,,
Life Science Incubator at IKP Knowledge Park,about,2025-07,ok,20250726181409,2025-07-26,https://web.archive.org/web/20250726181409/https://ikpknowledgepark.com/about-us/,life_science_incubator_at_ikp_knowledge_park\life_science_incubator_at_ikp_knowledge_park_2025-07_about.html,life_science_incubator_at_ikp_knowledge_park\life_science_incubator_at_ikp_knowledge_park_2025-07_about.txt,200,
Life Science Incubator at IKP Knowledge Park,home,2025-08,no_snapshot,,,,,,,
Life Science Incubator at IKP Knowledge Park,about,2025-08,ok,20250803104711,2025-08-03,https://web.archive.org/web/20250803104711/https://ikpknowledgepark.com/about-us/,life_science_incubator_at_ikp_knowledge_park\life_science_incubator_at_ikp_knowledge_park_2025-08_about.html,life_science_incubator_at_ikp_knowledge_park\life_science_incubator_at_ikp_knowledge_park_2025-08_about.txt,200,
Life Science Incubator at IKP Knowledge Park,home,2025-09,no_snapshot,,,,,,,
Life Science Incubator at IKP Knowledge Park,about,2025-09,ok,20250904185612,2025-09-04,https://web.archive.org/web/20250904185612/https://ikpknowledgepark.com/about-us/,life_science_incubator_at_ikp_knowledge_park\life_science_incubator_at_ikp_knowledge_park_2025-09_about.html,life_science_incubator_at_ikp_knowledge_park\life_science_incubator_at_ikp_knowledge_park_2025-09_about.txt,200,
Life Science Incubator at IKP Knowledge Park,home,2025-10,ok,20251006110706,2025-10-06,https://web.archive.org/web/20251006110706/https://ikpknowledgepark.com/life-sciences-incubator/,life_science_incubator_at_ikp_knowledge_park\life_science_incubator_at_ikp_knowledge_park_2025-10_home.html,life_science_incubator_at_ikp_knowledge_park\life_science_incubator_at_ikp_knowledge_park_2025-10_home.txt,200,
Life Science Incubator at IKP Knowledge Park,about,2025-10,lookup_error,,,,,,,Failed after 3 attempts: timed out
Life Science Incubator at IKP Knowledge Park,home,2025-11,no_snapshot,,,,,,,
Life Science Incubator at IKP Knowledge Park,about,2025-11,ok,20251112051403,2025-11-12,https://web.archive.org/web/20251112051403/https://ikpknowledgepark.com/about-us/,life_science_incubator_at_ikp_knowledge_park\life_science_incubator_at_ikp_knowledge_park_2025-11_about.html,life_science_incubator_at_ikp_knowledge_park\life_science_incubator_at_ikp_knowledge_park_2025-11_about.txt,200,
Life Science Incubator at IKP Knowledge Park,home,2025-12,ok,20251209020131,2025-12-09,https://web.archive.org/web/20251209020131/https://ikpknowledgepark.com/life-sciences-incubator/,life_science_incubator_at_ikp_knowledge_park\life_science_incubator_at_ikp_knowledge_park_2025-12_home.html,life_science_incubator_at_ikp_knowledge_park\life_science_incubator_at_ikp_knowledge_park_2025-12_home.txt,200,
Life Science Incubator at IKP Knowledge Park,about,2025-12,no_snapshot,,,,,,,
Life Science Incubator at IKP Knowledge Park,home,2026-01,no_snapshot,,,,,,,
Life Science Incubator at IKP Knowledge Park,about,2026-01,ok,20260105232725,2026-01-05,https://web.archive.org/web/20260105232725/https://ikpknowledgepark.com/about-us/,life_science_incubator_at_ikp_knowledge_park\life_science_incubator_at_ikp_knowledge_park_2026-01_about.html,life_science_incubator_at_ikp_knowledge_park\life_science_incubator_at_ikp_knowledge_park_2026-01_about.txt,200,
Life Science Incubator at IKP Knowledge Park,home,2026-02,no_snapshot,,,,,,,
Life Science Incubator at IKP Knowledge Park,about,2026-02,ok,20260211093954,2026-02-11,https://web.archive.org/web/20260211093954/https://ikpknowledgepark.com/about-us/,life_science_incubator_at_ikp_knowledge_park\life_science_incubator_at_ikp_knowledge_park_2026-02_about.html,life_science_incubator_at_ikp_knowledge_park\life_science_incubator_at_ikp_knowledge_park_2026-02_about.txt,200,
Life Science Incubator at IKP Knowledge Park,home,2026-03,no_snapshot,,,,,,,
Life Science Incubator at IKP Knowledge Park,about,2026-03,no_snapshot,,,,,,,
Life Science Incubator at IKP Knowledge Park,home,2026-04,ok,20260418201916,2026-04-18,https://web.archive.org/web/20260418201916/https://ikpknowledgepark.com/life-sciences-incubator/,life_science_incubator_at_ikp_knowledge_park\life_science_incubator_at_ikp_knowledge_park_2026-04_home.html,life_science_incubator_at_ikp_knowledge_park\life_science_incubator_at_ikp_knowledge_park_2026-04_home.txt,200,
Life Science Incubator at IKP Knowledge Park,about,2026-04,ok,20260415125649,2026-04-15,https://web.archive.org/web/20260415125649/https://ikpknowledgepark.com/about-us/,life_science_incubator_at_ikp_knowledge_park\life_science_incubator_at_ikp_knowledge_park_2026-04_about.html,life_science_incubator_at_ikp_knowledge_park\life_science_incubator_at_ikp_knowledge_park_2026-04_about.txt,200,
Life Science Incubator at IKP Knowledge Park,home,2026-05,ok,20260521171553,2026-05-21,https://web.archive.org/web/20260521171553/https://ikpknowledgepark.com/life-sciences-incubator/,life_science_incubator_at_ikp_knowledge_park\life_science_incubator_at_ikp_knowledge_park_2026-05_home.html,life_science_incubator_at_ikp_knowledge_park\life_science_incubator_at_ikp_knowledge_park_2026-05_home.txt,200,
Life Science Incubator at IKP Knowledge Park,about,2026-05,ok,20260512095157,2026-05-12,https://web.archive.org/web/20260512095157/https://ikpknowledgepark.com/about-us/,life_science_incubator_at_ikp_knowledge_park\life_science_incubator_at_ikp_knowledge_park_2026-05_about.html,life_science_incubator_at_ikp_knowledge_park\life_science_incubator_at_ikp_knowledge_park_2026-05_about.txt,200,
Life Science Incubator at IKP Knowledge Park,home,2026-06,no_snapshot,,,,,,,
Life Science Incubator at IKP Knowledge Park,about,2026-06,ok,20260609211822,2026-06-09,https://web.archive.org/web/20260609211822/https://ikpknowledgepark.com/about-us/,life_science_incubator_at_ikp_knowledge_park\life_science_incubator_at_ikp_knowledge_park_2026-06_about.html,life_science_incubator_at_ikp_knowledge_park\life_science_incubator_at_ikp_knowledge_park_2026-06_about.txt,200,
Life Science Incubator at IKP Knowledge Park,home,2026-07,no_snapshot,,,,,,,
Life Science Incubator at IKP Knowledge Park,about,2026-07,no_snapshot,,,,,,,
Life Science Incubator at IKP Knowledge Park,home,2026-08,no_snapshot,,,,,,,
Life Science Incubator at IKP Knowledge Park,about,2026-08,no_snapshot,,,,,,,
Life Science Incubator at IKP Knowledge Park,home,2026-09,no_snapshot,,,,,,,
Life Science Incubator at IKP Knowledge Park,about,2026-09,no_snapshot,,,,,,,
"NSRCEL, IIM Bangalore",home,2017-01,ok,20170106224358,2017-01-06,https://web.archive.org/web/20170106224358/http://www.nsrcel.org/,nsrcel_iim_bangalore\nsrcel_iim_bangalore_2017-01_home.html,nsrcel_iim_bangalore\nsrcel_iim_bangalore_2017-01_home.txt,200,
"NSRCEL, IIM Bangalore",about,2017-01,ok,20170121081842,2017-01-21,https://web.archive.org/web/20170121081842/http://www.nsrcel.org/about-us/,nsrcel_iim_bangalore\nsrcel_iim_bangalore_2017-01_about.html,nsrcel_iim_bangalore\nsrcel_iim_bangalore_2017-01_about.txt,200,
"NSRCEL, IIM Bangalore",home,2017-02,no_snapshot,,,,,,,
"NSRCEL, IIM Bangalore",about,2017-02,no_snapshot,,,,,,,
"NSRCEL, IIM Bangalore",home,2017-03,no_snapshot,,,,,,,
"NSRCEL, IIM Bangalore",about,2017-03,no_snapshot,,,,,,,
"NSRCEL, IIM Bangalore",home,2017-04,no_snapshot,,,,,,,
"NSRCEL, IIM Bangalore",about,2017-04,no_snapshot,,,,,,,
"NSRCEL, IIM Bangalore",home,2017-05,ok,20170507213513,2017-05-07,https://web.archive.org/web/20170507213513/http://www.nsrcel.org:80/,nsrcel_iim_bangalore\nsrcel_iim_bangalore_2017-05_home.html,nsrcel_iim_bangalore\nsrcel_iim_bangalore_2017-05_home.txt,200,
"NSRCEL, IIM Bangalore",about,2017-05,ok,20170519153742,2017-05-19,https://web.archive.org/web/20170519153742/http://www.nsrcel.org:80/about-us/,nsrcel_iim_bangalore\nsrcel_iim_bangalore_2017-05_about.html,nsrcel_iim_bangalore\nsrcel_iim_bangalore_2017-05_about.txt,200,
"NSRCEL, IIM Bangalore",home,2017-06,ok,20170609001656,2017-06-09,https://web.archive.org/web/20170609001656/http://www.nsrcel.org:80/,nsrcel_iim_bangalore\nsrcel_iim_bangalore_2017-06_home.html,nsrcel_iim_bangalore\nsrcel_iim_bangalore_2017-06_home.txt,200,
"NSRCEL, IIM Bangalore",about,2017-06,ok,20170620025303,2017-06-20,https://web.archive.org/web/20170620025303/http://www.nsrcel.org:80/about-us/,nsrcel_iim_bangalore\nsrcel_iim_bangalore_2017-06_about.html,nsrcel_iim_bangalore\nsrcel_iim_bangalore_2017-06_about.txt,200,
"NSRCEL, IIM Bangalore",home,2017-07,lookup_error,,,,,,,Failed after 3 attempts: timed out
"NSRCEL, IIM Bangalore",about,2017-07,ok,20170721030321,2017-07-21,https://web.archive.org/web/20170721030321/http://www.nsrcel.org:80/about-us/,nsrcel_iim_bangalore\nsrcel_iim_bangalore_2017-07_about.html,nsrcel_iim_bangalore\nsrcel_iim_bangalore_2017-07_about.txt,200,
"NSRCEL, IIM Bangalore",home,2017-08,ok,20170817013751,2017-08-17,https://web.archive.org/web/20170817013751/http://www.nsrcel.org:80/,nsrcel_iim_bangalore\nsrcel_iim_bangalore_2017-08_home.html,nsrcel_iim_bangalore\nsrcel_iim_bangalore_2017-08_home.txt,200,
"NSRCEL, IIM Bangalore",about,2017-08,ok,20170820232453,2017-08-20,https://web.archive.org/web/20170820232453/http://www.nsrcel.org:80/about-us/,nsrcel_iim_bangalore\nsrcel_iim_bangalore_2017-08_about.html,nsrcel_iim_bangalore\nsrcel_iim_bangalore_2017-08_about.txt,200,
"NSRCEL, IIM Bangalore",home,2017-09,ok,20170913210802,2017-09-13,https://web.archive.org/web/20170913210802/http://www.nsrcel.org:80/,nsrcel_iim_bangalore\nsrcel_iim_bangalore_2017-09_home.html,nsrcel_iim_bangalore\nsrcel_iim_bangalore_2017-09_home.txt,200,
"NSRCEL, IIM Bangalore",about,2017-09,ok,20170922023757,2017-09-22,https://web.archive.org/web/20170922023757/http://www.nsrcel.org:80/about-us/,nsrcel_iim_bangalore\nsrcel_iim_bangalore_2017-09_about.html,nsrcel_iim_bangalore\nsrcel_iim_bangalore_2017-09_about.txt,200,
"NSRCEL, IIM Bangalore",home,2017-10,ok,20171016135836,2017-10-16,https://web.archive.org/web/20171016135836/http://www.nsrcel.org:80/,nsrcel_iim_bangalore\nsrcel_iim_bangalore_2017-10_home.html,nsrcel_iim_bangalore\nsrcel_iim_bangalore_2017-10_home.txt,200,
"NSRCEL, IIM Bangalore",about,2017-10,ok,20171023182707,2017-10-23,https://web.archive.org/web/20171023182707/http://www.nsrcel.org:80/about-us/,nsrcel_iim_bangalore\nsrcel_iim_bangalore_2017-10_about.html,nsrcel_iim_bangalore\nsrcel_iim_bangalore_2017-10_about.txt,200,
"NSRCEL, IIM Bangalore",home,2017-11,ok,20171101232332,2017-11-01,https://web.archive.org/web/20171101232332/http://www.nsrcel.org:80/,nsrcel_iim_bangalore\nsrcel_iim_bangalore_2017-11_home.html,nsrcel_iim_bangalore\nsrcel_iim_bangalore_2017-11_home.txt,200,
"NSRCEL, IIM Bangalore",about,2017-11,ok,20171127164823,2017-11-27,https://web.archive.org/web/20171127164823/http://www.nsrcel.org:80/about-us/,nsrcel_iim_bangalore\nsrcel_iim_bangalore_2017-11_about.html,nsrcel_iim_bangalore\nsrcel_iim_bangalore_2017-11_about.txt,200,
"NSRCEL, IIM Bangalore",home,2017-12,ok,20171210124425,2017-12-10,https://web.archive.org/web/20171210124425/http://www.nsrcel.org:80/,nsrcel_iim_bangalore\nsrcel_iim_bangalore_2017-12_home.html,nsrcel_iim_bangalore\nsrcel_iim_bangalore_2017-12_home.txt,200,
"NSRCEL, IIM Bangalore",about,2017-12,ok,20171228074631,2017-12-28,https://web.archive.org/web/20171228074631/http://www.nsrcel.org:80/about-us/,nsrcel_iim_bangalore\nsrcel_iim_bangalore_2017-12_about.html,nsrcel_iim_bangalore\nsrcel_iim_bangalore_2017-12_about.txt,200,
"NSRCEL, IIM Bangalore",home,2018-01,ok,20180125082544,2018-01-25,https://web.archive.org/web/20180125082544/http://www.nsrcel.org:80/,nsrcel_iim_bangalore\nsrcel_iim_bangalore_2018-01_home.html,nsrcel_iim_bangalore\nsrcel_iim_bangalore_2018-01_home.txt,200,
"NSRCEL, IIM Bangalore",about,2018-01,no_snapshot,,,,,,,
"NSRCEL, IIM Bangalore",home,2018-02,ok,20180215094950,2018-02-15,https://web.archive.org/web/20180215094950/http://www.nsrcel.org:80/,nsrcel_iim_bangalore\nsrcel_iim_bangalore_2018-02_home.html,nsrcel_iim_bangalore\nsrcel_iim_bangalore_2018-02_home.txt,200,
"NSRCEL, IIM Bangalore",about,2018-02,ok,20180225160508,2018-02-25,https://web.archive.org/web/20180225160508/http://www.nsrcel.org:80/about-us/,nsrcel_iim_bangalore\nsrcel_iim_bangalore_2018-02_about.html,nsrcel_iim_bangalore\nsrcel_iim_bangalore_2018-02_about.txt,200,
"NSRCEL, IIM Bangalore",home,2018-03,ok,20180305155020,2018-03-05,https://web.archive.org/web/20180305155020/http://www.nsrcel.org:80/,nsrcel_iim_bangalore\nsrcel_iim_bangalore_2018-03_home.html,nsrcel_iim_bangalore\nsrcel_iim_bangalore_2018-03_home.txt,200,
"NSRCEL, IIM Bangalore",about,2018-03,ok,20180303084520,2018-03-03,https://web.archive.org/web/20180303084520/http://www.nsrcel.org:80/about-us/,nsrcel_iim_bangalore\nsrcel_iim_bangalore_2018-03_about.html,nsrcel_iim_bangalore\nsrcel_iim_bangalore_2018-03_about.txt,200,
"NSRCEL, IIM Bangalore",home,2018-04,ok,20180401015045,2018-04-01,https://web.archive.org/web/20180401015045/http://www.nsrcel.org/,nsrcel_iim_bangalore\nsrcel_iim_bangalore_2018-04_home.html,nsrcel_iim_bangalore\nsrcel_iim_bangalore_2018-04_home.txt,200,
"NSRCEL, IIM Bangalore",about,2018-04,ok,20180405180705,2018-04-05,https://web.archive.org/web/20180405180705/http://www.nsrcel.org:80/about-us/,nsrcel_iim_bangalore\nsrcel_iim_bangalore_2018-04_about.html,nsrcel_iim_bangalore\nsrcel_iim_bangalore_2018-04_about.txt,200,
"NSRCEL, IIM Bangalore",home,2018-05,ok,20180502053134,2018-05-02,https://web.archive.org/web/20180502053134/http://www.nsrcel.org:80/?,nsrcel_iim_bangalore\nsrcel_iim_bangalore_2018-05_home.html,nsrcel_iim_bangalore\nsrcel_iim_bangalore_2018-05_home.txt,200,
"NSRCEL, IIM Bangalore",about,2018-05,ok,20180508044552,2018-05-08,https://web.archive.org/web/20180508044552/http://www.nsrcel.org:80/about-us,nsrcel_iim_bangalore\nsrcel_iim_bangalore_2018-05_about.html,nsrcel_iim_bangalore\nsrcel_iim_bangalore_2018-05_about.txt,200,
"NSRCEL, IIM Bangalore",home,2018-06,ok,20180603014754,2018-06-03,https://web.archive.org/web/20180603014754/http://www.nsrcel.org/,nsrcel_iim_bangalore\nsrcel_iim_bangalore_2018-06_home.html,nsrcel_iim_bangalore\nsrcel_iim_bangalore_2018-06_home.txt,200,
"NSRCEL, IIM Bangalore",about,2018-06,ok,20180609022809,2018-06-09,https://web.archive.org/web/20180609022809/http://www.nsrcel.org:80/about-us,nsrcel_iim_bangalore\nsrcel_iim_bangalore_2018-06_about.html,nsrcel_iim_bangalore\nsrcel_iim_bangalore_2018-06_about.txt,200,
"NSRCEL, IIM Bangalore",home,2018-07,ok,20180701013313,2018-07-01,https://web.archive.org/web/20180701013313/http://www.nsrcel.org/,nsrcel_iim_bangalore\nsrcel_iim_bangalore_2018-07_home.html,nsrcel_iim_bangalore\nsrcel_iim_bangalore_2018-07_home.txt,200,
"NSRCEL, IIM Bangalore",about,2018-07,lookup_error,,,,,,,Failed after 3 attempts: timed out
"NSRCEL, IIM Bangalore",home,2018-08,ok,20180805015123,2018-08-05,https://web.archive.org/web/20180805015123/http://www.nsrcel.org/,nsrcel_iim_bangalore\nsrcel_iim_bangalore_2018-08_home.html,nsrcel_iim_bangalore\nsrcel_iim_bangalore_2018-08_home.txt,200,
"NSRCEL, IIM Bangalore",about,2018-08,ok,20180811115433,2018-08-11,https://web.archive.org/web/20180811115433/http://www.nsrcel.org:80/about-us,nsrcel_iim_bangalore\nsrcel_iim_bangalore_2018-08_about.html,nsrcel_iim_bangalore\nsrcel_iim_bangalore_2018-08_about.txt,200,
"NSRCEL, IIM Bangalore",home,2018-09,ok,20180902015605,2018-09-02,https://web.archive.org/web/20180902015605/http://www.nsrcel.org/,nsrcel_iim_bangalore\nsrcel_iim_bangalore_2018-09_home.html,nsrcel_iim_bangalore\nsrcel_iim_bangalore_2018-09_home.txt,200,
"NSRCEL, IIM Bangalore",about,2018-09,no_snapshot,,,,,,,
"NSRCEL, IIM Bangalore",home,2018-10,ok,20181006213037,2018-10-06,https://web.archive.org/web/20181006213037/http://www.nsrcel.org:80/,nsrcel_iim_bangalore\nsrcel_iim_bangalore_2018-10_home.html,nsrcel_iim_bangalore\nsrcel_iim_bangalore_2018-10_home.txt,200,
"NSRCEL, IIM Bangalore",about,2018-10,ok,20181017010354,2018-10-17,https://web.archive.org/web/20181017010354/http://www.nsrcel.org:80/about-us/,nsrcel_iim_bangalore\nsrcel_iim_bangalore_2018-10_about.html,nsrcel_iim_bangalore\nsrcel_iim_bangalore_2018-10_about.txt,200,
"NSRCEL, IIM Bangalore",home,2018-11,no_snapshot,,,,,,,
"NSRCEL, IIM Bangalore",about,2018-11,ok,20181123051329,2018-11-23,https://web.archive.org/web/20181123051329/http://www.nsrcel.org:80/about-us/,nsrcel_iim_bangalore\nsrcel_iim_bangalore_2018-11_about.html,nsrcel_iim_bangalore\nsrcel_iim_bangalore_2018-11_about.txt,200,
"NSRCEL, IIM Bangalore",home,2018-12,no_snapshot,,,,,,,
"NSRCEL, IIM Bangalore",about,2018-12,no_snapshot,,,,,,,
"NSRCEL, IIM Bangalore",home,2019-01,ok,20190125184356,2019-01-25,https://web.archive.org/web/20190125184356/https://www.nsrcel.org/,nsrcel_iim_bangalore\nsrcel_iim_bangalore_2019-01_home.html,nsrcel_iim_bangalore\nsrcel_iim_bangalore_2019-01_home.txt,200,
"NSRCEL, IIM Bangalore",about,2019-01,lookup_error,,,,,,,Failed after 3 attempts: timed out
"NSRCEL, IIM Bangalore",home,2019-02,no_snapshot,,,,,,,
"NSRCEL, IIM Bangalore",about,2019-02,ok,20190228015113,2019-02-28,https://web.archive.org/web/20190228015113/http://www.nsrcel.org:80/about-us/,nsrcel_iim_bangalore\nsrcel_iim_bangalore_2019-02_about.html,nsrcel_iim_bangalore\nsrcel_iim_bangalore_2019-02_about.txt,200,
"NSRCEL, IIM Bangalore",home,2019-03,no_snapshot,,,,,,,
"NSRCEL, IIM Bangalore",about,2019-03,no_snapshot,,,,,,,
"NSRCEL, IIM Bangalore",home,2019-04,ok,20190412221936,2019-04-12,https://web.archive.org/web/20190412221936/https://www.nsrcel.org/,nsrcel_iim_bangalore\nsrcel_iim_bangalore_2019-04_home.html,nsrcel_iim_bangalore\nsrcel_iim_bangalore_2019-04_home.txt,200,
"NSRCEL, IIM Bangalore",about,2019-04,no_snapshot,,,,,,,
"NSRCEL, IIM Bangalore",home,2019-05,ok,20190506120824,2019-05-06,https://web.archive.org/web/20190506120824/https://www.nsrcel.org/,nsrcel_iim_bangalore\nsrcel_iim_bangalore_2019-05_home.html,nsrcel_iim_bangalore\nsrcel_iim_bangalore_2019-05_home.txt,200,
"NSRCEL, IIM Bangalore",about,2019-05,ok,20190506120840,2019-05-06,https://web.archive.org/web/20190506120840/https://www.nsrcel.org/about-us/,nsrcel_iim_bangalore\nsrcel_iim_bangalore_2019-05_about.html,nsrcel_iim_bangalore\nsrcel_iim_bangalore_2019-05_about.txt,200,
"NSRCEL, IIM Bangalore",home,2019-06,ok,20190629010330,2019-06-29,https://web.archive.org/web/20190629010330/https://www.nsrcel.org/,nsrcel_iim_bangalore\nsrcel_iim_bangalore_2019-06_home.html,nsrcel_iim_bangalore\nsrcel_iim_bangalore_2019-06_home.txt,200,
"NSRCEL, IIM Bangalore",about,2019-06,ok,20190614141637,2019-06-14,https://web.archive.org/web/20190614141637/http://www.nsrcel.org:80/about-us/,nsrcel_iim_bangalore\nsrcel_iim_bangalore_2019-06_about.html,nsrcel_iim_bangalore\nsrcel_iim_bangalore_2019-06_about.txt,200,
"NSRCEL, IIM Bangalore",home,2019-07,no_snapshot,,,,,,,
"NSRCEL, IIM Bangalore",about,2019-07,no_snapshot,,,,,,,
"NSRCEL, IIM Bangalore",home,2019-08,ok,20190823025449,2019-08-23,https://web.archive.org/web/20190823025449/https://www.nsrcel.org/,nsrcel_iim_bangalore\nsrcel_iim_bangalore_2019-08_home.html,nsrcel_iim_bangalore\nsrcel_iim_bangalore_2019-08_home.txt,200,
"NSRCEL, IIM Bangalore",about,2019-08,no_snapshot,,,,,,,
"NSRCEL, IIM Bangalore",home,2019-09,no_snapshot,,,,,,,
"NSRCEL, IIM Bangalore",about,2019-09,no_snapshot,,,,,,,
"NSRCEL, IIM Bangalore",home,2019-10,no_snapshot,,,,,,,
"NSRCEL, IIM Bangalore",about,2019-10,no_snapshot,,,,,,,
"NSRCEL, IIM Bangalore",home,2019-11,no_snapshot,,,,,,,
"NSRCEL, IIM Bangalore",about,2019-11,lookup_error,,,,,,,Failed after 3 attempts: timed out
"NSRCEL, IIM Bangalore",home,2019-12,no_snapshot,,,,,,,
"NSRCEL, IIM Bangalore",about,2019-12,no_snapshot,,,,,,,
"NSRCEL, IIM Bangalore",home,2020-01,lookup_error,,,,,,,Failed after 3 attempts: timed out
"NSRCEL, IIM Bangalore",about,2020-01,no_snapshot,,,,,,,
"NSRCEL, IIM Bangalore",home,2020-02,no_snapshot,,,,,,,
"NSRCEL, IIM Bangalore",about,2020-02,no_snapshot,,,,,,,
"NSRCEL, IIM Bangalore",home,2020-03,no_snapshot,,,,,,,
"NSRCEL, IIM Bangalore",about,2020-03,no_snapshot,,,,,,,
"NSRCEL, IIM Bangalore",home,2020-04,no_snapshot,,,,,,,
"NSRCEL, IIM Bangalore",about,2020-04,no_snapshot,,,,,,,
"NSRCEL, IIM Bangalore",home,2020-05,no_snapshot,,,,,,,
"NSRCEL, IIM Bangalore",about,2020-05,no_snapshot,,,,,,,
"NSRCEL, IIM Bangalore",home,2020-06,no_snapshot,,,,,,,
"NSRCEL, IIM Bangalore",about,2020-06,no_snapshot,,,,,,,
"NSRCEL, IIM Bangalore",home,2020-07,no_snapshot,,,,,,,
"NSRCEL, IIM Bangalore",about,2020-07,no_snapshot,,,,,,,
"NSRCEL, IIM Bangalore",home,2020-08,no_snapshot,,,,,,,
"NSRCEL, IIM Bangalore",about,2020-08,no_snapshot,,,,,,,
"NSRCEL, IIM Bangalore",home,2020-09,no_snapshot,,,,,,,
"NSRCEL, IIM Bangalore",about,2020-09,no_snapshot,,,,,,,
"NSRCEL, IIM Bangalore",home,2020-10,no_snapshot,,,,,,,
"NSRCEL, IIM Bangalore",about,2020-10,no_snapshot,,,,,,,
"NSRCEL, IIM Bangalore",home,2020-11,no_snapshot,,,,,,,
"NSRCEL, IIM Bangalore",about,2020-11,no_snapshot,,,,,,,
"NSRCEL, IIM Bangalore",home,2020-12,ok,20201202053051,2020-12-02,https://web.archive.org/web/20201202053051/https://www.nsrcel.org/,nsrcel_iim_bangalore\nsrcel_iim_bangalore_2020-12_home.html,nsrcel_iim_bangalore\nsrcel_iim_bangalore_2020-12_home.txt,200,
"NSRCEL, IIM Bangalore",about,2020-12,no_snapshot,,,,,,,
"NSRCEL, IIM Bangalore",home,2021-01,no_snapshot,,,,,,,
"NSRCEL, IIM Bangalore",about,2021-01,no_snapshot,,,,,,,
"NSRCEL, IIM Bangalore",home,2021-02,lookup_error,,,,,,,Failed after 3 attempts: timed out
"NSRCEL, IIM Bangalore",about,2021-02,no_snapshot,,,,,,,
"NSRCEL, IIM Bangalore",home,2021-03,ok,20210328140827,2021-03-28,https://web.archive.org/web/20210328140827/https://www.nsrcel.org/,nsrcel_iim_bangalore\nsrcel_iim_bangalore_2021-03_home.html,nsrcel_iim_bangalore\nsrcel_iim_bangalore_2021-03_home.txt,200,
"NSRCEL, IIM Bangalore",about,2021-03,no_snapshot,,,,,,,
"NSRCEL, IIM Bangalore",home,2021-04,ok,20210414050011,2021-04-14,https://web.archive.org/web/20210414050011/https://www.nsrcel.org/,nsrcel_iim_bangalore\nsrcel_iim_bangalore_2021-04_home.html,nsrcel_iim_bangalore\nsrcel_iim_bangalore_2021-04_home.txt,200,
"NSRCEL, IIM Bangalore",about,2021-04,ok,20210414041544,2021-04-14,https://web.archive.org/web/20210414041544/https://www.nsrcel.org/about-us/,nsrcel_iim_bangalore\nsrcel_iim_bangalore_2021-04_about.html,nsrcel_iim_bangalore\nsrcel_iim_bangalore_2021-04_about.txt,200,
"NSRCEL, IIM Bangalore",home,2021-05,lookup_error,,,,,,,Failed after 3 attempts: timed out
"NSRCEL, IIM Bangalore",about,2021-05,no_snapshot,,,,,,,
"NSRCEL, IIM Bangalore",home,2021-06,no_snapshot,,,,,,,
"NSRCEL, IIM Bangalore",about,2021-06,ok,20210624052547,2021-06-24,https://web.archive.org/web/20210624052547/https://www.nsrcel.org/about-us/,nsrcel_iim_bangalore\nsrcel_iim_bangalore_2021-06_about.html,nsrcel_iim_bangalore\nsrcel_iim_bangalore_2021-06_about.txt,200,
"NSRCEL, IIM Bangalore",home,2021-07,no_snapshot,,,,,,,
"NSRCEL, IIM Bangalore",about,2021-07,no_snapshot,,,,,,,
"NSRCEL, IIM Bangalore",home,2021-08,no_snapshot,,,,,,,
"NSRCEL, IIM Bangalore",about,2021-08,no_snapshot,,,,,,,
"NSRCEL, IIM Bangalore",home,2021-09,ok,20210918165447,2021-09-18,https://web.archive.org/web/20210918165447/https://www.nsrcel.org/,nsrcel_iim_bangalore\nsrcel_iim_bangalore_2021-09_home.html,nsrcel_iim_bangalore\nsrcel_iim_bangalore_2021-09_home.txt,200,
"NSRCEL, IIM Bangalore",about,2021-09,no_snapshot,,,,,,,
"NSRCEL, IIM Bangalore",home,2021-10,no_snapshot,,,,,,,
"NSRCEL, IIM Bangalore",about,2021-10,ok,20211023071257,2021-10-23,https://web.archive.org/web/20211023071257/https://www.nsrcel.org/about-us/,nsrcel_iim_bangalore\nsrcel_iim_bangalore_2021-10_about.html,nsrcel_iim_bangalore\nsrcel_iim_bangalore_2021-10_about.txt,200,
"NSRCEL, IIM Bangalore",home,2021-11,no_snapshot,,,,,,,
"NSRCEL, IIM Bangalore",about,2021-11,no_snapshot,,,,,,,
"NSRCEL, IIM Bangalore",home,2021-12,ok,20211201032656,2021-12-01,https://web.archive.org/web/20211201032656/https://www.nsrcel.org/,nsrcel_iim_bangalore\nsrcel_iim_bangalore_2021-12_home.html,nsrcel_iim_bangalore\nsrcel_iim_bangalore_2021-12_home.txt,200,
"NSRCEL, IIM Bangalore",about,2021-12,no_snapshot,,,,,,,
"NSRCEL, IIM Bangalore",home,2022-01,no_snapshot,,,,,,,
"NSRCEL, IIM Bangalore",about,2022-01,no_snapshot,,,,,,,
"NSRCEL, IIM Bangalore",home,2022-02,no_snapshot,,,,,,,
"NSRCEL, IIM Bangalore",about,2022-02,no_snapshot,,,,,,,
"NSRCEL, IIM Bangalore",home,2022-03,no_snapshot,,,,,,,
"NSRCEL, IIM Bangalore",about,2022-03,ok,20220331022135,2022-03-31,https://web.archive.org/web/20220331022135/https://www.nsrcel.org/about-us/,nsrcel_iim_bangalore\nsrcel_iim_bangalore_2022-03_about.html,nsrcel_iim_bangalore\nsrcel_iim_bangalore_2022-03_about.txt,200,
"NSRCEL, IIM Bangalore",home,2022-04,no_snapshot,,,,,,,
"NSRCEL, IIM Bangalore",about,2022-04,lookup_error,,,,,,,Failed after 3 attempts: timed out
"NSRCEL, IIM Bangalore",home,2022-05,no_snapshot,,,,,,,
"NSRCEL, IIM Bangalore",about,2022-05,no_snapshot,,,,,,,
"NSRCEL, IIM Bangalore",home,2022-06,no_snapshot,,,,,,,
"NSRCEL, IIM Bangalore",about,2022-06,no_snapshot,,,,,,,
"NSRCEL, IIM Bangalore",home,2022-07,no_snapshot,,,,,,,
"NSRCEL, IIM Bangalore",about,2022-07,no_snapshot,,,,,,,
"NSRCEL, IIM Bangalore",home,2022-08,no_snapshot,,,,,,,
"NSRCEL, IIM Bangalore",about,2022-08,no_snapshot,,,,,,,
"NSRCEL, IIM Bangalore",home,2022-09,no_snapshot,,,,,,,
"NSRCEL, IIM Bangalore",about,2022-09,no_snapshot,,,,,,,
"NSRCEL, IIM Bangalore",home,2022-10,no_snapshot,,,,,,,
"NSRCEL, IIM Bangalore",about,2022-10,no_snapshot,,,,,,,
"NSRCEL, IIM Bangalore",home,2022-11,no_snapshot,,,,,,,
"NSRCEL, IIM Bangalore",about,2022-11,no_snapshot,,,,,,,
"NSRCEL, IIM Bangalore",home,2022-12,ok,20221208093108,2022-12-08,https://web.archive.org/web/20221208093108/https://nsrcel.org/,nsrcel_iim_bangalore\nsrcel_iim_bangalore_2022-12_home.html,nsrcel_iim_bangalore\nsrcel_iim_bangalore_2022-12_home.txt,200,
"NSRCEL, IIM Bangalore",about,2022-12,no_snapshot,,,,,,,
"NSRCEL, IIM Bangalore",home,2023-01,no_snapshot,,,,,,,
"NSRCEL, IIM Bangalore",about,2023-01,no_snapshot,,,,,,,
"NSRCEL, IIM Bangalore",home,2023-02,no_snapshot,,,,,,,
"NSRCEL, IIM Bangalore",about,2023-02,no_snapshot,,,,,,,
"NSRCEL, IIM Bangalore",home,2023-03,no_snapshot,,,,,,,
"NSRCEL, IIM Bangalore",about,2023-03,no_snapshot,,,,,,,
"NSRCEL, IIM Bangalore",home,2023-04,no_snapshot,,,,,,,
"NSRCEL, IIM Bangalore",about,2023-04,no_snapshot,,,,,,,
"NSRCEL, IIM Bangalore",home,2023-05,no_snapshot,,,,,,,
"NSRCEL, IIM Bangalore",about,2023-05,no_snapshot,,,,,,,
"NSRCEL, IIM Bangalore",home,2023-06,no_snapshot,,,,,,,
"NSRCEL, IIM Bangalore",about,2023-06,no_snapshot,,,,,,,
"NSRCEL, IIM Bangalore",home,2023-07,no_snapshot,,,,,,,
"NSRCEL, IIM Bangalore",about,2023-07,no_snapshot,,,,,,,
"NSRCEL, IIM Bangalore",home,2023-08,no_snapshot,,,,,,,
"NSRCEL, IIM Bangalore",about,2023-08,no_snapshot,,,,,,,
"NSRCEL, IIM Bangalore",home,2023-09,no_snapshot,,,,,,,
"NSRCEL, IIM Bangalore",about,2023-09,no_snapshot,,,,,,,
"NSRCEL, IIM Bangalore",home,2023-10,no_snapshot,,,,,,,
"NSRCEL, IIM Bangalore",about,2023-10,no_snapshot,,,,,,,
"NSRCEL, IIM Bangalore",home,2023-11,ok,20231122114025,2023-11-22,https://web.archive.org/web/20231122114025/https://nsrcel.org/,nsrcel_iim_bangalore\nsrcel_iim_bangalore_2023-11_home.html,nsrcel_iim_bangalore\nsrcel_iim_bangalore_2023-11_home.txt,200,
"NSRCEL, IIM Bangalore",about,2023-11,no_snapshot,,,,,,,
"NSRCEL, IIM Bangalore",home,2023-12,no_snapshot,,,,,,,
"NSRCEL, IIM Bangalore",about,2023-12,no_snapshot,,,,,,,
"NSRCEL, IIM Bangalore",home,2024-01,no_snapshot,,,,,,,
"NSRCEL, IIM Bangalore",about,2024-01,no_snapshot,,,,,,,
"NSRCEL, IIM Bangalore",home,2024-02,no_snapshot,,,,,,,
"NSRCEL, IIM Bangalore",about,2024-02,no_snapshot,,,,,,,
"NSRCEL, IIM Bangalore",home,2024-03,no_snapshot,,,,,,,
"NSRCEL, IIM Bangalore",about,2024-03,ok,20240305080457,2024-03-05,https://web.archive.org/web/20240305080457/https://nsrcel.org/about-us/,nsrcel_iim_bangalore\nsrcel_iim_bangalore_2024-03_about.html,nsrcel_iim_bangalore\nsrcel_iim_bangalore_2024-03_about.txt,200,
"NSRCEL, IIM Bangalore",home,2024-04,ok,20240418104349,2024-04-18,https://web.archive.org/web/20240418104349/https://nsrcel.org,nsrcel_iim_bangalore\nsrcel_iim_bangalore_2024-04_home.html,nsrcel_iim_bangalore\nsrcel_iim_bangalore_2024-04_home.txt,200,
"NSRCEL, IIM Bangalore",about,2024-04,no_snapshot,,,,,,,
"NSRCEL, IIM Bangalore",home,2024-05,no_snapshot,,,,,,,
"NSRCEL, IIM Bangalore",about,2024-05,no_snapshot,,,,,,,
"NSRCEL, IIM Bangalore",home,2024-06,no_snapshot,,,,,,,
"NSRCEL, IIM Bangalore",about,2024-06,ok,20240602133457,2024-06-02,https://web.archive.org/web/20240602133457/https://nsrcel.org/about-us/,nsrcel_iim_bangalore\nsrcel_iim_bangalore_2024-06_about.html,nsrcel_iim_bangalore\nsrcel_iim_bangalore_2024-06_about.txt,200,
"NSRCEL, IIM Bangalore",home,2024-07,no_snapshot,,,,,,,
"NSRCEL, IIM Bangalore",about,2024-07,ok,20240702232448,2024-07-02,https://web.archive.org/web/20240702232448/https://nsrcel.org/about-us/,nsrcel_iim_bangalore\nsrcel_iim_bangalore_2024-07_about.html,nsrcel_iim_bangalore\nsrcel_iim_bangalore_2024-07_about.txt,200,
"NSRCEL, IIM Bangalore",home,2024-08,ok,20240809053907,2024-08-09,https://web.archive.org/web/20240809053907/https://nsrcel.org/,nsrcel_iim_bangalore\nsrcel_iim_bangalore_2024-08_home.html,nsrcel_iim_bangalore\nsrcel_iim_bangalore_2024-08_home.txt,200,
"NSRCEL, IIM Bangalore",about,2024-08,no_snapshot,,,,,,,
"NSRCEL, IIM Bangalore",home,2024-09,lookup_error,,,,,,,Failed after 3 attempts: timed out
"NSRCEL, IIM Bangalore",about,2024-09,no_snapshot,,,,,,,
"NSRCEL, IIM Bangalore",home,2024-10,no_snapshot,,,,,,,
"NSRCEL, IIM Bangalore",about,2024-10,ok,20241003135555,2024-10-03,https://web.archive.org/web/20241003135555/https://nsrcel.org/about-us/,nsrcel_iim_bangalore\nsrcel_iim_bangalore_2024-10_about.html,nsrcel_iim_bangalore\nsrcel_iim_bangalore_2024-10_about.txt,200,
"NSRCEL, IIM Bangalore",home,2024-11,ok,20241106053406,2024-11-06,https://web.archive.org/web/20241106053406/https://nsrcel.org/,nsrcel_iim_bangalore\nsrcel_iim_bangalore_2024-11_home.html,nsrcel_iim_bangalore\nsrcel_iim_bangalore_2024-11_home.txt,200,
"NSRCEL, IIM Bangalore",about,2024-11,ok,20241106053425,2024-11-06,https://web.archive.org/web/20241106053425/https://nsrcel.org/about-us/,nsrcel_iim_bangalore\nsrcel_iim_bangalore_2024-11_about.html,nsrcel_iim_bangalore\nsrcel_iim_bangalore_2024-11_about.txt,200,
"NSRCEL, IIM Bangalore",home,2024-12,ok,20241212123637,2024-12-12,https://web.archive.org/web/20241212123637/https://nsrcel.org/,nsrcel_iim_bangalore\nsrcel_iim_bangalore_2024-12_home.html,nsrcel_iim_bangalore\nsrcel_iim_bangalore_2024-12_home.txt,200,
"NSRCEL, IIM Bangalore",about,2024-12,no_snapshot,,,,,,,
"NSRCEL, IIM Bangalore",home,2025-01,ok,20250111171613,2025-01-11,https://web.archive.org/web/20250111171613/https://nsrcel.org/,nsrcel_iim_bangalore\nsrcel_iim_bangalore_2025-01_home.html,nsrcel_iim_bangalore\nsrcel_iim_bangalore_2025-01_home.txt,200,
"NSRCEL, IIM Bangalore",about,2025-01,ok,20250122083022,2025-01-22,https://web.archive.org/web/20250122083022/https://nsrcel.org/about-us/,nsrcel_iim_bangalore\nsrcel_iim_bangalore_2025-01_about.html,nsrcel_iim_bangalore\nsrcel_iim_bangalore_2025-01_about.txt,200,
"NSRCEL, IIM Bangalore",home,2025-02,ok,20250214210438,2025-02-14,https://web.archive.org/web/20250214210438/https://nsrcel.org/,nsrcel_iim_bangalore\nsrcel_iim_bangalore_2025-02_home.html,nsrcel_iim_bangalore\nsrcel_iim_bangalore_2025-02_home.txt,200,
"NSRCEL, IIM Bangalore",about,2025-02,lookup_error,,,,,,,Failed after 3 attempts: timed out
"NSRCEL, IIM Bangalore",home,2025-03,ok,20250307221727,2025-03-07,https://web.archive.org/web/20250307221727/https://nsrcel.org/,nsrcel_iim_bangalore\nsrcel_iim_bangalore_2025-03_home.html,nsrcel_iim_bangalore\nsrcel_iim_bangalore_2025-03_home.txt,200,
"NSRCEL, IIM Bangalore",about,2025-03,ok,20250320152403,2025-03-20,https://web.archive.org/web/20250320152403/https://nsrcel.org/about-us/,nsrcel_iim_bangalore\nsrcel_iim_bangalore_2025-03_about.html,nsrcel_iim_bangalore\nsrcel_iim_bangalore_2025-03_about.txt,200,
"NSRCEL, IIM Bangalore",home,2025-04,ok,20250406071826,2025-04-06,https://web.archive.org/web/20250406071826/https://nsrcel.org/,nsrcel_iim_bangalore\nsrcel_iim_bangalore_2025-04_home.html,nsrcel_iim_bangalore\nsrcel_iim_bangalore_2025-04_home.txt,200,
"NSRCEL, IIM Bangalore",about,2025-04,ok,20250406182927,2025-04-06,https://web.archive.org/web/20250406182927/https://nsrcel.org/about-us/,nsrcel_iim_bangalore\nsrcel_iim_bangalore_2025-04_about.html,nsrcel_iim_bangalore\nsrcel_iim_bangalore_2025-04_about.txt,200,
"NSRCEL, IIM Bangalore",home,2025-05,ok,20250510151838,2025-05-10,https://web.archive.org/web/20250510151838/https://nsrcel.org/,nsrcel_iim_bangalore\nsrcel_iim_bangalore_2025-05_home.html,nsrcel_iim_bangalore\nsrcel_iim_bangalore_2025-05_home.txt,200,
"NSRCEL, IIM Bangalore",about,2025-05,no_snapshot,,,,,,,
"NSRCEL, IIM Bangalore",home,2025-06,ok,20250608084948,2025-06-08,https://web.archive.org/web/20250608084948/https://nsrcel.org/,nsrcel_iim_bangalore\nsrcel_iim_bangalore_2025-06_home.html,nsrcel_iim_bangalore\nsrcel_iim_bangalore_2025-06_home.txt,200,
"NSRCEL, IIM Bangalore",about,2025-06,no_snapshot,,,,,,,
"NSRCEL, IIM Bangalore",home,2025-07,no_snapshot,,,,,,,
"NSRCEL, IIM Bangalore",about,2025-07,ok,20250712071637,2025-07-12,https://web.archive.org/web/20250712071637/https://nsrcel.org/about-us/,nsrcel_iim_bangalore\nsrcel_iim_bangalore_2025-07_about.html,nsrcel_iim_bangalore\nsrcel_iim_bangalore_2025-07_about.txt,200,
"NSRCEL, IIM Bangalore",home,2025-08,lookup_error,,,,,,,Failed after 3 attempts: timed out
"NSRCEL, IIM Bangalore",about,2025-08,no_snapshot,,,,,,,
"NSRCEL, IIM Bangalore",home,2025-09,ok,20250901184534,2025-09-01,https://web.archive.org/web/20250901184534/https://nsrcel.org/,nsrcel_iim_bangalore\nsrcel_iim_bangalore_2025-09_home.html,nsrcel_iim_bangalore\nsrcel_iim_bangalore_2025-09_home.txt,200,
"NSRCEL, IIM Bangalore",about,2025-09,no_snapshot,,,,,,,
"NSRCEL, IIM Bangalore",home,2025-10,no_snapshot,,,,,,,
"NSRCEL, IIM Bangalore",about,2025-10,no_snapshot,,,,,,,
"NSRCEL, IIM Bangalore",home,2025-11,no_snapshot,,,,,,,
"NSRCEL, IIM Bangalore",about,2025-11,lookup_error,,,,,,,Failed after 3 attempts: timed out
"NSRCEL, IIM Bangalore",home,2025-12,ok,20251209163022,2025-12-09,https://web.archive.org/web/20251209163022/https://nsrcel.org/,nsrcel_iim_bangalore\nsrcel_iim_bangalore_2025-12_home.html,nsrcel_iim_bangalore\nsrcel_iim_bangalore_2025-12_home.txt,200,
"NSRCEL, IIM Bangalore",about,2025-12,no_snapshot,,,,,,,
"NSRCEL, IIM Bangalore",home,2026-01,ok,20260107071406,2026-01-07,https://web.archive.org/web/20260107071406/https://nsrcel.org/,nsrcel_iim_bangalore\nsrcel_iim_bangalore_2026-01_home.html,nsrcel_iim_bangalore\nsrcel_iim_bangalore_2026-01_home.txt,200,
"NSRCEL, IIM Bangalore",about,2026-01,ok,20260107201304,2026-01-07,https://web.archive.org/web/20260107201304/https://nsrcel.org/about-us/,nsrcel_iim_bangalore\nsrcel_iim_bangalore_2026-01_about.html,nsrcel_iim_bangalore\nsrcel_iim_bangalore_2026-01_about.txt,200,
"NSRCEL, IIM Bangalore",home,2026-02,ok,20260207225535,2026-02-07,https://web.archive.org/web/20260207225535/https://nsrcel.org/,nsrcel_iim_bangalore\nsrcel_iim_bangalore_2026-02_home.html,nsrcel_iim_bangalore\nsrcel_iim_bangalore_2026-02_home.txt,200,
"NSRCEL, IIM Bangalore",about,2026-02,no_snapshot,,,,,,,
"NSRCEL, IIM Bangalore",home,2026-03,ok,20260314094215,2026-03-14,https://web.archive.org/web/20260314094215/https://nsrcel.org/,nsrcel_iim_bangalore\nsrcel_iim_bangalore_2026-03_home.html,nsrcel_iim_bangalore\nsrcel_iim_bangalore_2026-03_home.txt,200,
"NSRCEL, IIM Bangalore",about,2026-03,lookup_error,,,,,,,Failed after 3 attempts: timed out
"NSRCEL, IIM Bangalore",home,2026-04,ok,20260419210149,2026-04-19,https://web.archive.org/web/20260419210149/https://nsrcel.org/,nsrcel_iim_bangalore\nsrcel_iim_bangalore_2026-04_home.html,nsrcel_iim_bangalore\nsrcel_iim_bangalore_2026-04_home.txt,200,
"NSRCEL, IIM Bangalore",about,2026-04,no_snapshot,,,,,,,
"NSRCEL, IIM Bangalore",home,2026-05,ok,20260502222151,2026-05-02,https://web.archive.org/web/20260502222151/https://nsrcel.org/,nsrcel_iim_bangalore\nsrcel_iim_bangalore_2026-05_home.html,nsrcel_iim_bangalore\nsrcel_iim_bangalore_2026-05_home.txt,200,
"NSRCEL, IIM Bangalore",about,2026-05,lookup_error,,,,,,,Failed after 3 attempts: timed out
"NSRCEL, IIM Bangalore",home,2026-06,no_snapshot,,,,,,,
"NSRCEL, IIM Bangalore",about,2026-06,ok,20260616093228,2026-06-16,https://web.archive.org/web/20260616093228/https://nsrcel.org/about-us/,nsrcel_iim_bangalore\nsrcel_iim_bangalore_2026-06_about.html,nsrcel_iim_bangalore\nsrcel_iim_bangalore_2026-06_about.txt,200,
"NSRCEL, IIM Bangalore",home,2026-07,no_snapshot,,,,,,,
"NSRCEL, IIM Bangalore",about,2026-07,no_snapshot,,,,,,,
"NSRCEL, IIM Bangalore",home,2026-08,ok,20260815093328,2026-08-15,https://web.archive.org/web/20260815093328/https://nsrcel.org/,nsrcel_iim_bangalore\nsrcel_iim_bangalore_2026-08_home.html,nsrcel_iim_bangalore\nsrcel_iim_bangalore_2026-08_home.txt,200,
"NSRCEL, IIM Bangalore",about,2026-08,no_snapshot,,,,,,,
"NSRCEL, IIM Bangalore",home,2026-09,lookup_error,,,,,,,Failed after 3 attempts: timed out
"NSRCEL, IIM Bangalore",about,2026-09,lookup_error,,,,,,,Failed after 3 attempts: timed out
Kerala Startup Mission KSUM,home,2017-01,no_snapshot,,,,,,,
Kerala Startup Mission KSUM,about,2017-01,no_snapshot,,,,,,,
Kerala Startup Mission KSUM,home,2017-02,no_snapshot,,,,,,,
Kerala Startup Mission KSUM,about,2017-02,no_snapshot,,,,,,,
Kerala Startup Mission KSUM,home,2017-03,no_snapshot,,,,,,,
Kerala Startup Mission KSUM,about,2017-03,no_snapshot,,,,,,,
Kerala Startup Mission KSUM,home,2017-04,no_snapshot,,,,,,,
Kerala Startup Mission KSUM,about,2017-04,no_snapshot,,,,,,,
Kerala Startup Mission KSUM,home,2017-05,ok,20170513224512,2017-05-13,https://web.archive.org/web/20170513224512/https://startupmission.kerala.gov.in/,kerala_startup_mission_ksum\kerala_startup_mission_ksum_2017-05_home.html,kerala_startup_mission_ksum\kerala_startup_mission_ksum_2017-05_home.txt,200,
Kerala Startup Mission KSUM,about,2017-05,lookup_error,,,,,,,Failed after 3 attempts: timed out
Kerala Startup Mission KSUM,home,2017-06,no_snapshot,,,,,,,
Kerala Startup Mission KSUM,about,2017-06,no_snapshot,,,,,,,
Kerala Startup Mission KSUM,home,2017-07,ok,20170722003238,2017-07-22,https://web.archive.org/web/20170722003238/https://startupmission.kerala.gov.in/,kerala_startup_mission_ksum\kerala_startup_mission_ksum_2017-07_home.html,kerala_startup_mission_ksum\kerala_startup_mission_ksum_2017-07_home.txt,200,
Kerala Startup Mission KSUM,about,2017-07,no_snapshot,,,,,,,
Kerala Startup Mission KSUM,home,2017-08,no_snapshot,,,,,,,
Kerala Startup Mission KSUM,about,2017-08,no_snapshot,,,,,,,
Kerala Startup Mission KSUM,home,2017-09,no_snapshot,,,,,,,
Kerala Startup Mission KSUM,about,2017-09,no_snapshot,,,,,,,
Kerala Startup Mission KSUM,home,2017-10,no_snapshot,,,,,,,
Kerala Startup Mission KSUM,about,2017-10,no_snapshot,,,,,,,
Kerala Startup Mission KSUM,home,2017-11,no_snapshot,,,,,,,
Kerala Startup Mission KSUM,about,2017-11,no_snapshot,,,,,,,
Kerala Startup Mission KSUM,home,2017-12,no_snapshot,,,,,,,
Kerala Startup Mission KSUM,about,2017-12,no_snapshot,,,,,,,
Kerala Startup Mission KSUM,home,2018-01,no_snapshot,,,,,,,
Kerala Startup Mission KSUM,about,2018-01,no_snapshot,,,,,,,
Kerala Startup Mission KSUM,home,2018-02,no_snapshot,,,,,,,
Kerala Startup Mission KSUM,about,2018-02,no_snapshot,,,,,,,
Kerala Startup Mission KSUM,home,2018-03,ok,20180326041303,2018-03-26,https://web.archive.org/web/20180326041303/https://startupmission.kerala.gov.in/,kerala_startup_mission_ksum\kerala_startup_mission_ksum_2018-03_home.html,kerala_startup_mission_ksum\kerala_startup_mission_ksum_2018-03_home.txt,200,
Kerala Startup Mission KSUM,about,2018-03,no_snapshot,,,,,,,
Kerala Startup Mission KSUM,home,2018-04,ok,20180411174333,2018-04-11,https://web.archive.org/web/20180411174333/https://startupmission.kerala.gov.in/,kerala_startup_mission_ksum\kerala_startup_mission_ksum_2018-04_home.html,kerala_startup_mission_ksum\kerala_startup_mission_ksum_2018-04_home.txt,200,
Kerala Startup Mission KSUM,about,2018-04,no_snapshot,,,,,,,
Kerala Startup Mission KSUM,home,2018-05,no_snapshot,,,,,,,
Kerala Startup Mission KSUM,about,2018-05,no_snapshot,,,,,,,
Kerala Startup Mission KSUM,home,2018-06,no_snapshot,,,,,,,
Kerala Startup Mission KSUM,about,2018-06,no_snapshot,,,,,,,
Kerala Startup Mission KSUM,home,2018-07,ok,20180718033548,2018-07-18,https://web.archive.org/web/20180718033548/https://startupmission.kerala.gov.in/,kerala_startup_mission_ksum\kerala_startup_mission_ksum_2018-07_home.html,kerala_startup_mission_ksum\kerala_startup_mission_ksum_2018-07_home.txt,200,
Kerala Startup Mission KSUM,about,2018-07,no_snapshot,,,,,,,
Kerala Startup Mission KSUM,home,2018-08,lookup_error,,,,,,,Failed after 3 attempts: timed out
Kerala Startup Mission KSUM,about,2018-08,no_snapshot,,,,,,,
Kerala Startup Mission KSUM,home,2018-09,ok,20180925121623,2018-09-25,https://web.archive.org/web/20180925121623/https://startupmission.kerala.gov.in/,kerala_startup_mission_ksum\kerala_startup_mission_ksum_2018-09_home.html,kerala_startup_mission_ksum\kerala_startup_mission_ksum_2018-09_home.txt,200,
Kerala Startup Mission KSUM,about,2018-09,no_snapshot,,,,,,,
Kerala Startup Mission KSUM,home,2018-10,ok,20181001192347,2018-10-01,https://web.archive.org/web/20181001192347/https://startupmission.kerala.gov.in/,kerala_startup_mission_ksum\kerala_startup_mission_ksum_2018-10_home.html,kerala_startup_mission_ksum\kerala_startup_mission_ksum_2018-10_home.txt,200,
Kerala Startup Mission KSUM,about,2018-10,no_snapshot,,,,,,,
Kerala Startup Mission KSUM,home,2018-11,ok,20181101044228,2018-11-01,https://web.archive.org/web/20181101044228/https://startupmission.kerala.gov.in/,kerala_startup_mission_ksum\kerala_startup_mission_ksum_2018-11_home.html,kerala_startup_mission_ksum\kerala_startup_mission_ksum_2018-11_home.txt,200,
Kerala Startup Mission KSUM,about,2018-11,no_snapshot,,,,,,,
Kerala Startup Mission KSUM,home,2018-12,ok,20181219041345,2018-12-19,https://web.archive.org/web/20181219041345/https://startupmission.kerala.gov.in/,kerala_startup_mission_ksum\kerala_startup_mission_ksum_2018-12_home.html,kerala_startup_mission_ksum\kerala_startup_mission_ksum_2018-12_home.txt,200,
Kerala Startup Mission KSUM,about,2018-12,no_snapshot,,,,,,,
Kerala Startup Mission KSUM,home,2019-01,ok,20190110123311,2019-01-10,https://web.archive.org/web/20190110123311/https://startupmission.kerala.gov.in/,kerala_startup_mission_ksum\kerala_startup_mission_ksum_2019-01_home.html,kerala_startup_mission_ksum\kerala_startup_mission_ksum_2019-01_home.txt,200,
Kerala Startup Mission KSUM,about,2019-01,no_snapshot,,,,,,,
Kerala Startup Mission KSUM,home,2019-02,no_snapshot,,,,,,,
Kerala Startup Mission KSUM,about,2019-02,no_snapshot,,,,,,,
Kerala Startup Mission KSUM,home,2019-03,ok,20190323195712,2019-03-23,https://web.archive.org/web/20190323195712/https://startupmission.kerala.gov.in/,kerala_startup_mission_ksum\kerala_startup_mission_ksum_2019-03_home.html,kerala_startup_mission_ksum\kerala_startup_mission_ksum_2019-03_home.txt,200,
Kerala Startup Mission KSUM,about,2019-03,no_snapshot,,,,,,,
Kerala Startup Mission KSUM,home,2019-04,no_snapshot,,,,,,,
Kerala Startup Mission KSUM,about,2019-04,no_snapshot,,,,,,,
Kerala Startup Mission KSUM,home,2019-05,no_snapshot,,,,,,,
Kerala Startup Mission KSUM,about,2019-05,ok,20190501201826,2019-05-01,https://web.archive.org/web/20190501201826/https://startupmission.kerala.gov.in/about,kerala_startup_mission_ksum\kerala_startup_mission_ksum_2019-05_about.html,kerala_startup_mission_ksum\kerala_startup_mission_ksum_2019-05_about.txt,200,
Kerala Startup Mission KSUM,home,2019-06,ok,20190607201608,2019-06-07,https://web.archive.org/web/20190607201608/https://startupmission.kerala.gov.in/,kerala_startup_mission_ksum\kerala_startup_mission_ksum_2019-06_home.html,kerala_startup_mission_ksum\kerala_startup_mission_ksum_2019-06_home.txt,200,
Kerala Startup Mission KSUM,about,2019-06,no_snapshot,,,,,,,
Kerala Startup Mission KSUM,home,2019-07,ok,20190709132605,2019-07-09,https://web.archive.org/web/20190709132605/https://startupmission.kerala.gov.in/,kerala_startup_mission_ksum\kerala_startup_mission_ksum_2019-07_home.html,kerala_startup_mission_ksum\kerala_startup_mission_ksum_2019-07_home.txt,200,
Kerala Startup Mission KSUM,about,2019-07,ok,20190722213325,2019-07-22,https://web.archive.org/web/20190722213325/https://startupmission.kerala.gov.in/about,kerala_startup_mission_ksum\kerala_startup_mission_ksum_2019-07_about.html,kerala_startup_mission_ksum\kerala_startup_mission_ksum_2019-07_about.txt,200,
Kerala Startup Mission KSUM,home,2019-08,ok,20190810044923,2019-08-10,https://web.archive.org/web/20190810044923/https://startupmission.kerala.gov.in/,kerala_startup_mission_ksum\kerala_startup_mission_ksum_2019-08_home.html,kerala_startup_mission_ksum\kerala_startup_mission_ksum_2019-08_home.txt,200,
Kerala Startup Mission KSUM,about,2019-08,no_snapshot,,,,,,,
Kerala Startup Mission KSUM,home,2019-09,ok,20190911065008,2019-09-11,https://web.archive.org/web/20190911065008/https://startupmission.kerala.gov.in/,kerala_startup_mission_ksum\kerala_startup_mission_ksum_2019-09_home.html,kerala_startup_mission_ksum\kerala_startup_mission_ksum_2019-09_home.txt,200,
Kerala Startup Mission KSUM,about,2019-09,ok,20190916072400,2019-09-16,https://web.archive.org/web/20190916072400/https://startupmission.kerala.gov.in/about,kerala_startup_mission_ksum\kerala_startup_mission_ksum_2019-09_about.html,kerala_startup_mission_ksum\kerala_startup_mission_ksum_2019-09_about.txt,200,
Kerala Startup Mission KSUM,home,2019-10,ok,20191014104402,2019-10-14,https://web.archive.org/web/20191014104402/https://startupmission.kerala.gov.in/,kerala_startup_mission_ksum\kerala_startup_mission_ksum_2019-10_home.html,kerala_startup_mission_ksum\kerala_startup_mission_ksum_2019-10_home.txt,200,
Kerala Startup Mission KSUM,about,2019-10,ok,20191015061327,2019-10-15,https://web.archive.org/web/20191015061327/https://startupmission.kerala.gov.in/about,kerala_startup_mission_ksum\kerala_startup_mission_ksum_2019-10_about.html,kerala_startup_mission_ksum\kerala_startup_mission_ksum_2019-10_about.txt,200,
Kerala Startup Mission KSUM,home,2019-11,ok,20191117122738,2019-11-17,https://web.archive.org/web/20191117122738/https://startupmission.kerala.gov.in/,kerala_startup_mission_ksum\kerala_startup_mission_ksum_2019-11_home.html,kerala_startup_mission_ksum\kerala_startup_mission_ksum_2019-11_home.txt,200,
Kerala Startup Mission KSUM,about,2019-11,ok,20191114090327,2019-11-14,https://web.archive.org/web/20191114090327/https://startupmission.kerala.gov.in/about,kerala_startup_mission_ksum\kerala_startup_mission_ksum_2019-11_about.html,kerala_startup_mission_ksum\kerala_startup_mission_ksum_2019-11_about.txt,200,
Kerala Startup Mission KSUM,home,2019-12,no_snapshot,,,,,,,
Kerala Startup Mission KSUM,about,2019-12,ok,20191208131926,2019-12-08,https://web.archive.org/web/20191208131926/https://startupmission.kerala.gov.in/about,kerala_startup_mission_ksum\kerala_startup_mission_ksum_2019-12_about.html,kerala_startup_mission_ksum\kerala_startup_mission_ksum_2019-12_about.txt,200,
Kerala Startup Mission KSUM,home,2020-01,no_snapshot,,,,,,,
Kerala Startup Mission KSUM,about,2020-01,ok,20200103205427,2020-01-03,https://web.archive.org/web/20200103205427/https://startupmission.kerala.gov.in/about,kerala_startup_mission_ksum\kerala_startup_mission_ksum_2020-01_about.html,kerala_startup_mission_ksum\kerala_startup_mission_ksum_2020-01_about.txt,200,
Kerala Startup Mission KSUM,home,2020-02,ok,20200220023321,2020-02-20,https://web.archive.org/web/20200220023321/https://startupmission.kerala.gov.in/,kerala_startup_mission_ksum\kerala_startup_mission_ksum_2020-02_home.html,kerala_startup_mission_ksum\kerala_startup_mission_ksum_2020-02_home.txt,200,
Kerala Startup Mission KSUM,about,2020-02,no_snapshot,,,,,,,
Kerala Startup Mission KSUM,home,2020-03,no_snapshot,,,,,,,
Kerala Startup Mission KSUM,about,2020-03,no_snapshot,,,,,,,
Kerala Startup Mission KSUM,home,2020-04,ok,20200414155401,2020-04-14,https://web.archive.org/web/20200414155401/https://startupmission.kerala.gov.in/,kerala_startup_mission_ksum\kerala_startup_mission_ksum_2020-04_home.html,kerala_startup_mission_ksum\kerala_startup_mission_ksum_2020-04_home.txt,200,
Kerala Startup Mission KSUM,about,2020-04,no_snapshot,,,,,,,
Kerala Startup Mission KSUM,home,2020-05,ok,20200506122740,2020-05-06,https://web.archive.org/web/20200506122740/https://startupmission.kerala.gov.in/,kerala_startup_mission_ksum\kerala_startup_mission_ksum_2020-05_home.html,kerala_startup_mission_ksum\kerala_startup_mission_ksum_2020-05_home.txt,200,
Kerala Startup Mission KSUM,about,2020-05,ok,20200523062924,2020-05-23,https://web.archive.org/web/20200523062924/https://startupmission.kerala.gov.in/about,kerala_startup_mission_ksum\kerala_startup_mission_ksum_2020-05_about.html,kerala_startup_mission_ksum\kerala_startup_mission_ksum_2020-05_about.txt,200,
Kerala Startup Mission KSUM,home,2020-06,ok,20200608135117,2020-06-08,https://web.archive.org/web/20200608135117/https://startupmission.kerala.gov.in/,kerala_startup_mission_ksum\kerala_startup_mission_ksum_2020-06_home.html,kerala_startup_mission_ksum\kerala_startup_mission_ksum_2020-06_home.txt,200,
Kerala Startup Mission KSUM,about,2020-06,ok,20200615010657,2020-06-15,https://web.archive.org/web/20200615010657/https://startupmission.kerala.gov.in/about,kerala_startup_mission_ksum\kerala_startup_mission_ksum_2020-06_about.html,kerala_startup_mission_ksum\kerala_startup_mission_ksum_2020-06_about.txt,200,
Kerala Startup Mission KSUM,home,2020-07,ok,20200704134446,2020-07-04,https://web.archive.org/web/20200704134446/https://startupmission.kerala.gov.in/,kerala_startup_mission_ksum\kerala_startup_mission_ksum_2020-07_home.html,kerala_startup_mission_ksum\kerala_startup_mission_ksum_2020-07_home.txt,200,
Kerala Startup Mission KSUM,about,2020-07,no_snapshot,,,,,,,
Kerala Startup Mission KSUM,home,2020-08,ok,20200811073959,2020-08-11,https://web.archive.org/web/20200811073959/https://startupmission.kerala.gov.in/,kerala_startup_mission_ksum\kerala_startup_mission_ksum_2020-08_home.html,kerala_startup_mission_ksum\kerala_startup_mission_ksum_2020-08_home.txt,200,
Kerala Startup Mission KSUM,about,2020-08,ok,20200803123918,2020-08-03,https://web.archive.org/web/20200803123918/https://startupmission.kerala.gov.in/about,kerala_startup_mission_ksum\kerala_startup_mission_ksum_2020-08_about.html,kerala_startup_mission_ksum\kerala_startup_mission_ksum_2020-08_about.txt,200,
Kerala Startup Mission KSUM,home,2020-09,ok,20200907212051,2020-09-07,https://web.archive.org/web/20200907212051/https://startupmission.kerala.gov.in/,kerala_startup_mission_ksum\kerala_startup_mission_ksum_2020-09_home.html,kerala_startup_mission_ksum\kerala_startup_mission_ksum_2020-09_home.txt,200,
Kerala Startup Mission KSUM,about,2020-09,ok,20200923041127,2020-09-23,https://web.archive.org/web/20200923041127/https://startupmission.kerala.gov.in/about,kerala_startup_mission_ksum\kerala_startup_mission_ksum_2020-09_about.html,kerala_startup_mission_ksum\kerala_startup_mission_ksum_2020-09_about.txt,200,
Kerala Startup Mission KSUM,home,2020-10,ok,20201005162524,2020-10-05,https://web.archive.org/web/20201005162524/https://startupmission.kerala.gov.in/,kerala_startup_mission_ksum\kerala_startup_mission_ksum_2020-10_home.html,kerala_startup_mission_ksum\kerala_startup_mission_ksum_2020-10_home.txt,200,
Kerala Startup Mission KSUM,about,2020-10,ok,20201028143043,2020-10-28,https://web.archive.org/web/20201028143043/https://startupmission.kerala.gov.in/about,kerala_startup_mission_ksum\kerala_startup_mission_ksum_2020-10_about.html,kerala_startup_mission_ksum\kerala_startup_mission_ksum_2020-10_about.txt,200,
Kerala Startup Mission KSUM,home,2020-11,ok,20201101070736,2020-11-01,https://web.archive.org/web/20201101070736/https://startupmission.kerala.gov.in/,kerala_startup_mission_ksum\kerala_startup_mission_ksum_2020-11_home.html,kerala_startup_mission_ksum\kerala_startup_mission_ksum_2020-11_home.txt,200,
Kerala Startup Mission KSUM,about,2020-11,no_snapshot,,,,,,,
Kerala Startup Mission KSUM,home,2020-12,ok,20201201061707,2020-12-01,https://web.archive.org/web/20201201061707/https://startupmission.kerala.gov.in/,kerala_startup_mission_ksum\kerala_startup_mission_ksum_2020-12_home.html,kerala_startup_mission_ksum\kerala_startup_mission_ksum_2020-12_home.txt,200,
Kerala Startup Mission KSUM,about,2020-12,ok,20201201060153,2020-12-01,https://web.archive.org/web/20201201060153/https://startupmission.kerala.gov.in/about,kerala_startup_mission_ksum\kerala_startup_mission_ksum_2020-12_about.html,kerala_startup_mission_ksum\kerala_startup_mission_ksum_2020-12_about.txt,200,
Kerala Startup Mission KSUM,home,2021-01,ok,20210107162128,2021-01-07,https://web.archive.org/web/20210107162128/https://startupmission.kerala.gov.in/,kerala_startup_mission_ksum\kerala_startup_mission_ksum_2021-01_home.html,kerala_startup_mission_ksum\kerala_startup_mission_ksum_2021-01_home.txt,200,
Kerala Startup Mission KSUM,about,2021-01,ok,20210128084006,2021-01-28,https://web.archive.org/web/20210128084006/https://startupmission.kerala.gov.in/about,kerala_startup_mission_ksum\kerala_startup_mission_ksum_2021-01_about.html,kerala_startup_mission_ksum\kerala_startup_mission_ksum_2021-01_about.txt,200,
Kerala Startup Mission KSUM,home,2021-02,no_snapshot,,,,,,,
Kerala Startup Mission KSUM,about,2021-02,no_snapshot,,,,,,,
Kerala Startup Mission KSUM,home,2021-03,ok,20210303073247,2021-03-03,https://web.archive.org/web/20210303073247/https://startupmission.kerala.gov.in/,kerala_startup_mission_ksum\kerala_startup_mission_ksum_2021-03_home.html,kerala_startup_mission_ksum\kerala_startup_mission_ksum_2021-03_home.txt,200,
Kerala Startup Mission KSUM,about,2021-03,no_snapshot,,,,,,,
Kerala Startup Mission KSUM,home,2021-04,ok,20210410140606,2021-04-10,https://web.archive.org/web/20210410140606/https://startupmission.kerala.gov.in/,kerala_startup_mission_ksum\kerala_startup_mission_ksum_2021-04_home.html,kerala_startup_mission_ksum\kerala_startup_mission_ksum_2021-04_home.txt,200,
Kerala Startup Mission KSUM,about,2021-04,ok,20210416142105,2021-04-16,https://web.archive.org/web/20210416142105/https://startupmission.kerala.gov.in/about,kerala_startup_mission_ksum\kerala_startup_mission_ksum_2021-04_about.html,kerala_startup_mission_ksum\kerala_startup_mission_ksum_2021-04_about.txt,200,
Kerala Startup Mission KSUM,home,2021-05,ok,20210506012656,2021-05-06,https://web.archive.org/web/20210506012656/https://startupmission.kerala.gov.in/,kerala_startup_mission_ksum\kerala_startup_mission_ksum_2021-05_home.html,kerala_startup_mission_ksum\kerala_startup_mission_ksum_2021-05_home.txt,200,
Kerala Startup Mission KSUM,about,2021-05,ok,20210506005554,2021-05-06,https://web.archive.org/web/20210506005554/https://startupmission.kerala.gov.in/about,kerala_startup_mission_ksum\kerala_startup_mission_ksum_2021-05_about.html,kerala_startup_mission_ksum\kerala_startup_mission_ksum_2021-05_about.txt,200,
Kerala Startup Mission KSUM,home,2021-06,ok,20210615092624,2021-06-15,https://web.archive.org/web/20210615092624/https://startupmission.kerala.gov.in/,kerala_startup_mission_ksum\kerala_startup_mission_ksum_2021-06_home.html,kerala_startup_mission_ksum\kerala_startup_mission_ksum_2021-06_home.txt,200,
Kerala Startup Mission KSUM,about,2021-06,ok,20210615131124,2021-06-15,https://web.archive.org/web/20210615131124/https://startupmission.kerala.gov.in/about,kerala_startup_mission_ksum\kerala_startup_mission_ksum_2021-06_about.html,kerala_startup_mission_ksum\kerala_startup_mission_ksum_2021-06_about.txt,200,
Kerala Startup Mission KSUM,home,2021-07,ok,20210711031650,2021-07-11,https://web.archive.org/web/20210711031650/https://startupmission.kerala.gov.in/,kerala_startup_mission_ksum\kerala_startup_mission_ksum_2021-07_home.html,kerala_startup_mission_ksum\kerala_startup_mission_ksum_2021-07_home.txt,200,
Kerala Startup Mission KSUM,about,2021-07,ok,20210711183541,2021-07-11,https://web.archive.org/web/20210711183541/https://startupmission.kerala.gov.in/about,kerala_startup_mission_ksum\kerala_startup_mission_ksum_2021-07_about.html,kerala_startup_mission_ksum\kerala_startup_mission_ksum_2021-07_about.txt,200,
Kerala Startup Mission KSUM,home,2021-08,ok,20210801162620,2021-08-01,https://web.archive.org/web/20210801162620/https://startupmission.kerala.gov.in/,kerala_startup_mission_ksum\kerala_startup_mission_ksum_2021-08_home.html,kerala_startup_mission_ksum\kerala_startup_mission_ksum_2021-08_home.txt,200,
Kerala Startup Mission KSUM,about,2021-08,ok,20210814173116,2021-08-14,https://web.archive.org/web/20210814173116/https://startupmission.kerala.gov.in/about,kerala_startup_mission_ksum\kerala_startup_mission_ksum_2021-08_about.html,kerala_startup_mission_ksum\kerala_startup_mission_ksum_2021-08_about.txt,200,
Kerala Startup Mission KSUM,home,2021-09,ok,20210908002657,2021-09-08,https://web.archive.org/web/20210908002657/https://startupmission.kerala.gov.in/,kerala_startup_mission_ksum\kerala_startup_mission_ksum_2021-09_home.html,kerala_startup_mission_ksum\kerala_startup_mission_ksum_2021-09_home.txt,200,
Kerala Startup Mission KSUM,about,2021-09,ok,20210908163502,2021-09-08,https://web.archive.org/web/20210908163502/https://startupmission.kerala.gov.in/about,kerala_startup_mission_ksum\kerala_startup_mission_ksum_2021-09_about.html,kerala_startup_mission_ksum\kerala_startup_mission_ksum_2021-09_about.txt,200,
Kerala Startup Mission KSUM,home,2021-10,ok,20211024022404,2021-10-24,https://web.archive.org/web/20211024022404/https://startupmission.kerala.gov.in/,kerala_startup_mission_ksum\kerala_startup_mission_ksum_2021-10_home.html,kerala_startup_mission_ksum\kerala_startup_mission_ksum_2021-10_home.txt,200,
Kerala Startup Mission KSUM,about,2021-10,no_snapshot,,,,,,,
Kerala Startup Mission KSUM,home,2021-11,ok,20211111015503,2021-11-11,https://web.archive.org/web/20211111015503/https://startupmission.kerala.gov.in/,kerala_startup_mission_ksum\kerala_startup_mission_ksum_2021-11_home.html,kerala_startup_mission_ksum\kerala_startup_mission_ksum_2021-11_home.txt,200,
Kerala Startup Mission KSUM,about,2021-11,ok,20211111144120,2021-11-11,https://web.archive.org/web/20211111144120/https://startupmission.kerala.gov.in/about,kerala_startup_mission_ksum\kerala_startup_mission_ksum_2021-11_about.html,kerala_startup_mission_ksum\kerala_startup_mission_ksum_2021-11_about.txt,200,
Kerala Startup Mission KSUM,home,2021-12,ok,20211201091704,2021-12-01,https://web.archive.org/web/20211201091704/https://startupmission.kerala.gov.in/,kerala_startup_mission_ksum\kerala_startup_mission_ksum_2021-12_home.html,kerala_startup_mission_ksum\kerala_startup_mission_ksum_2021-12_home.txt,200,
Kerala Startup Mission KSUM,about,2021-12,ok,20211216104522,2021-12-16,https://web.archive.org/web/20211216104522/https://startupmission.kerala.gov.in/about,kerala_startup_mission_ksum\kerala_startup_mission_ksum_2021-12_about.html,kerala_startup_mission_ksum\kerala_startup_mission_ksum_2021-12_about.txt,200,
Kerala Startup Mission KSUM,home,2022-01,ok,20220120012530,2022-01-20,https://web.archive.org/web/20220120012530/https://startupmission.kerala.gov.in/,kerala_startup_mission_ksum\kerala_startup_mission_ksum_2022-01_home.html,kerala_startup_mission_ksum\kerala_startup_mission_ksum_2022-01_home.txt,200,
Kerala Startup Mission KSUM,about,2022-01,ok,20220118194044,2022-01-18,https://web.archive.org/web/20220118194044/https://startupmission.kerala.gov.in/about,kerala_startup_mission_ksum\kerala_startup_mission_ksum_2022-01_about.html,kerala_startup_mission_ksum\kerala_startup_mission_ksum_2022-01_about.txt,200,
Kerala Startup Mission KSUM,home,2022-02,ok,20220205021822,2022-02-05,https://web.archive.org/web/20220205021822/https://startupmission.kerala.gov.in/,kerala_startup_mission_ksum\kerala_startup_mission_ksum_2022-02_home.html,kerala_startup_mission_ksum\kerala_startup_mission_ksum_2022-02_home.txt,200,
Kerala Startup Mission KSUM,about,2022-02,ok,20220206020007,2022-02-06,https://web.archive.org/web/20220206020007/https://startupmission.kerala.gov.in/about,kerala_startup_mission_ksum\kerala_startup_mission_ksum_2022-02_about.html,kerala_startup_mission_ksum\kerala_startup_mission_ksum_2022-02_about.txt,200,
Kerala Startup Mission KSUM,home,2022-03,ok,20220303124327,2022-03-03,https://web.archive.org/web/20220303124327/https://startupmission.kerala.gov.in/,kerala_startup_mission_ksum\kerala_startup_mission_ksum_2022-03_home.html,kerala_startup_mission_ksum\kerala_startup_mission_ksum_2022-03_home.txt,200,
Kerala Startup Mission KSUM,about,2022-03,ok,20220303124254,2022-03-03,https://web.archive.org/web/20220303124254/https://startupmission.kerala.gov.in/about,kerala_startup_mission_ksum\kerala_startup_mission_ksum_2022-03_about.html,kerala_startup_mission_ksum\kerala_startup_mission_ksum_2022-03_about.txt,200,
Kerala Startup Mission KSUM,home,2022-04,ok,20220401121559,2022-04-01,https://web.archive.org/web/20220401121559/https://startupmission.kerala.gov.in/,kerala_startup_mission_ksum\kerala_startup_mission_ksum_2022-04_home.html,kerala_startup_mission_ksum\kerala_startup_mission_ksum_2022-04_home.txt,200,
Kerala Startup Mission KSUM,about,2022-04,ok,20220401081625,2022-04-01,https://web.archive.org/web/20220401081625/https://startupmission.kerala.gov.in/about,kerala_startup_mission_ksum\kerala_startup_mission_ksum_2022-04_about.html,kerala_startup_mission_ksum\kerala_startup_mission_ksum_2022-04_about.txt,200,
Kerala Startup Mission KSUM,home,2022-05,ok,20220503004920,2022-05-03,https://web.archive.org/web/20220503004920/https://startupmission.kerala.gov.in/,kerala_startup_mission_ksum\kerala_startup_mission_ksum_2022-05_home.html,kerala_startup_mission_ksum\kerala_startup_mission_ksum_2022-05_home.txt,200,
Kerala Startup Mission KSUM,about,2022-05,ok,20220512073439,2022-05-12,https://web.archive.org/web/20220512073439/https://startupmission.kerala.gov.in/about,kerala_startup_mission_ksum\kerala_startup_mission_ksum_2022-05_about.html,kerala_startup_mission_ksum\kerala_startup_mission_ksum_2022-05_about.txt,200,
Kerala Startup Mission KSUM,home,2022-06,ok,20220601111258,2022-06-01,https://web.archive.org/web/20220601111258/https://startupmission.kerala.gov.in/,kerala_startup_mission_ksum\kerala_startup_mission_ksum_2022-06_home.html,kerala_startup_mission_ksum\kerala_startup_mission_ksum_2022-06_home.txt,200,
Kerala Startup Mission KSUM,about,2022-06,ok,20220619141725,2022-06-19,https://web.archive.org/web/20220619141725/https://startupmission.kerala.gov.in/about,kerala_startup_mission_ksum\kerala_startup_mission_ksum_2022-06_about.html,kerala_startup_mission_ksum\kerala_startup_mission_ksum_2022-06_about.txt,200,
Kerala Startup Mission KSUM,home,2022-07,ok,20220702195431,2022-07-02,https://web.archive.org/web/20220702195431/https://startupmission.kerala.gov.in/,kerala_startup_mission_ksum\kerala_startup_mission_ksum_2022-07_home.html,kerala_startup_mission_ksum\kerala_startup_mission_ksum_2022-07_home.txt,200,
Kerala Startup Mission KSUM,about,2022-07,no_snapshot,,,,,,,
Kerala Startup Mission KSUM,home,2022-08,ok,20220802234713,2022-08-02,https://web.archive.org/web/20220802234713/https://startupmission.kerala.gov.in/,kerala_startup_mission_ksum\kerala_startup_mission_ksum_2022-08_home.html,kerala_startup_mission_ksum\kerala_startup_mission_ksum_2022-08_home.txt,200,
Kerala Startup Mission KSUM,about,2022-08,ok,20220808164419,2022-08-08,https://web.archive.org/web/20220808164419/https://startupmission.kerala.gov.in/about,kerala_startup_mission_ksum\kerala_startup_mission_ksum_2022-08_about.html,kerala_startup_mission_ksum\kerala_startup_mission_ksum_2022-08_about.txt,200,
Kerala Startup Mission KSUM,home,2022-09,ok,20220905135316,2022-09-05,https://web.archive.org/web/20220905135316/https://startupmission.kerala.gov.in/,kerala_startup_mission_ksum\kerala_startup_mission_ksum_2022-09_home.html,kerala_startup_mission_ksum\kerala_startup_mission_ksum_2022-09_home.txt,200,
Kerala Startup Mission KSUM,about,2022-09,ok,20220930130307,2022-09-30,https://web.archive.org/web/20220930130307/https://startupmission.kerala.gov.in/about,kerala_startup_mission_ksum\kerala_startup_mission_ksum_2022-09_about.html,kerala_startup_mission_ksum\kerala_startup_mission_ksum_2022-09_about.txt,200,
Kerala Startup Mission KSUM,home,2022-10,ok,20221010054503,2022-10-10,https://web.archive.org/web/20221010054503/https://startupmission.kerala.gov.in/,kerala_startup_mission_ksum\kerala_startup_mission_ksum_2022-10_home.html,kerala_startup_mission_ksum\kerala_startup_mission_ksum_2022-10_home.txt,200,
Kerala Startup Mission KSUM,about,2022-10,no_snapshot,,,,,,,
Kerala Startup Mission KSUM,home,2022-11,ok,20221107090204,2022-11-07,https://web.archive.org/web/20221107090204/https://startupmission.kerala.gov.in/,kerala_startup_mission_ksum\kerala_startup_mission_ksum_2022-11_home.html,kerala_startup_mission_ksum\kerala_startup_mission_ksum_2022-11_home.txt,200,
Kerala Startup Mission KSUM,about,2022-11,no_snapshot,,,,,,,
Kerala Startup Mission KSUM,home,2022-12,ok,20221201102543,2022-12-01,https://web.archive.org/web/20221201102543/https://startupmission.kerala.gov.in/,kerala_startup_mission_ksum\kerala_startup_mission_ksum_2022-12_home.html,kerala_startup_mission_ksum\kerala_startup_mission_ksum_2022-12_home.txt,200,
Kerala Startup Mission KSUM,about,2022-12,no_snapshot,,,,,,,
Kerala Startup Mission KSUM,home,2023-01,ok,20230119082558,2023-01-19,https://web.archive.org/web/20230119082558/https://startupmission.kerala.gov.in/,kerala_startup_mission_ksum\kerala_startup_mission_ksum_2023-01_home.html,kerala_startup_mission_ksum\kerala_startup_mission_ksum_2023-01_home.txt,200,
Kerala Startup Mission KSUM,about,2023-01,ok,20230120032107,2023-01-20,https://web.archive.org/web/20230120032107/https://startupmission.kerala.gov.in/about,kerala_startup_mission_ksum\kerala_startup_mission_ksum_2023-01_about.html,kerala_startup_mission_ksum\kerala_startup_mission_ksum_2023-01_about.txt,200,
Kerala Startup Mission KSUM,home,2023-02,ok,20230201163758,2023-02-01,https://web.archive.org/web/20230201163758/https://startupmission.kerala.gov.in/,kerala_startup_mission_ksum\kerala_startup_mission_ksum_2023-02_home.html,kerala_startup_mission_ksum\kerala_startup_mission_ksum_2023-02_home.txt,200,
Kerala Startup Mission KSUM,about,2023-02,ok,20230201160322,2023-02-01,https://web.archive.org/web/20230201160322/https://startupmission.kerala.gov.in/about,kerala_startup_mission_ksum\kerala_startup_mission_ksum_2023-02_about.html,kerala_startup_mission_ksum\kerala_startup_mission_ksum_2023-02_about.txt,200,
Kerala Startup Mission KSUM,home,2023-03,ok,20230306052435,2023-03-06,https://web.archive.org/web/20230306052435/https://startupmission.kerala.gov.in/,kerala_startup_mission_ksum\kerala_startup_mission_ksum_2023-03_home.html,kerala_startup_mission_ksum\kerala_startup_mission_ksum_2023-03_home.txt,200,
Kerala Startup Mission KSUM,about,2023-03,ok,20230323171010,2023-03-23,https://web.archive.org/web/20230323171010/https://startupmission.kerala.gov.in/about,kerala_startup_mission_ksum\kerala_startup_mission_ksum_2023-03_about.html,kerala_startup_mission_ksum\kerala_startup_mission_ksum_2023-03_about.txt,200,
Kerala Startup Mission KSUM,home,2023-04,ok,20230410192217,2023-04-10,https://web.archive.org/web/20230410192217/https://startupmission.kerala.gov.in/,kerala_startup_mission_ksum\kerala_startup_mission_ksum_2023-04_home.html,kerala_startup_mission_ksum\kerala_startup_mission_ksum_2023-04_home.txt,200,
Kerala Startup Mission KSUM,about,2023-04,no_snapshot,,,,,,,
Kerala Startup Mission KSUM,home,2023-05,ok,20230521105243,2023-05-21,https://web.archive.org/web/20230521105243/https://startupmission.kerala.gov.in/,kerala_startup_mission_ksum\kerala_startup_mission_ksum_2023-05_home.html,kerala_startup_mission_ksum\kerala_startup_mission_ksum_2023-05_home.txt,200,
Kerala Startup Mission KSUM,about,2023-05,ok,20230521161237,2023-05-21,https://web.archive.org/web/20230521161237/https://startupmission.kerala.gov.in/about,kerala_startup_mission_ksum\kerala_startup_mission_ksum_2023-05_about.html,kerala_startup_mission_ksum\kerala_startup_mission_ksum_2023-05_about.txt,200,
Kerala Startup Mission KSUM,home,2023-06,ok,20230604114041,2023-06-04,https://web.archive.org/web/20230604114041/https://startupmission.kerala.gov.in/,kerala_startup_mission_ksum\kerala_startup_mission_ksum_2023-06_home.html,kerala_startup_mission_ksum\kerala_startup_mission_ksum_2023-06_home.txt,200,
Kerala Startup Mission KSUM,about,2023-06,ok,20230604110134,2023-06-04,https://web.archive.org/web/20230604110134/https://startupmission.kerala.gov.in/about,kerala_startup_mission_ksum\kerala_startup_mission_ksum_2023-06_about.html,kerala_startup_mission_ksum\kerala_startup_mission_ksum_2023-06_about.txt,200,
Kerala Startup Mission KSUM,home,2023-07,no_snapshot,,,,,,,
Kerala Startup Mission KSUM,about,2023-07,no_snapshot,,,,,,,
Kerala Startup Mission KSUM,home,2023-08,ok,20230810015939,2023-08-10,https://web.archive.org/web/20230810015939/https://startupmission.kerala.gov.in/,kerala_startup_mission_ksum\kerala_startup_mission_ksum_2023-08_home.html,kerala_startup_mission_ksum\kerala_startup_mission_ksum_2023-08_home.txt,200,
Kerala Startup Mission KSUM,about,2023-08,ok,20230811031435,2023-08-11,https://web.archive.org/web/20230811031435/https://startupmission.kerala.gov.in/about,kerala_startup_mission_ksum\kerala_startup_mission_ksum_2023-08_about.html,kerala_startup_mission_ksum\kerala_startup_mission_ksum_2023-08_about.txt,200,
Kerala Startup Mission KSUM,home,2023-09,ok,20230922050947,2023-09-22,https://web.archive.org/web/20230922050947/https://startupmission.kerala.gov.in/,kerala_startup_mission_ksum\kerala_startup_mission_ksum_2023-09_home.html,kerala_startup_mission_ksum\kerala_startup_mission_ksum_2023-09_home.txt,200,
Kerala Startup Mission KSUM,about,2023-09,ok,20230926024853,2023-09-26,https://web.archive.org/web/20230926024853/https://startupmission.kerala.gov.in/about,kerala_startup_mission_ksum\kerala_startup_mission_ksum_2023-09_about.html,kerala_startup_mission_ksum\kerala_startup_mission_ksum_2023-09_about.txt,200,
Kerala Startup Mission KSUM,home,2023-10,ok,20231010141630,2023-10-10,https://web.archive.org/web/20231010141630/https://startupmission.kerala.gov.in/,kerala_startup_mission_ksum\kerala_startup_mission_ksum_2023-10_home.html,kerala_startup_mission_ksum\kerala_startup_mission_ksum_2023-10_home.txt,200,
Kerala Startup Mission KSUM,about,2023-10,ok,20231010142136,2023-10-10,https://web.archive.org/web/20231010142136/https://startupmission.kerala.gov.in/about,kerala_startup_mission_ksum\kerala_startup_mission_ksum_2023-10_about.html,kerala_startup_mission_ksum\kerala_startup_mission_ksum_2023-10_about.txt,200,
Kerala Startup Mission KSUM,home,2023-11,ok,20231129092927,2023-11-29,https://web.archive.org/web/20231129092927/https://startupmission.kerala.gov.in/,kerala_startup_mission_ksum\kerala_startup_mission_ksum_2023-11_home.html,kerala_startup_mission_ksum\kerala_startup_mission_ksum_2023-11_home.txt,200,
Kerala Startup Mission KSUM,about,2023-11,no_snapshot,,,,,,,
Kerala Startup Mission KSUM,home,2023-12,ok,20231201190928,2023-12-01,https://web.archive.org/web/20231201190928/https://startupmission.kerala.gov.in/,kerala_startup_mission_ksum\kerala_startup_mission_ksum_2023-12_home.html,kerala_startup_mission_ksum\kerala_startup_mission_ksum_2023-12_home.txt,200,
Kerala Startup Mission KSUM,about,2023-12,no_snapshot,,,,,,,
Kerala Startup Mission KSUM,home,2024-01,ok,20240117154213,2024-01-17,https://web.archive.org/web/20240117154213/https://startupmission.kerala.gov.in/,kerala_startup_mission_ksum\kerala_startup_mission_ksum_2024-01_home.html,kerala_startup_mission_ksum\kerala_startup_mission_ksum_2024-01_home.txt,200,
Kerala Startup Mission KSUM,about,2024-01,ok,20240117154248,2024-01-17,https://web.archive.org/web/20240117154248/https://startupmission.kerala.gov.in/about,kerala_startup_mission_ksum\kerala_startup_mission_ksum_2024-01_about.html,kerala_startup_mission_ksum\kerala_startup_mission_ksum_2024-01_about.txt,200,
Kerala Startup Mission KSUM,home,2024-02,no_snapshot,,,,,,,
Kerala Startup Mission KSUM,about,2024-02,no_snapshot,,,,,,,
Kerala Startup Mission KSUM,home,2024-03,ok,20240301035541,2024-03-01,https://web.archive.org/web/20240301035541/https://startupmission.kerala.gov.in/,kerala_startup_mission_ksum\kerala_startup_mission_ksum_2024-03_home.html,kerala_startup_mission_ksum\kerala_startup_mission_ksum_2024-03_home.txt,200,
Kerala Startup Mission KSUM,about,2024-03,no_snapshot,,,,,,,
Kerala Startup Mission KSUM,home,2024-04,ok,20240415002054,2024-04-15,https://web.archive.org/web/20240415002054/https://startupmission.kerala.gov.in/,kerala_startup_mission_ksum\kerala_startup_mission_ksum_2024-04_home.html,kerala_startup_mission_ksum\kerala_startup_mission_ksum_2024-04_home.txt,200,
Kerala Startup Mission KSUM,about,2024-04,ok,20240415092703,2024-04-15,https://web.archive.org/web/20240415092703/https://startupmission.kerala.gov.in/about,kerala_startup_mission_ksum\kerala_startup_mission_ksum_2024-04_about.html,kerala_startup_mission_ksum\kerala_startup_mission_ksum_2024-04_about.txt,200,
Kerala Startup Mission KSUM,home,2024-05,ok,20240515081955,2024-05-15,https://web.archive.org/web/20240515081955/https://startupmission.kerala.gov.in/,kerala_startup_mission_ksum\kerala_startup_mission_ksum_2024-05_home.html,kerala_startup_mission_ksum\kerala_startup_mission_ksum_2024-05_home.txt,200,
Kerala Startup Mission KSUM,about,2024-05,ok,20240515082433,2024-05-15,https://web.archive.org/web/20240515082433/https://startupmission.kerala.gov.in/about,kerala_startup_mission_ksum\kerala_startup_mission_ksum_2024-05_about.html,kerala_startup_mission_ksum\kerala_startup_mission_ksum_2024-05_about.txt,200,
Kerala Startup Mission KSUM,home,2024-06,ok,20240605133112,2024-06-05,https://web.archive.org/web/20240605133112/https://startupmission.kerala.gov.in/,kerala_startup_mission_ksum\kerala_startup_mission_ksum_2024-06_home.html,kerala_startup_mission_ksum\kerala_startup_mission_ksum_2024-06_home.txt,200,
Kerala Startup Mission KSUM,about,2024-06,ok,20240605133958,2024-06-05,https://web.archive.org/web/20240605133958/https://startupmission.kerala.gov.in/about,kerala_startup_mission_ksum\kerala_startup_mission_ksum_2024-06_about.html,kerala_startup_mission_ksum\kerala_startup_mission_ksum_2024-06_about.txt,200,
Kerala Startup Mission KSUM,home,2024-07,ok,20240725105203,2024-07-25,https://web.archive.org/web/20240725105203/https://startupmission.kerala.gov.in/,kerala_startup_mission_ksum\kerala_startup_mission_ksum_2024-07_home.html,kerala_startup_mission_ksum\kerala_startup_mission_ksum_2024-07_home.txt,200,
Kerala Startup Mission KSUM,about,2024-07,lookup_error,,,,,,,Failed after 3 attempts: timed out
Kerala Startup Mission KSUM,home,2024-08,ok,20240803225333,2024-08-03,https://web.archive.org/web/20240803225333/https://startupmission.kerala.gov.in/,kerala_startup_mission_ksum\kerala_startup_mission_ksum_2024-08_home.html,kerala_startup_mission_ksum\kerala_startup_mission_ksum_2024-08_home.txt,200,
Kerala Startup Mission KSUM,about,2024-08,ok,20240815121653,2024-08-15,https://web.archive.org/web/20240815121653/https://startupmission.kerala.gov.in/about,kerala_startup_mission_ksum\kerala_startup_mission_ksum_2024-08_about.html,kerala_startup_mission_ksum\kerala_startup_mission_ksum_2024-08_about.txt,200,
Kerala Startup Mission KSUM,home,2024-09,ok,20240902050340,2024-09-02,https://web.archive.org/web/20240902050340/https://startupmission.kerala.gov.in/,kerala_startup_mission_ksum\kerala_startup_mission_ksum_2024-09_home.html,kerala_startup_mission_ksum\kerala_startup_mission_ksum_2024-09_home.txt,200,
Kerala Startup Mission KSUM,about,2024-09,ok,20240902050351,2024-09-02,https://web.archive.org/web/20240902050351/https://startupmission.kerala.gov.in/about,kerala_startup_mission_ksum\kerala_startup_mission_ksum_2024-09_about.html,kerala_startup_mission_ksum\kerala_startup_mission_ksum_2024-09_about.txt,200,
Kerala Startup Mission KSUM,home,2024-10,ok,20241002085136,2024-10-02,https://web.archive.org/web/20241002085136/https://startupmission.kerala.gov.in/,kerala_startup_mission_ksum\kerala_startup_mission_ksum_2024-10_home.html,kerala_startup_mission_ksum\kerala_startup_mission_ksum_2024-10_home.txt,200,
Kerala Startup Mission KSUM,about,2024-10,ok,20241014084614,2024-10-14,https://web.archive.org/web/20241014084614/https://startupmission.kerala.gov.in/about,kerala_startup_mission_ksum\kerala_startup_mission_ksum_2024-10_about.html,kerala_startup_mission_ksum\kerala_startup_mission_ksum_2024-10_about.txt,200,
Kerala Startup Mission KSUM,home,2024-11,ok,20241107233523,2024-11-07,https://web.archive.org/web/20241107233523/https://startupmission.kerala.gov.in/,kerala_startup_mission_ksum\kerala_startup_mission_ksum_2024-11_home.html,kerala_startup_mission_ksum\kerala_startup_mission_ksum_2024-11_home.txt,200,
Kerala Startup Mission KSUM,about,2024-11,ok,20241120194814,2024-11-20,https://web.archive.org/web/20241120194814/https://startupmission.kerala.gov.in/about,kerala_startup_mission_ksum\kerala_startup_mission_ksum_2024-11_about.html,kerala_startup_mission_ksum\kerala_startup_mission_ksum_2024-11_about.txt,200,
Kerala Startup Mission KSUM,home,2024-12,ok,20241201135406,2024-12-01,https://web.archive.org/web/20241201135406/https://startupmission.kerala.gov.in/,kerala_startup_mission_ksum\kerala_startup_mission_ksum_2024-12_home.html,kerala_startup_mission_ksum\kerala_startup_mission_ksum_2024-12_home.txt,200,
Kerala Startup Mission KSUM,about,2024-12,no_snapshot,,,,,,,
Kerala Startup Mission KSUM,home,2025-01,lookup_error,,,,,,,Failed after 3 attempts: timed out
Kerala Startup Mission KSUM,about,2025-01,no_snapshot,,,,,,,
Kerala Startup Mission KSUM,home,2025-02,ok,20250207152440,2025-02-07,https://web.archive.org/web/20250207152440/https://startupmission.kerala.gov.in/,kerala_startup_mission_ksum\kerala_startup_mission_ksum_2025-02_home.html,kerala_startup_mission_ksum\kerala_startup_mission_ksum_2025-02_home.txt,200,
Kerala Startup Mission KSUM,about,2025-02,ok,20250215071653,2025-02-15,https://web.archive.org/web/20250215071653/https://startupmission.kerala.gov.in/about,kerala_startup_mission_ksum\kerala_startup_mission_ksum_2025-02_about.html,kerala_startup_mission_ksum\kerala_startup_mission_ksum_2025-02_about.txt,200,
Kerala Startup Mission KSUM,home,2025-03,ok,20250320054449,2025-03-20,https://web.archive.org/web/20250320054449/https://startupmission.kerala.gov.in/,kerala_startup_mission_ksum\kerala_startup_mission_ksum_2025-03_home.html,kerala_startup_mission_ksum\kerala_startup_mission_ksum_2025-03_home.txt,200,
Kerala Startup Mission KSUM,about,2025-03,ok,20250324080348,2025-03-24,https://web.archive.org/web/20250324080348/https://startupmission.kerala.gov.in/about,kerala_startup_mission_ksum\kerala_startup_mission_ksum_2025-03_about.html,kerala_startup_mission_ksum\kerala_startup_mission_ksum_2025-03_about.txt,200,
Kerala Startup Mission KSUM,home,2025-04,ok,20250402155000,2025-04-02,https://web.archive.org/web/20250402155000/https://startupmission.kerala.gov.in/,kerala_startup_mission_ksum\kerala_startup_mission_ksum_2025-04_home.html,kerala_startup_mission_ksum\kerala_startup_mission_ksum_2025-04_home.txt,200,
Kerala Startup Mission KSUM,about,2025-04,ok,20250404071639,2025-04-04,https://web.archive.org/web/20250404071639/https://startupmission.kerala.gov.in/about,kerala_startup_mission_ksum\kerala_startup_mission_ksum_2025-04_about.html,kerala_startup_mission_ksum\kerala_startup_mission_ksum_2025-04_about.txt,200,
Kerala Startup Mission KSUM,home,2025-05,ok,20250501032703,2025-05-01,https://web.archive.org/web/20250501032703/https://startupmission.kerala.gov.in/,kerala_startup_mission_ksum\kerala_startup_mission_ksum_2025-05_home.html,kerala_startup_mission_ksum\kerala_startup_mission_ksum_2025-05_home.txt,200,
Kerala Startup Mission KSUM,about,2025-05,ok,20250501060411,2025-05-01,https://web.archive.org/web/20250501060411/https://startupmission.kerala.gov.in/about,kerala_startup_mission_ksum\kerala_startup_mission_ksum_2025-05_about.html,kerala_startup_mission_ksum\kerala_startup_mission_ksum_2025-05_about.txt,200,
Kerala Startup Mission KSUM,home,2025-06,ok,20250607213617,2025-06-07,https://web.archive.org/web/20250607213617/https://startupmission.kerala.gov.in/,kerala_startup_mission_ksum\kerala_startup_mission_ksum_2025-06_home.html,kerala_startup_mission_ksum\kerala_startup_mission_ksum_2025-06_home.txt,200,
Kerala Startup Mission KSUM,about,2025-06,ok,20250612094133,2025-06-12,https://web.archive.org/web/20250612094133/https://startupmission.kerala.gov.in/about,kerala_startup_mission_ksum\kerala_startup_mission_ksum_2025-06_about.html,kerala_startup_mission_ksum\kerala_startup_mission_ksum_2025-06_about.txt,200,
Kerala Startup Mission KSUM,home,2025-07,ok,20250703051131,2025-07-03,https://web.archive.org/web/20250703051131/https://startupmission.kerala.gov.in/,kerala_startup_mission_ksum\kerala_startup_mission_ksum_2025-07_home.html,kerala_startup_mission_ksum\kerala_startup_mission_ksum_2025-07_home.txt,200,
Kerala Startup Mission KSUM,about,2025-07,ok,20250723182115,2025-07-23,https://web.archive.org/web/20250723182115/https://startupmission.kerala.gov.in/about,kerala_startup_mission_ksum\kerala_startup_mission_ksum_2025-07_about.html,kerala_startup_mission_ksum\kerala_startup_mission_ksum_2025-07_about.txt,200,
Kerala Startup Mission KSUM,home,2025-08,ok,20250803090153,2025-08-03,https://web.archive.org/web/20250803090153/https://startupmission.kerala.gov.in/,kerala_startup_mission_ksum\kerala_startup_mission_ksum_2025-08_home.html,kerala_startup_mission_ksum\kerala_startup_mission_ksum_2025-08_home.txt,200,
Kerala Startup Mission KSUM,about,2025-08,ok,20250803083631,2025-08-03,https://web.archive.org/web/20250803083631/https://startupmission.kerala.gov.in/about,kerala_startup_mission_ksum\kerala_startup_mission_ksum_2025-08_about.html,kerala_startup_mission_ksum\kerala_startup_mission_ksum_2025-08_about.txt,200,
Kerala Startup Mission KSUM,home,2025-09,ok,20250907115437,2025-09-07,https://web.archive.org/web/20250907115437/https://startupmission.kerala.gov.in/,kerala_startup_mission_ksum\kerala_startup_mission_ksum_2025-09_home.html,kerala_startup_mission_ksum\kerala_startup_mission_ksum_2025-09_home.txt,200,
Kerala Startup Mission KSUM,about,2025-09,no_snapshot,,,,,,,
Kerala Startup Mission KSUM,home,2025-10,ok,20251009052826,2025-10-09,https://web.archive.org/web/20251009052826/https://startupmission.kerala.gov.in/,kerala_startup_mission_ksum\kerala_startup_mission_ksum_2025-10_home.html,kerala_startup_mission_ksum\kerala_startup_mission_ksum_2025-10_home.txt,200,
Kerala Startup Mission KSUM,about,2025-10,no_snapshot,,,,,,,
Kerala Startup Mission KSUM,home,2025-11,ok,20251106050153,2025-11-06,https://web.archive.org/web/20251106050153/https://startupmission.kerala.gov.in/,kerala_startup_mission_ksum\kerala_startup_mission_ksum_2025-11_home.html,kerala_startup_mission_ksum\kerala_startup_mission_ksum_2025-11_home.txt,200,
Kerala Startup Mission KSUM,about,2025-11,ok,20251106062756,2025-11-06,https://web.archive.org/web/20251106062756/https://startupmission.kerala.gov.in/about,kerala_startup_mission_ksum\kerala_startup_mission_ksum_2025-11_about.html,kerala_startup_mission_ksum\kerala_startup_mission_ksum_2025-11_about.txt,200,
Kerala Startup Mission KSUM,home,2025-12,ok,20251205144051,2025-12-05,https://web.archive.org/web/20251205144051/https://startupmission.kerala.gov.in/,kerala_startup_mission_ksum\kerala_startup_mission_ksum_2025-12_home.html,kerala_startup_mission_ksum\kerala_startup_mission_ksum_2025-12_home.txt,200,
Kerala Startup Mission KSUM,about,2025-12,ok,20251205155250,2025-12-05,https://web.archive.org/web/20251205155250/https://startupmission.kerala.gov.in/about,kerala_startup_mission_ksum\kerala_startup_mission_ksum_2025-12_about.html,kerala_startup_mission_ksum\kerala_startup_mission_ksum_2025-12_about.txt,200,
Kerala Startup Mission KSUM,home,2026-01,ok,20260101162322,2026-01-01,https://web.archive.org/web/20260101162322/https://startupmission.kerala.gov.in/,kerala_startup_mission_ksum\kerala_startup_mission_ksum_2026-01_home.html,kerala_startup_mission_ksum\kerala_startup_mission_ksum_2026-01_home.txt,200,
Kerala Startup Mission KSUM,about,2026-01,ok,20260101162527,2026-01-01,https://web.archive.org/web/20260101162527/https://startupmission.kerala.gov.in/about,kerala_startup_mission_ksum\kerala_startup_mission_ksum_2026-01_about.html,kerala_startup_mission_ksum\kerala_startup_mission_ksum_2026-01_about.txt,200,
Kerala Startup Mission KSUM,home,2026-02,ok,20260205060927,2026-02-05,https://web.archive.org/web/20260205060927/https://startupmission.kerala.gov.in/,kerala_startup_mission_ksum\kerala_startup_mission_ksum_2026-02_home.html,kerala_startup_mission_ksum\kerala_startup_mission_ksum_2026-02_home.txt,200,
Kerala Startup Mission KSUM,about,2026-02,ok,20260205061416,2026-02-05,https://web.archive.org/web/20260205061416/https://startupmission.kerala.gov.in/about,kerala_startup_mission_ksum\kerala_startup_mission_ksum_2026-02_about.html,kerala_startup_mission_ksum\kerala_startup_mission_ksum_2026-02_about.txt,200,
Kerala Startup Mission KSUM,home,2026-03,ok,20260302065254,2026-03-02,https://web.archive.org/web/20260302065254/https://startupmission.kerala.gov.in/,kerala_startup_mission_ksum\kerala_startup_mission_ksum_2026-03_home.html,kerala_startup_mission_ksum\kerala_startup_mission_ksum_2026-03_home.txt,200,
Kerala Startup Mission KSUM,about,2026-03,ok,20260302065807,2026-03-02,https://web.archive.org/web/20260302065807/https://startupmission.kerala.gov.in/about,kerala_startup_mission_ksum\kerala_startup_mission_ksum_2026-03_about.html,kerala_startup_mission_ksum\kerala_startup_mission_ksum_2026-03_about.txt,200,
Kerala Startup Mission KSUM,home,2026-04,ok,20260410070526,2026-04-10,https://web.archive.org/web/20260410070526/https://startupmission.kerala.gov.in/,kerala_startup_mission_ksum\kerala_startup_mission_ksum_2026-04_home.html,kerala_startup_mission_ksum\kerala_startup_mission_ksum_2026-04_home.txt,200,
Kerala Startup Mission KSUM,about,2026-04,ok,20260410071150,2026-04-10,https://web.archive.org/web/20260410071150/https://startupmission.kerala.gov.in/about,kerala_startup_mission_ksum\kerala_startup_mission_ksum_2026-04_about.html,kerala_startup_mission_ksum\kerala_startup_mission_ksum_2026-04_about.txt,200,
Kerala Startup Mission KSUM,home,2026-05,ok,20260506155530,2026-05-06,https://web.archive.org/web/20260506155530/https://startupmission.kerala.gov.in/,kerala_startup_mission_ksum\kerala_startup_mission_ksum_2026-05_home.html,kerala_startup_mission_ksum\kerala_startup_mission_ksum_2026-05_home.txt,200,
Kerala Startup Mission KSUM,about,2026-05,ok,20260506183708,2026-05-06,https://web.archive.org/web/20260506183708/https://startupmission.kerala.gov.in/about,kerala_startup_mission_ksum\kerala_startup_mission_ksum_2026-05_about.html,kerala_startup_mission_ksum\kerala_startup_mission_ksum_2026-05_about.txt,200,
Kerala Startup Mission KSUM,home,2026-06,ok,20260606203602,2026-06-06,https://web.archive.org/web/20260606203602/https://startupmission.kerala.gov.in/,kerala_startup_mission_ksum\kerala_startup_mission_ksum_2026-06_home.html,kerala_startup_mission_ksum\kerala_startup_mission_ksum_2026-06_home.txt,200,
Kerala Startup Mission KSUM,about,2026-06,no_snapshot,,,,,,,
Kerala Startup Mission KSUM,home,2026-07,ok,20260727133139,2026-07-27,https://web.archive.org/web/20260727133139/https://startupmission.kerala.gov.in/,kerala_startup_mission_ksum\kerala_startup_mission_ksum_2026-07_home.html,kerala_startup_mission_ksum\kerala_startup_mission_ksum_2026-07_home.txt,200,
Kerala Startup Mission KSUM,about,2026-07,no_snapshot,,,,,,,
Kerala Startup Mission KSUM,home,2026-08,ok,20260802062412,2026-08-02,https://web.archive.org/web/20260802062412/https://startupmission.kerala.gov.in/,kerala_startup_mission_ksum\kerala_startup_mission_ksum_2026-08_home.html,kerala_startup_mission_ksum\kerala_startup_mission_ksum_2026-08_home.txt,200,
Kerala Startup Mission KSUM,about,2026-08,no_snapshot,,,,,,,
Kerala Startup Mission KSUM,home,2026-09,no_snapshot,,,,,,,
Kerala Startup Mission KSUM,about,2026-09,lookup_error,,,,,,,Failed after 3 attempts: timed out
Maker Village - Kochi,home,2017-01,no_snapshot,,,,,,,
Maker Village - Kochi,about,2017-01,no_snapshot,,,,,,,
Maker Village - Kochi,home,2017-02,no_snapshot,,,,,,,
Maker Village - Kochi,about,2017-02,no_snapshot,,,,,,,
Maker Village - Kochi,home,2017-03,ok,20170325163452,2017-03-25,https://web.archive.org/web/20170325163452/http://makervillage.in:80/,maker_village_kochi\maker_village_kochi_2017-03_home.html,maker_village_kochi\maker_village_kochi_2017-03_home.txt,200,
Maker Village - Kochi,about,2017-03,no_snapshot,,,,,,,
Maker Village - Kochi,home,2017-04,no_snapshot,,,,,,,
Maker Village - Kochi,about,2017-04,no_snapshot,,,,,,,
Maker Village - Kochi,home,2017-05,ok,20170501064646,2017-05-01,https://web.archive.org/web/20170501064646/http://makervillage.in:80/,maker_village_kochi\maker_village_kochi_2017-05_home.html,maker_village_kochi\maker_village_kochi_2017-05_home.txt,200,
Maker Village - Kochi,about,2017-05,no_snapshot,,,,,,,
Maker Village - Kochi,home,2017-06,ok,20170606134405,2017-06-06,https://web.archive.org/web/20170606134405/http://makervillage.in/,maker_village_kochi\maker_village_kochi_2017-06_home.html,maker_village_kochi\maker_village_kochi_2017-06_home.txt,200,
Maker Village - Kochi,about,2017-06,no_snapshot,,,,,,,
Maker Village - Kochi,home,2017-07,ok,20170710092703,2017-07-10,https://web.archive.org/web/20170710092703/http://makervillage.in:80/,maker_village_kochi\maker_village_kochi_2017-07_home.html,maker_village_kochi\maker_village_kochi_2017-07_home.txt,200,
Maker Village - Kochi,about,2017-07,no_snapshot,,,,,,,
Maker Village - Kochi,home,2017-08,ok,20170810163144,2017-08-10,https://web.archive.org/web/20170810163144/http://makervillage.in:80/,maker_village_kochi\maker_village_kochi_2017-08_home.html,maker_village_kochi\maker_village_kochi_2017-08_home.txt,200,
Maker Village - Kochi,about,2017-08,no_snapshot,,,,,,,
Maker Village - Kochi,home,2017-09,ok,20170910144600,2017-09-10,https://web.archive.org/web/20170910144600/http://makervillage.in:80/,maker_village_kochi\maker_village_kochi_2017-09_home.html,maker_village_kochi\maker_village_kochi_2017-09_home.txt,200,
Maker Village - Kochi,about,2017-09,no_snapshot,,,,,,,
Maker Village - Kochi,home,2017-10,ok,20171012042910,2017-10-12,https://web.archive.org/web/20171012042910/http://makervillage.in:80/,maker_village_kochi\maker_village_kochi_2017-10_home.html,maker_village_kochi\maker_village_kochi_2017-10_home.txt,200,
Maker Village - Kochi,about,2017-10,no_snapshot,,,,,,,
Maker Village - Kochi,home,2017-11,ok,20171101154755,2017-11-01,https://web.archive.org/web/20171101154755/http://www.makervillage.in:80/,maker_village_kochi\maker_village_kochi_2017-11_home.html,maker_village_kochi\maker_village_kochi_2017-11_home.txt,200,
Maker Village - Kochi,about,2017-11,no_snapshot,,,,,,,
Maker Village - Kochi,home,2017-12,ok,20171208055503,2017-12-08,https://web.archive.org/web/20171208055503/http://www.makervillage.in:80/,maker_village_kochi\maker_village_kochi_2017-12_home.html,maker_village_kochi\maker_village_kochi_2017-12_home.txt,200,
Maker Village - Kochi,about,2017-12,no_snapshot,,,,,,,
Maker Village - Kochi,home,2018-01,ok,20180107033009,2018-01-07,https://web.archive.org/web/20180107033009/http://makervillage.in/,maker_village_kochi\maker_village_kochi_2018-01_home.html,maker_village_kochi\maker_village_kochi_2018-01_home.txt,200,
Maker Village - Kochi,about,2018-01,no_snapshot,,,,,,,
Maker Village - Kochi,home,2018-02,ok,20180212044310,2018-02-12,https://web.archive.org/web/20180212044310/http://www.makervillage.in:80/,maker_village_kochi\maker_village_kochi_2018-02_home.html,maker_village_kochi\maker_village_kochi_2018-02_home.txt,200,
Maker Village - Kochi,about,2018-02,no_snapshot,,,,,,,
Maker Village - Kochi,home,2018-03,ok,20180301161211,2018-03-01,https://web.archive.org/web/20180301161211/http://makervillage.in:80/,maker_village_kochi\maker_village_kochi_2018-03_home.html,maker_village_kochi\maker_village_kochi_2018-03_home.txt,200,
Maker Village - Kochi,about,2018-03,no_snapshot,,,,,,,
Maker Village - Kochi,home,2018-04,ok,20180418231102,2018-04-18,https://web.archive.org/web/20180418231102/http://makervillage.in:80/,maker_village_kochi\maker_village_kochi_2018-04_home.html,maker_village_kochi\maker_village_kochi_2018-04_home.txt,200,
Maker Village - Kochi,about,2018-04,no_snapshot,,,,,,,
Maker Village - Kochi,home,2018-05,ok,20180520172957,2018-05-20,https://web.archive.org/web/20180520172957/http://makervillage.in:80/,maker_village_kochi\maker_village_kochi_2018-05_home.html,maker_village_kochi\maker_village_kochi_2018-05_home.txt,200,
Maker Village - Kochi,about,2018-05,no_snapshot,,,,,,,
Maker Village - Kochi,home,2018-06,ok,20180621025716,2018-06-21,https://web.archive.org/web/20180621025716/http://makervillage.in:80/,maker_village_kochi\maker_village_kochi_2018-06_home.html,maker_village_kochi\maker_village_kochi_2018-06_home.txt,200,
Maker Village - Kochi,about,2018-06,no_snapshot,,,,,,,
Maker Village - Kochi,home,2018-07,ok,20180724112539,2018-07-24,https://web.archive.org/web/20180724112539/http://www.makervillage.in:80/,maker_village_kochi\maker_village_kochi_2018-07_home.html,maker_village_kochi\maker_village_kochi_2018-07_home.txt,200,
Maker Village - Kochi,about,2018-07,no_snapshot,,,,,,,
Maker Village - Kochi,home,2018-08,ok,20180807000548,2018-08-07,https://web.archive.org/web/20180807000548/http://makervillage.in/,maker_village_kochi\maker_village_kochi_2018-08_home.html,maker_village_kochi\maker_village_kochi_2018-08_home.txt,200,
Maker Village - Kochi,about,2018-08,no_snapshot,,,,,,,
Maker Village - Kochi,home,2018-09,ok,20180926203844,2018-09-26,https://web.archive.org/web/20180926203844/http://www.makervillage.in:80/,maker_village_kochi\maker_village_kochi_2018-09_home.html,maker_village_kochi\maker_village_kochi_2018-09_home.txt,200,
Maker Village - Kochi,about,2018-09,no_snapshot,,,,,,,
Maker Village - Kochi,home,2018-10,ok,20181029070141,2018-10-29,https://web.archive.org/web/20181029070141/http://www.makervillage.in:80/,maker_village_kochi\maker_village_kochi_2018-10_home.html,maker_village_kochi\maker_village_kochi_2018-10_home.txt,200,
Maker Village - Kochi,about,2018-10,no_snapshot,,,,,,,
Maker Village - Kochi,home,2018-11,ok,20181109224618,2018-11-09,https://web.archive.org/web/20181109224618/http://makervillage.in/,maker_village_kochi\maker_village_kochi_2018-11_home.html,maker_village_kochi\maker_village_kochi_2018-11_home.txt,200,
Maker Village - Kochi,about,2018-11,no_snapshot,,,,,,,
Maker Village - Kochi,home,2018-12,ok,20181220142503,2018-12-20,https://web.archive.org/web/20181220142503/http://www.makervillage.in:80/,maker_village_kochi\maker_village_kochi_2018-12_home.html,maker_village_kochi\maker_village_kochi_2018-12_home.txt,200,
Maker Village - Kochi,about,2018-12,no_snapshot,,,,,,,
Maker Village - Kochi,home,2019-01,ok,20190121161849,2019-01-21,https://web.archive.org/web/20190121161849/http://www.makervillage.in:80/,maker_village_kochi\maker_village_kochi_2019-01_home.html,maker_village_kochi\maker_village_kochi_2019-01_home.txt,200,
Maker Village - Kochi,about,2019-01,no_snapshot,,,,,,,
Maker Village - Kochi,home,2019-02,no_snapshot,,,,,,,
Maker Village - Kochi,about,2019-02,no_snapshot,,,,,,,
Maker Village - Kochi,home,2019-03,ok,20190323040841,2019-03-23,https://web.archive.org/web/20190323040841/http://makervillage.in:80/,maker_village_kochi\maker_village_kochi_2019-03_home.html,maker_village_kochi\maker_village_kochi_2019-03_home.txt,200,
Maker Village - Kochi,about,2019-03,no_snapshot,,,,,,,
Maker Village - Kochi,home,2019-04,ok,20190419095340,2019-04-19,https://web.archive.org/web/20190419095340/http://www.makervillage.in:80/,maker_village_kochi\maker_village_kochi_2019-04_home.html,maker_village_kochi\maker_village_kochi_2019-04_home.txt,200,
Maker Village - Kochi,about,2019-04,no_snapshot,,,,,,,
Maker Village - Kochi,home,2019-05,no_snapshot,,,,,,,
Maker Village - Kochi,about,2019-05,no_snapshot,,,,,,,
Maker Village - Kochi,home,2019-06,ok,20190602204626,2019-06-02,https://web.archive.org/web/20190602204626/http://www.makervillage.in:80/,maker_village_kochi\maker_village_kochi_2019-06_home.html,maker_village_kochi\maker_village_kochi_2019-06_home.txt,200,
Maker Village - Kochi,about,2019-06,no_snapshot,,,,,,,
Maker Village - Kochi,home,2019-07,ok,20190710105739,2019-07-10,https://web.archive.org/web/20190710105739/http://www.makervillage.in:80/,maker_village_kochi\maker_village_kochi_2019-07_home.html,maker_village_kochi\maker_village_kochi_2019-07_home.txt,200,
Maker Village - Kochi,about,2019-07,no_snapshot,,,,,,,
Maker Village - Kochi,home,2019-08,ok,20190810150523,2019-08-10,https://web.archive.org/web/20190810150523/http://makervillage.in:80/,maker_village_kochi\maker_village_kochi_2019-08_home.html,maker_village_kochi\maker_village_kochi_2019-08_home.txt,200,
Maker Village - Kochi,about,2019-08,no_snapshot,,,,,,,
Maker Village - Kochi,home,2019-09,ok,20190911035314,2019-09-11,https://web.archive.org/web/20190911035314/http://www.makervillage.in:80/,maker_village_kochi\maker_village_kochi_2019-09_home.html,maker_village_kochi\maker_village_kochi_2019-09_home.txt,200,
Maker Village - Kochi,about,2019-09,no_snapshot,,,,,,,
Maker Village - Kochi,home,2019-10,no_snapshot,,,,,,,
Maker Village - Kochi,about,2019-10,no_snapshot,,,,,,,
Maker Village - Kochi,home,2019-11,ok,20191101034116,2019-11-01,https://web.archive.org/web/20191101034116/http://www.makervillage.in/,maker_village_kochi\maker_village_kochi_2019-11_home.html,maker_village_kochi\maker_village_kochi_2019-11_home.txt,200,
Maker Village - Kochi,about,2019-11,no_snapshot,,,,,,,
Maker Village - Kochi,home,2019-12,no_snapshot,,,,,,,
Maker Village - Kochi,about,2019-12,no_snapshot,,,,,,,
Maker Village - Kochi,home,2020-01,ok,20200106095007,2020-01-06,https://web.archive.org/web/20200106095007/http://makervillage.in:80/,maker_village_kochi\maker_village_kochi_2020-01_home.html,maker_village_kochi\maker_village_kochi_2020-01_home.txt,200,
Maker Village - Kochi,about,2020-01,no_snapshot,,,,,,,
Maker Village - Kochi,home,2020-02,ok,20200205132255,2020-02-05,https://web.archive.org/web/20200205132255/http://makervillage.in:80/,maker_village_kochi\maker_village_kochi_2020-02_home.html,maker_village_kochi\maker_village_kochi_2020-02_home.txt,200,
Maker Village - Kochi,about,2020-02,no_snapshot,,,,,,,
Maker Village - Kochi,home,2020-03,ok,20200307053402,2020-03-07,https://web.archive.org/web/20200307053402/http://www.makervillage.in:80/,maker_village_kochi\maker_village_kochi_2020-03_home.html,maker_village_kochi\maker_village_kochi_2020-03_home.txt,200,
Maker Village - Kochi,about,2020-03,no_snapshot,,,,,,,
Maker Village - Kochi,home,2020-04,no_snapshot,,,,,,,
Maker Village - Kochi,about,2020-04,no_snapshot,,,,,,,
Maker Village - Kochi,home,2020-05,no_snapshot,,,,,,,
Maker Village - Kochi,about,2020-05,no_snapshot,,,,,,,
Maker Village - Kochi,home,2020-06,no_snapshot,,,,,,,
Maker Village - Kochi,about,2020-06,no_snapshot,,,,,,,
Maker Village - Kochi,home,2020-07,ok,20200713185035,2020-07-13,https://web.archive.org/web/20200713185035/https://makervillage.in/,maker_village_kochi\maker_village_kochi_2020-07_home.html,maker_village_kochi\maker_village_kochi_2020-07_home.txt,200,
Maker Village - Kochi,about,2020-07,no_snapshot,,,,,,,
Maker Village - Kochi,home,2020-08,ok,20200814052903,2020-08-14,https://web.archive.org/web/20200814052903/https://makervillage.in/,maker_village_kochi\maker_village_kochi_2020-08_home.html,maker_village_kochi\maker_village_kochi_2020-08_home.txt,200,
Maker Village - Kochi,about,2020-08,no_snapshot,,,,,,,
Maker Village - Kochi,home,2020-09,no_snapshot,,,,,,,
Maker Village - Kochi,about,2020-09,no_snapshot,,,,,,,
Maker Village - Kochi,home,2020-10,ok,20201001231535,2020-10-01,https://web.archive.org/web/20201001231535/https://makervillage.in/,maker_village_kochi\maker_village_kochi_2020-10_home.html,maker_village_kochi\maker_village_kochi_2020-10_home.txt,200,
Maker Village - Kochi,about,2020-10,no_snapshot,,,,,,,
Maker Village - Kochi,home,2020-11,ok,20201127001744,2020-11-27,https://web.archive.org/web/20201127001744/https://makervillage.in/,maker_village_kochi\maker_village_kochi_2020-11_home.html,maker_village_kochi\maker_village_kochi_2020-11_home.txt,200,
Maker Village - Kochi,about,2020-11,no_snapshot,,,,,,,
Maker Village - Kochi,home,2020-12,ok,20201208075508,2020-12-08,https://web.archive.org/web/20201208075508/https://makervillage.in/,maker_village_kochi\maker_village_kochi_2020-12_home.html,maker_village_kochi\maker_village_kochi_2020-12_home.txt,200,
Maker Village - Kochi,about,2020-12,no_snapshot,,,,,,,
Maker Village - Kochi,home,2021-01,no_snapshot,,,,,,,
Maker Village - Kochi,about,2021-01,no_snapshot,,,,,,,
Maker Village - Kochi,home,2021-02,no_snapshot,,,,,,,
Maker Village - Kochi,about,2021-02,no_snapshot,,,,,,,
Maker Village - Kochi,home,2021-03,ok,20210301165139,2021-03-01,https://web.archive.org/web/20210301165139/https://makervillage.in/,maker_village_kochi\maker_village_kochi_2021-03_home.html,maker_village_kochi\maker_village_kochi_2021-03_home.txt,200,
Maker Village - Kochi,about,2021-03,no_snapshot,,,,,,,
Maker Village - Kochi,home,2021-04,no_snapshot,,,,,,,
Maker Village - Kochi,about,2021-04,no_snapshot,,,,,,,
Maker Village - Kochi,home,2021-05,ok,20210514202917,2021-05-14,https://web.archive.org/web/20210514202917/https://makervillage.in/,maker_village_kochi\maker_village_kochi_2021-05_home.html,maker_village_kochi\maker_village_kochi_2021-05_home.txt,200,
Maker Village - Kochi,about,2021-05,no_snapshot,,,,,,,
Maker Village - Kochi,home,2021-06,ok,20210620072328,2021-06-20,https://web.archive.org/web/20210620072328/https://makervillage.in/,maker_village_kochi\maker_village_kochi_2021-06_home.html,maker_village_kochi\maker_village_kochi_2021-06_home.txt,200,
Maker Village - Kochi,about,2021-06,no_snapshot,,,,,,,
Maker Village - Kochi,home,2021-07,ok,20210727222501,2021-07-27,https://web.archive.org/web/20210727222501/https://makervillage.in/,maker_village_kochi\maker_village_kochi_2021-07_home.html,maker_village_kochi\maker_village_kochi_2021-07_home.txt,200,
Maker Village - Kochi,about,2021-07,no_snapshot,,,,,,,
Maker Village - Kochi,home,2021-08,no_snapshot,,,,,,,
Maker Village - Kochi,about,2021-08,no_snapshot,,,,,,,
Maker Village - Kochi,home,2021-09,ok,20210905143954,2021-09-05,https://web.archive.org/web/20210905143954/https://makervillage.in/,maker_village_kochi\maker_village_kochi_2021-09_home.html,maker_village_kochi\maker_village_kochi_2021-09_home.txt,200,
Maker Village - Kochi,about,2021-09,no_snapshot,,,,,,,
Maker Village - Kochi,home,2021-10,ok,20211025203758,2021-10-25,https://web.archive.org/web/20211025203758/https://makervillage.in/,maker_village_kochi\maker_village_kochi_2021-10_home.html,maker_village_kochi\maker_village_kochi_2021-10_home.txt,200,
Maker Village - Kochi,about,2021-10,no_snapshot,,,,,,,
Maker Village - Kochi,home,2021-11,no_snapshot,,,,,,,
Maker Village - Kochi,about,2021-11,no_snapshot,,,,,,,
Maker Village - Kochi,home,2021-12,ok,20211209211318,2021-12-09,https://web.archive.org/web/20211209211318/https://makervillage.in/,maker_village_kochi\maker_village_kochi_2021-12_home.html,maker_village_kochi\maker_village_kochi_2021-12_home.txt,200,
Maker Village - Kochi,about,2021-12,no_snapshot,,,,,,,
Maker Village - Kochi,home,2022-01,ok,20220116193409,2022-01-16,https://web.archive.org/web/20220116193409/https://makervillage.in/,maker_village_kochi\maker_village_kochi_2022-01_home.html,maker_village_kochi\maker_village_kochi_2022-01_home.txt,200,
Maker Village - Kochi,about,2022-01,no_snapshot,,,,,,,
Maker Village - Kochi,home,2022-02,no_snapshot,,,,,,,
Maker Village - Kochi,about,2022-02,lookup_error,,,,,,,Failed after 3 attempts: timed out
Maker Village - Kochi,home,2022-03,ok,20220331093817,2022-03-31,https://web.archive.org/web/20220331093817/https://makervillage.in/,maker_village_kochi\maker_village_kochi_2022-03_home.html,maker_village_kochi\maker_village_kochi_2022-03_home.txt,200,
Maker Village - Kochi,about,2022-03,no_snapshot,,,,,,,
Maker Village - Kochi,home,2022-04,no_snapshot,,,,,,,
Maker Village - Kochi,about,2022-04,no_snapshot,,,,,,,
Maker Village - Kochi,home,2022-05,ok,20220524002555,2022-05-24,https://web.archive.org/web/20220524002555/https://makervillage.in/,maker_village_kochi\maker_village_kochi_2022-05_home.html,maker_village_kochi\maker_village_kochi_2022-05_home.txt,200,
Maker Village - Kochi,about,2022-05,no_snapshot,,,,,,,
Maker Village - Kochi,home,2022-06,ok,20220617163521,2022-06-17,https://web.archive.org/web/20220617163521/https://makervillage.in/,maker_village_kochi\maker_village_kochi_2022-06_home.html,maker_village_kochi\maker_village_kochi_2022-06_home.txt,200,
Maker Village - Kochi,about,2022-06,no_snapshot,,,,,,,
Maker Village - Kochi,home,2022-07,no_snapshot,,,,,,,
Maker Village - Kochi,about,2022-07,no_snapshot,,,,,,,
Maker Village - Kochi,home,2022-08,ok,20220810175214,2022-08-10,https://web.archive.org/web/20220810175214/https://makervillage.in/,maker_village_kochi\maker_village_kochi_2022-08_home.html,maker_village_kochi\maker_village_kochi_2022-08_home.txt,200,
Maker Village - Kochi,about,2022-08,no_snapshot,,,,,,,
Maker Village - Kochi,home,2022-09,ok,20220901222055,2022-09-01,https://web.archive.org/web/20220901222055/https://makervillage.in/,maker_village_kochi\maker_village_kochi_2022-09_home.html,maker_village_kochi\maker_village_kochi_2022-09_home.txt,200,
Maker Village - Kochi,about,2022-09,no_snapshot,,,,,,,
Maker Village - Kochi,home,2022-10,no_snapshot,,,,,,,
Maker Village - Kochi,about,2022-10,no_snapshot,,,,,,,
Maker Village - Kochi,home,2022-11,no_snapshot,,,,,,,
Maker Village - Kochi,about,2022-11,no_snapshot,,,,,,,
Maker Village - Kochi,home,2022-12,ok,20221205020731,2022-12-05,https://web.archive.org/web/20221205020731/https://makervillage.in/,maker_village_kochi\maker_village_kochi_2022-12_home.html,maker_village_kochi\maker_village_kochi_2022-12_home.txt,200,
Maker Village - Kochi,about,2022-12,no_snapshot,,,,,,,
Maker Village - Kochi,home,2023-01,no_snapshot,,,,,,,
Maker Village - Kochi,about,2023-01,no_snapshot,,,,,,,
Maker Village - Kochi,home,2023-02,no_snapshot,,,,,,,
Maker Village - Kochi,about,2023-02,no_snapshot,,,,,,,
Maker Village - Kochi,home,2023-03,ok,20230328030047,2023-03-28,https://web.archive.org/web/20230328030047/https://makervillage.in/,maker_village_kochi\maker_village_kochi_2023-03_home.html,maker_village_kochi\maker_village_kochi_2023-03_home.txt,200,
Maker Village - Kochi,about,2023-03,no_snapshot,,,,,,,
Maker Village - Kochi,home,2023-04,no_snapshot,,,,,,,
Maker Village - Kochi,about,2023-04,no_snapshot,,,,,,,
Maker Village - Kochi,home,2023-05,no_snapshot,,,,,,,
Maker Village - Kochi,about,2023-05,no_snapshot,,,,,,,
Maker Village - Kochi,home,2023-06,ok,20230610044945,2023-06-10,https://web.archive.org/web/20230610044945/https://makervillage.in/,maker_village_kochi\maker_village_kochi_2023-06_home.html,maker_village_kochi\maker_village_kochi_2023-06_home.txt,200,
Maker Village - Kochi,about,2023-06,no_snapshot,,,,,,,
Maker Village - Kochi,home,2023-07,no_snapshot,,,,,,,
Maker Village - Kochi,about,2023-07,no_snapshot,,,,,,,
Maker Village - Kochi,home,2023-08,no_snapshot,,,,,,,
Maker Village - Kochi,about,2023-08,no_snapshot,,,,,,,
Maker Village - Kochi,home,2023-09,ok,20230929173829,2023-09-29,https://web.archive.org/web/20230929173829/https://makervillage.in/,maker_village_kochi\maker_village_kochi_2023-09_home.html,maker_village_kochi\maker_village_kochi_2023-09_home.txt,200,
Maker Village - Kochi,about,2023-09,no_snapshot,,,,,,,
Maker Village - Kochi,home,2023-10,no_snapshot,,,,,,,
Maker Village - Kochi,about,2023-10,no_snapshot,,,,,,,
Maker Village - Kochi,home,2023-11,no_snapshot,,,,,,,
Maker Village - Kochi,about,2023-11,no_snapshot,,,,,,,
Maker Village - Kochi,home,2023-12,no_snapshot,,,,,,,
Maker Village - Kochi,about,2023-12,no_snapshot,,,,,,,
Maker Village - Kochi,home,2024-01,no_snapshot,,,,,,,
Maker Village - Kochi,about,2024-01,no_snapshot,,,,,,,
Maker Village - Kochi,home,2024-02,no_snapshot,,,,,,,
Maker Village - Kochi,about,2024-02,no_snapshot,,,,,,,
Maker Village - Kochi,home,2024-03,no_snapshot,,,,,,,
Maker Village - Kochi,about,2024-03,no_snapshot,,,,,,,
Maker Village - Kochi,home,2024-04,ok,20240416104750,2024-04-16,https://web.archive.org/web/20240416104750/https://www.makervillage.in/,maker_village_kochi\maker_village_kochi_2024-04_home.html,maker_village_kochi\maker_village_kochi_2024-04_home.txt,200,
Maker Village - Kochi,about,2024-04,no_snapshot,,,,,,,
Maker Village - Kochi,home,2024-05,ok,20240521172545,2024-05-21,https://web.archive.org/web/20240521172545/https://makervillage.in/,maker_village_kochi\maker_village_kochi_2024-05_home.html,maker_village_kochi\maker_village_kochi_2024-05_home.txt,200,
Maker Village - Kochi,about,2024-05,no_snapshot,,,,,,,
Maker Village - Kochi,home,2024-06,no_snapshot,,,,,,,
Maker Village - Kochi,about,2024-06,no_snapshot,,,,,,,
Maker Village - Kochi,home,2024-07,ok,20240719122936,2024-07-19,https://web.archive.org/web/20240719122936/https://makervillage.in/,maker_village_kochi\maker_village_kochi_2024-07_home.html,maker_village_kochi\maker_village_kochi_2024-07_home.txt,200,
Maker Village - Kochi,about,2024-07,no_snapshot,,,,,,,
Maker Village - Kochi,home,2024-08,no_snapshot,,,,,,,
Maker Village - Kochi,about,2024-08,no_snapshot,,,,,,,
Maker Village - Kochi,home,2024-09,ok,20240912101426,2024-09-12,https://web.archive.org/web/20240912101426/https://makervillage.in/,maker_village_kochi\maker_village_kochi_2024-09_home.html,maker_village_kochi\maker_village_kochi_2024-09_home.txt,200,
Maker Village - Kochi,about,2024-09,no_snapshot,,,,,,,
Maker Village - Kochi,home,2024-10,ok,20241007120335,2024-10-07,https://web.archive.org/web/20241007120335/https://makervillage.in/,maker_village_kochi\maker_village_kochi_2024-10_home.html,maker_village_kochi\maker_village_kochi_2024-10_home.txt,200,
Maker Village - Kochi,about,2024-10,no_snapshot,,,,,,,
Maker Village - Kochi,home,2024-11,ok,20241109041627,2024-11-09,https://web.archive.org/web/20241109041627/https://makervillage.in/,maker_village_kochi\maker_village_kochi_2024-11_home.html,maker_village_kochi\maker_village_kochi_2024-11_home.txt,200,
Maker Village - Kochi,about,2024-11,no_snapshot,,,,,,,
Maker Village - Kochi,home,2024-12,ok,20241218093855,2024-12-18,https://web.archive.org/web/20241218093855/https://makervillage.in/,maker_village_kochi\maker_village_kochi_2024-12_home.html,maker_village_kochi\maker_village_kochi_2024-12_home.txt,200,
Maker Village - Kochi,about,2024-12,no_snapshot,,,,,,,
Maker Village - Kochi,home,2025-01,ok,20250110064848,2025-01-10,https://web.archive.org/web/20250110064848/https://makervillage.in/,maker_village_kochi\maker_village_kochi_2025-01_home.html,maker_village_kochi\maker_village_kochi_2025-01_home.txt,200,
Maker Village - Kochi,about,2025-01,no_snapshot,,,,,,,
Maker Village - Kochi,home,2025-02,ok,20250216012003,2025-02-16,https://web.archive.org/web/20250216012003/https://makervillage.in/,maker_village_kochi\maker_village_kochi_2025-02_home.html,maker_village_kochi\maker_village_kochi_2025-02_home.txt,200,
Maker Village - Kochi,about,2025-02,no_snapshot,,,,,,,
Maker Village - Kochi,home,2025-03,ok,20250311230835,2025-03-11,https://web.archive.org/web/20250311230835/https://makervillage.in/,maker_village_kochi\maker_village_kochi_2025-03_home.html,maker_village_kochi\maker_village_kochi_2025-03_home.txt,200,
Maker Village - Kochi,about,2025-03,no_snapshot,,,,,,,
Maker Village - Kochi,home,2025-04,ok,20250420135454,2025-04-20,https://web.archive.org/web/20250420135454/http://makervillage.in/,maker_village_kochi\maker_village_kochi_2025-04_home.html,maker_village_kochi\maker_village_kochi_2025-04_home.txt,200,
Maker Village - Kochi,about,2025-04,no_snapshot,,,,,,,
Maker Village - Kochi,home,2025-05,no_snapshot,,,,,,,
Maker Village - Kochi,about,2025-05,no_snapshot,,,,,,,
Maker Village - Kochi,home,2025-06,ok,20250606151305,2025-06-06,https://web.archive.org/web/20250606151305/https://makervillage.in/,maker_village_kochi\maker_village_kochi_2025-06_home.html,maker_village_kochi\maker_village_kochi_2025-06_home.txt,200,
Maker Village - Kochi,about,2025-06,no_snapshot,,,,,,,
Maker Village - Kochi,home,2025-07,no_snapshot,,,,,,,
Maker Village - Kochi,about,2025-07,no_snapshot,,,,,,,
Maker Village - Kochi,home,2025-08,no_snapshot,,,,,,,
Maker Village - Kochi,about,2025-08,no_snapshot,,,,,,,
Maker Village - Kochi,home,2025-09,no_snapshot,,,,,,,
Maker Village - Kochi,about,2025-09,no_snapshot,,,,,,,
Maker Village - Kochi,home,2025-10,no_snapshot,,,,,,,
Maker Village - Kochi,about,2025-10,no_snapshot,,,,,,,
Maker Village - Kochi,home,2025-11,ok,20251108130729,2025-11-08,https://web.archive.org/web/20251108130729/https://makervillage.in/,maker_village_kochi\maker_village_kochi_2025-11_home.html,maker_village_kochi\maker_village_kochi_2025-11_home.txt,200,
Maker Village - Kochi,about,2025-11,no_snapshot,,,,,,,
Maker Village - Kochi,home,2025-12,ok,20251221033116,2025-12-21,https://web.archive.org/web/20251221033116/https://makervillage.in/,maker_village_kochi\maker_village_kochi_2025-12_home.html,maker_village_kochi\maker_village_kochi_2025-12_home.txt,200,
Maker Village - Kochi,about,2025-12,no_snapshot,,,,,,,
Maker Village - Kochi,home,2026-01,ok,20260112192631,2026-01-12,https://web.archive.org/web/20260112192631/https://makervillage.in/,maker_village_kochi\maker_village_kochi_2026-01_home.html,maker_village_kochi\maker_village_kochi_2026-01_home.txt,200,
Maker Village - Kochi,about,2026-01,no_snapshot,,,,,,,
Maker Village - Kochi,home,2026-02,ok,20260213014258,2026-02-13,https://web.archive.org/web/20260213014258/https://makervillage.in/,maker_village_kochi\maker_village_kochi_2026-02_home.html,maker_village_kochi\maker_village_kochi_2026-02_home.txt,200,
Maker Village - Kochi,about,2026-02,no_snapshot,,,,,,,
Maker Village - Kochi,home,2026-03,ok,20260307092049,2026-03-07,https://web.archive.org/web/20260307092049/https://makervillage.in/,maker_village_kochi\maker_village_kochi_2026-03_home.html,maker_village_kochi\maker_village_kochi_2026-03_home.txt,200,
Maker Village - Kochi,about,2026-03,no_snapshot,,,,,,,
Maker Village - Kochi,home,2026-04,ok,20260419115917,2026-04-19,https://web.archive.org/web/20260419115917/https://makervillage.in/,maker_village_kochi\maker_village_kochi_2026-04_home.html,maker_village_kochi\maker_village_kochi_2026-04_home.txt,200,
Maker Village - Kochi,about,2026-04,no_snapshot,,,,,,,
Maker Village - Kochi,home,2026-05,no_snapshot,,,,,,,
Maker Village - Kochi,about,2026-05,no_snapshot,,,,,,,
Maker Village - Kochi,home,2026-06,no_snapshot,,,,,,,
Maker Village - Kochi,about,2026-06,no_snapshot,,,,,,,
Maker Village - Kochi,home,2026-07,no_snapshot,,,,,,,
Maker Village - Kochi,about,2026-07,no_snapshot,,,,,,,
Maker Village - Kochi,home,2026-08,no_snapshot,,,,,,,
Maker Village - Kochi,about,2026-08,no_snapshot,,,,,,,
Maker Village - Kochi,home,2026-09,no_snapshot,,,,,,,
Maker Village - Kochi,about,2026-09,no_snapshot,,,,,,,
Bio Incubator at C-CAMP,home,2017-01,lookup_error,,,,,,,Failed after 3 attempts: timed out
Bio Incubator at C-CAMP,about,2017-01,no_snapshot,,,,,,,
Bio Incubator at C-CAMP,home,2017-02,no_snapshot,,,,,,,
Bio Incubator at C-CAMP,about,2017-02,no_snapshot,,,,,,,
Bio Incubator at C-CAMP,home,2017-03,no_snapshot,,,,,,,
Bio Incubator at C-CAMP,about,2017-03,ok,20170304202239,2017-03-04,https://web.archive.org/web/20170304202239/http://www.ccamp.res.in:80/about,bio_incubator_at_c_camp\bio_incubator_at_c_camp_2017-03_about.html,bio_incubator_at_c_camp\bio_incubator_at_c_camp_2017-03_about.txt,200,
Bio Incubator at C-CAMP,home,2017-04,ok,20170424233421,2017-04-24,https://web.archive.org/web/20170424233421/http://ccamp.res.in:80/incubation,bio_incubator_at_c_camp\bio_incubator_at_c_camp_2017-04_home.html,bio_incubator_at_c_camp\bio_incubator_at_c_camp_2017-04_home.txt,200,
Bio Incubator at C-CAMP,about,2017-04,ok,20170419011617,2017-04-19,https://web.archive.org/web/20170419011617/http://www.ccamp.res.in:80/about,bio_incubator_at_c_camp\bio_incubator_at_c_camp_2017-04_about.html,bio_incubator_at_c_camp\bio_incubator_at_c_camp_2017-04_about.txt,200,
Bio Incubator at C-CAMP,home,2017-05,ok,20170506154147,2017-05-06,https://web.archive.org/web/20170506154147/http://www.ccamp.res.in:80/incubation,bio_incubator_at_c_camp\bio_incubator_at_c_camp_2017-05_home.html,bio_incubator_at_c_camp\bio_incubator_at_c_camp_2017-05_home.txt,200,
Bio Incubator at C-CAMP,about,2017-05,ok,20170501082531,2017-05-01,https://web.archive.org/web/20170501082531/http://ccamp.res.in:80/about,bio_incubator_at_c_camp\bio_incubator_at_c_camp_2017-05_about.html,bio_incubator_at_c_camp\bio_incubator_at_c_camp_2017-05_about.txt,200,
Bio Incubator at C-CAMP,home,2017-06,ok,20170608060517,2017-06-08,https://web.archive.org/web/20170608060517/http://www.ccamp.res.in:80/incubation,bio_incubator_at_c_camp\bio_incubator_at_c_camp_2017-06_home.html,bio_incubator_at_c_camp\bio_incubator_at_c_camp_2017-06_home.txt,200,
Bio Incubator at C-CAMP,about,2017-06,ok,20170622060731,2017-06-22,https://web.archive.org/web/20170622060731/http://www.ccamp.res.in:80/about,bio_incubator_at_c_camp\bio_incubator_at_c_camp_2017-06_about.html,bio_incubator_at_c_camp\bio_incubator_at_c_camp_2017-06_about.txt,200,
Bio Incubator at C-CAMP,home,2017-07,ok,20170709135758,2017-07-09,https://web.archive.org/web/20170709135758/http://www.ccamp.res.in:80/incubation,bio_incubator_at_c_camp\bio_incubator_at_c_camp_2017-07_home.html,bio_incubator_at_c_camp\bio_incubator_at_c_camp_2017-07_home.txt,200,
Bio Incubator at C-CAMP,about,2017-07,ok,20170701135310,2017-07-01,https://web.archive.org/web/20170701135310/http://ccamp.res.in:80/about,bio_incubator_at_c_camp\bio_incubator_at_c_camp_2017-07_about.html,bio_incubator_at_c_camp\bio_incubator_at_c_camp_2017-07_about.txt,200,
Bio Incubator at C-CAMP,home,2017-08,ok,20170826215116,2017-08-26,https://web.archive.org/web/20170826215116/http://ccamp.res.in:80/incubation,bio_incubator_at_c_camp\bio_incubator_at_c_camp_2017-08_home.html,bio_incubator_at_c_camp\bio_incubator_at_c_camp_2017-08_home.txt,200,
Bio Incubator at C-CAMP,about,2017-08,ok,20170831073053,2017-08-31,https://web.archive.org/web/20170831073053/http://www.ccamp.res.in/about,bio_incubator_at_c_camp\bio_incubator_at_c_camp_2017-08_about.html,bio_incubator_at_c_camp\bio_incubator_at_c_camp_2017-08_about.txt,200,
Bio Incubator at C-CAMP,home,2017-09,ok,20170926184508,2017-09-26,https://web.archive.org/web/20170926184508/http://ccamp.res.in:80/incubation,bio_incubator_at_c_camp\bio_incubator_at_c_camp_2017-09_home.html,bio_incubator_at_c_camp\bio_incubator_at_c_camp_2017-09_home.txt,200,
Bio Incubator at C-CAMP,about,2017-09,ok,20170901044938,2017-09-01,https://web.archive.org/web/20170901044938/http://ccamp.res.in:80/about,bio_incubator_at_c_camp\bio_incubator_at_c_camp_2017-09_about.html,bio_incubator_at_c_camp\bio_incubator_at_c_camp_2017-09_about.txt,200,
Bio Incubator at C-CAMP,home,2017-10,ok,20171027140527,2017-10-27,https://web.archive.org/web/20171027140527/http://ccamp.res.in:80/incubation,bio_incubator_at_c_camp\bio_incubator_at_c_camp_2017-10_home.html,bio_incubator_at_c_camp\bio_incubator_at_c_camp_2017-10_home.txt,200,
Bio Incubator at C-CAMP,about,2017-10,no_snapshot,,,,,,,
Bio Incubator at C-CAMP,home,2017-11,ok,20171127200006,2017-11-27,https://web.archive.org/web/20171127200006/http://ccamp.res.in:80/incubation,bio_incubator_at_c_camp\bio_incubator_at_c_camp_2017-11_home.html,bio_incubator_at_c_camp\bio_incubator_at_c_camp_2017-11_home.txt,200,
Bio Incubator at C-CAMP,about,2017-11,ok,20171101111350,2017-11-01,https://web.archive.org/web/20171101111350/http://ccamp.res.in:80/about,bio_incubator_at_c_camp\bio_incubator_at_c_camp_2017-11_about.html,bio_incubator_at_c_camp\bio_incubator_at_c_camp_2017-11_about.txt,200,
Bio Incubator at C-CAMP,home,2017-12,ok,20171228205059,2017-12-28,https://web.archive.org/web/20171228205059/http://ccamp.res.in:80/incubation,bio_incubator_at_c_camp\bio_incubator_at_c_camp_2017-12_home.html,bio_incubator_at_c_camp\bio_incubator_at_c_camp_2017-12_home.txt,200,
Bio Incubator at C-CAMP,about,2017-12,ok,20171210172729,2017-12-10,https://web.archive.org/web/20171210172729/http://www.ccamp.res.in:80/about,bio_incubator_at_c_camp\bio_incubator_at_c_camp_2017-12_about.html,bio_incubator_at_c_camp\bio_incubator_at_c_camp_2017-12_about.txt,200,
Bio Incubator at C-CAMP,home,2018-01,ok,20180129024401,2018-01-29,https://web.archive.org/web/20180129024401/http://ccamp.res.in:80/incubation,bio_incubator_at_c_camp\bio_incubator_at_c_camp_2018-01_home.html,bio_incubator_at_c_camp\bio_incubator_at_c_camp_2018-01_home.txt,200,
Bio Incubator at C-CAMP,about,2018-01,ok,20180101162906,2018-01-01,https://web.archive.org/web/20180101162906/http://ccamp.res.in:80/about,bio_incubator_at_c_camp\bio_incubator_at_c_camp_2018-01_about.html,bio_incubator_at_c_camp\bio_incubator_at_c_camp_2018-01_about.txt,200,
Bio Incubator at C-CAMP,home,2018-02,no_snapshot,,,,,,,
Bio Incubator at C-CAMP,about,2018-02,ok,20180210153653,2018-02-10,https://web.archive.org/web/20180210153653/http://www.ccamp.res.in:80/about,bio_incubator_at_c_camp\bio_incubator_at_c_camp_2018-02_about.html,bio_incubator_at_c_camp\bio_incubator_at_c_camp_2018-02_about.txt,200,
Bio Incubator at C-CAMP,home,2018-03,ok,20180301215234,2018-03-01,https://web.archive.org/web/20180301215234/http://ccamp.res.in:80/incubation,bio_incubator_at_c_camp\bio_incubator_at_c_camp_2018-03_home.html,bio_incubator_at_c_camp\bio_incubator_at_c_camp_2018-03_home.txt,200,
Bio Incubator at C-CAMP,about,2018-03,ok,20180313182140,2018-03-13,https://web.archive.org/web/20180313182140/http://www.ccamp.res.in:80/about,bio_incubator_at_c_camp\bio_incubator_at_c_camp_2018-03_about.html,bio_incubator_at_c_camp\bio_incubator_at_c_camp_2018-03_about.txt,200,
Bio Incubator at C-CAMP,home,2018-04,ok,20180401185959,2018-04-01,https://web.archive.org/web/20180401185959/http://ccamp.res.in:80/incubation,bio_incubator_at_c_camp\bio_incubator_at_c_camp_2018-04_home.html,bio_incubator_at_c_camp\bio_incubator_at_c_camp_2018-04_home.txt,200,
Bio Incubator at C-CAMP,about,2018-04,ok,20180413152018,2018-04-13,https://web.archive.org/web/20180413152018/http://www.ccamp.res.in:80/about,bio_incubator_at_c_camp\bio_incubator_at_c_camp_2018-04_about.html,bio_incubator_at_c_camp\bio_incubator_at_c_camp_2018-04_about.txt,200,
Bio Incubator at C-CAMP,home,2018-05,ok,20180503200936,2018-05-03,https://web.archive.org/web/20180503200936/http://ccamp.res.in:80/incubation,bio_incubator_at_c_camp\bio_incubator_at_c_camp_2018-05_home.html,bio_incubator_at_c_camp\bio_incubator_at_c_camp_2018-05_home.txt,200,
Bio Incubator at C-CAMP,about,2018-05,ok,20180514135637,2018-05-14,https://web.archive.org/web/20180514135637/http://www.ccamp.res.in:80/about,bio_incubator_at_c_camp\bio_incubator_at_c_camp_2018-05_about.html,bio_incubator_at_c_camp\bio_incubator_at_c_camp_2018-05_about.txt,200,
Bio Incubator at C-CAMP,home,2018-06,ok,20180604120354,2018-06-04,https://web.archive.org/web/20180604120354/http://ccamp.res.in:80/incubation,bio_incubator_at_c_camp\bio_incubator_at_c_camp_2018-06_home.html,bio_incubator_at_c_camp\bio_incubator_at_c_camp_2018-06_home.txt,200,
Bio Incubator at C-CAMP,about,2018-06,ok,20180614201051,2018-06-14,https://web.archive.org/web/20180614201051/http://www.ccamp.res.in:80/about,bio_incubator_at_c_camp\bio_incubator_at_c_camp_2018-06_about.html,bio_incubator_at_c_camp\bio_incubator_at_c_camp_2018-06_about.txt,200,
Bio Incubator at C-CAMP,home,2018-07,ok,20180705172957,2018-07-05,https://web.archive.org/web/20180705172957/http://ccamp.res.in:80/incubation,bio_incubator_at_c_camp\bio_incubator_at_c_camp_2018-07_home.html,bio_incubator_at_c_camp\bio_incubator_at_c_camp_2018-07_home.txt,200,
Bio Incubator at C-CAMP,about,2018-07,ok,20180716050748,2018-07-16,https://web.archive.org/web/20180716050748/http://www.ccamp.res.in:80/about,bio_incubator_at_c_camp\bio_incubator_at_c_camp_2018-07_about.html,bio_incubator_at_c_camp\bio_incubator_at_c_camp_2018-07_about.txt,200,
Bio Incubator at C-CAMP,home,2018-08,ok,20180813095743,2018-08-13,https://web.archive.org/web/20180813095743/http://www.ccamp.res.in:80/incubation,bio_incubator_at_c_camp\bio_incubator_at_c_camp_2018-08_home.html,bio_incubator_at_c_camp\bio_incubator_at_c_camp_2018-08_home.txt,200,
Bio Incubator at C-CAMP,about,2018-08,ok,20180816113501,2018-08-16,https://web.archive.org/web/20180816113501/http://www.ccamp.res.in:80/about,bio_incubator_at_c_camp\bio_incubator_at_c_camp_2018-08_about.html,bio_incubator_at_c_camp\bio_incubator_at_c_camp_2018-08_about.txt,200,
Bio Incubator at C-CAMP,home,2018-09,ok,20180908221035,2018-09-08,https://web.archive.org/web/20180908221035/http://ccamp.res.in:80/incubation,bio_incubator_at_c_camp\bio_incubator_at_c_camp_2018-09_home.html,bio_incubator_at_c_camp\bio_incubator_at_c_camp_2018-09_home.txt,200,
Bio Incubator at C-CAMP,about,2018-09,ok,20180916222924,2018-09-16,https://web.archive.org/web/20180916222924/http://www.ccamp.res.in:80/about,bio_incubator_at_c_camp\bio_incubator_at_c_camp_2018-09_about.html,bio_incubator_at_c_camp\bio_incubator_at_c_camp_2018-09_about.txt,200,
Bio Incubator at C-CAMP,home,2018-10,ok,20181014125911,2018-10-14,https://web.archive.org/web/20181014125911/http://www.ccamp.res.in:80/incubation,bio_incubator_at_c_camp\bio_incubator_at_c_camp_2018-10_home.html,bio_incubator_at_c_camp\bio_incubator_at_c_camp_2018-10_home.txt,200,
Bio Incubator at C-CAMP,about,2018-10,ok,20181018113905,2018-10-18,https://web.archive.org/web/20181018113905/http://www.ccamp.res.in:80/about,bio_incubator_at_c_camp\bio_incubator_at_c_camp_2018-10_about.html,bio_incubator_at_c_camp\bio_incubator_at_c_camp_2018-10_about.txt,200,
Bio Incubator at C-CAMP,home,2018-11,ok,20181108192405,2018-11-08,https://web.archive.org/web/20181108192405/http://ccamp.res.in:80/incubation,bio_incubator_at_c_camp\bio_incubator_at_c_camp_2018-11_home.html,bio_incubator_at_c_camp\bio_incubator_at_c_camp_2018-11_home.txt,200,
Bio Incubator at C-CAMP,about,2018-11,ok,20181118171645,2018-11-18,https://web.archive.org/web/20181118171645/http://www.ccamp.res.in:80/about,bio_incubator_at_c_camp\bio_incubator_at_c_camp_2018-11_about.html,bio_incubator_at_c_camp\bio_incubator_at_c_camp_2018-11_about.txt,200,
Bio Incubator at C-CAMP,home,2018-12,ok,20181215193428,2018-12-15,https://web.archive.org/web/20181215193428/http://www.ccamp.res.in:80/incubation,bio_incubator_at_c_camp\bio_incubator_at_c_camp_2018-12_home.html,bio_incubator_at_c_camp\bio_incubator_at_c_camp_2018-12_home.txt,200,
Bio Incubator at C-CAMP,about,2018-12,ok,20181219231050,2018-12-19,https://web.archive.org/web/20181219231050/http://www.ccamp.res.in:80/about,bio_incubator_at_c_camp\bio_incubator_at_c_camp_2018-12_about.html,bio_incubator_at_c_camp\bio_incubator_at_c_camp_2018-12_about.txt,200,
Bio Incubator at C-CAMP,home,2019-01,ok,20190102192847,2019-01-02,https://web.archive.org/web/20190102192847/http://www.ccamp.res.in/incubation,bio_incubator_at_c_camp\bio_incubator_at_c_camp_2019-01_home.html,bio_incubator_at_c_camp\bio_incubator_at_c_camp_2019-01_home.txt,200,
Bio Incubator at C-CAMP,about,2019-01,ok,20190102175544,2019-01-02,https://web.archive.org/web/20190102175544/http://www.ccamp.res.in/about,bio_incubator_at_c_camp\bio_incubator_at_c_camp_2019-01_about.html,bio_incubator_at_c_camp\bio_incubator_at_c_camp_2019-01_about.txt,200,
Bio Incubator at C-CAMP,home,2019-02,ok,20190215224213,2019-02-15,https://web.archive.org/web/20190215224213/http://www.ccamp.res.in:80/incubation,bio_incubator_at_c_camp\bio_incubator_at_c_camp_2019-02_home.html,bio_incubator_at_c_camp\bio_incubator_at_c_camp_2019-02_home.txt,200,
Bio Incubator at C-CAMP,about,2019-02,ok,20190220035524,2019-02-20,https://web.archive.org/web/20190220035524/http://www.ccamp.res.in:80/about,bio_incubator_at_c_camp\bio_incubator_at_c_camp_2019-02_about.html,bio_incubator_at_c_camp\bio_incubator_at_c_camp_2019-02_about.txt,200,
Bio Incubator at C-CAMP,home,2019-03,ok,20190311025242,2019-03-11,https://web.archive.org/web/20190311025242/http://ccamp.res.in:80/incubation,bio_incubator_at_c_camp\bio_incubator_at_c_camp_2019-03_home.html,bio_incubator_at_c_camp\bio_incubator_at_c_camp_2019-03_home.txt,200,
Bio Incubator at C-CAMP,about,2019-03,ok,20190323143557,2019-03-23,https://web.archive.org/web/20190323143557/http://www.ccamp.res.in:80/about,bio_incubator_at_c_camp\bio_incubator_at_c_camp_2019-03_about.html,bio_incubator_at_c_camp\bio_incubator_at_c_camp_2019-03_about.txt,200,
Bio Incubator at C-CAMP,home,2019-04,ok,20190418191856,2019-04-18,https://web.archive.org/web/20190418191856/http://www.ccamp.res.in:80/incubation,bio_incubator_at_c_camp\bio_incubator_at_c_camp_2019-04_home.html,bio_incubator_at_c_camp\bio_incubator_at_c_camp_2019-04_home.txt,200,
Bio Incubator at C-CAMP,about,2019-04,ok,20190423205231,2019-04-23,https://web.archive.org/web/20190423205231/http://www.ccamp.res.in:80/about,bio_incubator_at_c_camp\bio_incubator_at_c_camp_2019-04_about.html,bio_incubator_at_c_camp\bio_incubator_at_c_camp_2019-04_about.txt,200,
Bio Incubator at C-CAMP,home,2019-05,ok,20190511023951,2019-05-11,https://web.archive.org/web/20190511023951/http://ccamp.res.in:80/incubation,bio_incubator_at_c_camp\bio_incubator_at_c_camp_2019-05_home.html,bio_incubator_at_c_camp\bio_incubator_at_c_camp_2019-05_home.txt,200,
Bio Incubator at C-CAMP,about,2019-05,ok,20190525052031,2019-05-25,https://web.archive.org/web/20190525052031/http://www.ccamp.res.in:80/about,bio_incubator_at_c_camp\bio_incubator_at_c_camp_2019-05_about.html,bio_incubator_at_c_camp\bio_incubator_at_c_camp_2019-05_about.txt,200,
Bio Incubator at C-CAMP,home,2019-06,ok,20190620013838,2019-06-20,https://web.archive.org/web/20190620013838/http://www.ccamp.res.in:80/incubation,bio_incubator_at_c_camp\bio_incubator_at_c_camp_2019-06_home.html,bio_incubator_at_c_camp\bio_incubator_at_c_camp_2019-06_home.txt,200,
Bio Incubator at C-CAMP,about,2019-06,ok,20190624073303,2019-06-24,https://web.archive.org/web/20190624073303/http://www.ccamp.res.in/about,bio_incubator_at_c_camp\bio_incubator_at_c_camp_2019-06_about.html,bio_incubator_at_c_camp\bio_incubator_at_c_camp_2019-06_about.txt,200,
Bio Incubator at C-CAMP,home,2019-07,ok,20190704060905,2019-07-04,https://web.archive.org/web/20190704060905/http://www.ccamp.res.in/incubation,bio_incubator_at_c_camp\bio_incubator_at_c_camp_2019-07_home.html,bio_incubator_at_c_camp\bio_incubator_at_c_camp_2019-07_home.txt,200,
Bio Incubator at C-CAMP,about,2019-07,ok,20190704015141,2019-07-04,https://web.archive.org/web/20190704015141/http://www.ccamp.res.in/about,bio_incubator_at_c_camp\bio_incubator_at_c_camp_2019-07_about.html,bio_incubator_at_c_camp\bio_incubator_at_c_camp_2019-07_about.txt,200,
Bio Incubator at C-CAMP,home,2019-08,ok,20190812054204,2019-08-12,https://web.archive.org/web/20190812054204/http://www.ccamp.res.in/incubation,bio_incubator_at_c_camp\bio_incubator_at_c_camp_2019-08_home.html,bio_incubator_at_c_camp\bio_incubator_at_c_camp_2019-08_home.txt,200,
Bio Incubator at C-CAMP,about,2019-08,ok,20190812054158,2019-08-12,https://web.archive.org/web/20190812054158/http://www.ccamp.res.in/about,bio_incubator_at_c_camp\bio_incubator_at_c_camp_2019-08_about.html,bio_incubator_at_c_camp\bio_incubator_at_c_camp_2019-08_about.txt,200,
Bio Incubator at C-CAMP,home,2019-09,ok,20190913174336,2019-09-13,https://web.archive.org/web/20190913174336/http://ccamp.res.in:80/incubation,bio_incubator_at_c_camp\bio_incubator_at_c_camp_2019-09_home.html,bio_incubator_at_c_camp\bio_incubator_at_c_camp_2019-09_home.txt,200,
Bio Incubator at C-CAMP,about,2019-09,ok,20190923064708,2019-09-23,https://web.archive.org/web/20190923064708/http://ccamp.res.in/about,bio_incubator_at_c_camp\bio_incubator_at_c_camp_2019-09_about.html,bio_incubator_at_c_camp\bio_incubator_at_c_camp_2019-09_about.txt,200,
Bio Incubator at C-CAMP,home,2019-10,ok,20191004053743,2019-10-04,https://web.archive.org/web/20191004053743/http://www.ccamp.res.in:80/incubation,bio_incubator_at_c_camp\bio_incubator_at_c_camp_2019-10_home.html,bio_incubator_at_c_camp\bio_incubator_at_c_camp_2019-10_home.txt,200,
Bio Incubator at C-CAMP,about,2019-10,ok,20191004053645,2019-10-04,https://web.archive.org/web/20191004053645/http://www.ccamp.res.in:80/about,bio_incubator_at_c_camp\bio_incubator_at_c_camp_2019-10_about.html,bio_incubator_at_c_camp\bio_incubator_at_c_camp_2019-10_about.txt,200,
Bio Incubator at C-CAMP,home,2019-11,ok,20191119223839,2019-11-19,https://web.archive.org/web/20191119223839/http://www.ccamp.res.in:80/incubation,bio_incubator_at_c_camp\bio_incubator_at_c_camp_2019-11_home.html,bio_incubator_at_c_camp\bio_incubator_at_c_camp_2019-11_home.txt,200,
Bio Incubator at C-CAMP,about,2019-11,ok,20191117165803,2019-11-17,https://web.archive.org/web/20191117165803/http://www.ccamp.res.in/about,bio_incubator_at_c_camp\bio_incubator_at_c_camp_2019-11_about.html,bio_incubator_at_c_camp\bio_incubator_at_c_camp_2019-11_about.txt,200,
Bio Incubator at C-CAMP,home,2019-12,ok,20191220032745,2019-12-20,https://web.archive.org/web/20191220032745/http://www.ccamp.res.in:80/incubation,bio_incubator_at_c_camp\bio_incubator_at_c_camp_2019-12_home.html,bio_incubator_at_c_camp\bio_incubator_at_c_camp_2019-12_home.txt,200,
Bio Incubator at C-CAMP,about,2019-12,ok,20191227092958,2019-12-27,https://web.archive.org/web/20191227092958/http://www.ccamp.res.in:80/about,bio_incubator_at_c_camp\bio_incubator_at_c_camp_2019-12_about.html,bio_incubator_at_c_camp\bio_incubator_at_c_camp_2019-12_about.txt,200,
Bio Incubator at C-CAMP,home,2020-01,ok,20200119103030,2020-01-19,https://web.archive.org/web/20200119103030/http://www.ccamp.res.in:80/incubation,bio_incubator_at_c_camp\bio_incubator_at_c_camp_2020-01_home.html,bio_incubator_at_c_camp\bio_incubator_at_c_camp_2020-01_home.txt,200,
Bio Incubator at C-CAMP,about,2020-01,ok,20200126154525,2020-01-26,https://web.archive.org/web/20200126154525/http://www.ccamp.res.in:80/about,bio_incubator_at_c_camp\bio_incubator_at_c_camp_2020-01_about.html,bio_incubator_at_c_camp\bio_incubator_at_c_camp_2020-01_about.txt,200,
Bio Incubator at C-CAMP,home,2020-02,ok,20200218143749,2020-02-18,https://web.archive.org/web/20200218143749/http://www.ccamp.res.in:80/incubation,bio_incubator_at_c_camp\bio_incubator_at_c_camp_2020-02_home.html,bio_incubator_at_c_camp\bio_incubator_at_c_camp_2020-02_home.txt,200,
Bio Incubator at C-CAMP,about,2020-02,ok,20200225202240,2020-02-25,https://web.archive.org/web/20200225202240/http://www.ccamp.res.in:80/about,bio_incubator_at_c_camp\bio_incubator_at_c_camp_2020-02_about.html,bio_incubator_at_c_camp\bio_incubator_at_c_camp_2020-02_about.txt,200,
Bio Incubator at C-CAMP,home,2020-03,ok,20200330133051,2020-03-30,https://web.archive.org/web/20200330133051/http://www.ccamp.res.in/incubation,bio_incubator_at_c_camp\bio_incubator_at_c_camp_2020-03_home.html,bio_incubator_at_c_camp\bio_incubator_at_c_camp_2020-03_home.txt,200,
Bio Incubator at C-CAMP,about,2020-03,ok,20200330131357,2020-03-30,https://web.archive.org/web/20200330131357/http://www.ccamp.res.in/about,bio_incubator_at_c_camp\bio_incubator_at_c_camp_2020-03_about.html,bio_incubator_at_c_camp\bio_incubator_at_c_camp_2020-03_about.txt,200,
Bio Incubator at C-CAMP,home,2020-04,no_snapshot,,,,,,,
Bio Incubator at C-CAMP,about,2020-04,no_snapshot,,,,,,,
Bio Incubator at C-CAMP,home,2020-05,ok,20200529104236,2020-05-29,https://web.archive.org/web/20200529104236/http://www.ccamp.res.in/incubation,bio_incubator_at_c_camp\bio_incubator_at_c_camp_2020-05_home.html,bio_incubator_at_c_camp\bio_incubator_at_c_camp_2020-05_home.txt,200,
Bio Incubator at C-CAMP,about,2020-05,ok,20200529075555,2020-05-29,https://web.archive.org/web/20200529075555/http://www.ccamp.res.in:80/about,bio_incubator_at_c_camp\bio_incubator_at_c_camp_2020-05_about.html,bio_incubator_at_c_camp\bio_incubator_at_c_camp_2020-05_about.txt,200,
Bio Incubator at C-CAMP,home,2020-06,ok,20200605020554,2020-06-05,https://web.archive.org/web/20200605020554/http://www.ccamp.res.in/incubation,bio_incubator_at_c_camp\bio_incubator_at_c_camp_2020-06_home.html,bio_incubator_at_c_camp\bio_incubator_at_c_camp_2020-06_home.txt,200,
Bio Incubator at C-CAMP,about,2020-06,ok,20200628155536,2020-06-28,https://web.archive.org/web/20200628155536/http://www.ccamp.res.in:80/about,bio_incubator_at_c_camp\bio_incubator_at_c_camp_2020-06_about.html,bio_incubator_at_c_camp\bio_incubator_at_c_camp_2020-06_about.txt,200,
Bio Incubator at C-CAMP,home,2020-07,no_snapshot,,,,,,,
Bio Incubator at C-CAMP,about,2020-07,ok,20200728225009,2020-07-28,https://web.archive.org/web/20200728225009/http://www.ccamp.res.in:80/about,bio_incubator_at_c_camp\bio_incubator_at_c_camp_2020-07_about.html,bio_incubator_at_c_camp\bio_incubator_at_c_camp_2020-07_about.txt,200,
Bio Incubator at C-CAMP,home,2020-08,no_snapshot,,,,,,,
Bio Incubator at C-CAMP,about,2020-08,lookup_error,,,,,,,Failed after 3 attempts: timed out
Bio Incubator at C-CAMP,home,2020-09,ok,20200919054543,2020-09-19,https://web.archive.org/web/20200919054543/https://www.ccamp.res.in/incubation,bio_incubator_at_c_camp\bio_incubator_at_c_camp_2020-09_home.html,bio_incubator_at_c_camp\bio_incubator_at_c_camp_2020-09_home.txt,200,
Bio Incubator at C-CAMP,about,2020-09,ok,20200920065142,2020-09-20,https://web.archive.org/web/20200920065142/https://www.ccamp.res.in/about,bio_incubator_at_c_camp\bio_incubator_at_c_camp_2020-09_about.html,bio_incubator_at_c_camp\bio_incubator_at_c_camp_2020-09_about.txt,200,
Bio Incubator at C-CAMP,home,2020-10,no_snapshot,,,,,,,
Bio Incubator at C-CAMP,about,2020-10,ok,20201001031315,2020-10-01,https://web.archive.org/web/20201001031315/https://www.ccamp.res.in/about,bio_incubator_at_c_camp\bio_incubator_at_c_camp_2020-10_about.html,bio_incubator_at_c_camp\bio_incubator_at_c_camp_2020-10_about.txt,200,
Bio Incubator at C-CAMP,home,2020-11,ok,20201128083554,2020-11-28,https://web.archive.org/web/20201128083554/https://www.ccamp.res.in/incubation,bio_incubator_at_c_camp\bio_incubator_at_c_camp_2020-11_home.html,bio_incubator_at_c_camp\bio_incubator_at_c_camp_2020-11_home.txt,200,
Bio Incubator at C-CAMP,about,2020-11,ok,20201128043750,2020-11-28,https://web.archive.org/web/20201128043750/https://www.ccamp.res.in/about,bio_incubator_at_c_camp\bio_incubator_at_c_camp_2020-11_about.html,bio_incubator_at_c_camp\bio_incubator_at_c_camp_2020-11_about.txt,200,
Bio Incubator at C-CAMP,home,2020-12,no_snapshot,,,,,,,
Bio Incubator at C-CAMP,about,2020-12,lookup_error,,,,,,,Failed after 3 attempts: timed out
Bio Incubator at C-CAMP,home,2021-01,no_snapshot,,,,,,,
Bio Incubator at C-CAMP,about,2021-01,no_snapshot,,,,,,,
Bio Incubator at C-CAMP,home,2021-02,ok,20210225053422,2021-02-25,https://web.archive.org/web/20210225053422/https://www.ccamp.res.in/incubation,bio_incubator_at_c_camp\bio_incubator_at_c_camp_2021-02_home.html,bio_incubator_at_c_camp\bio_incubator_at_c_camp_2021-02_home.txt,200,
Bio Incubator at C-CAMP,about,2021-02,no_snapshot,,,,,,,
Bio Incubator at C-CAMP,home,2021-03,no_snapshot,,,,,,,
Bio Incubator at C-CAMP,about,2021-03,ok,20210302101622,2021-03-02,https://web.archive.org/web/20210302101622/https://www.ccamp.res.in/about,bio_incubator_at_c_camp\bio_incubator_at_c_camp_2021-03_about.html,bio_incubator_at_c_camp\bio_incubator_at_c_camp_2021-03_about.txt,200,
Bio Incubator at C-CAMP,home,2021-04,no_snapshot,,,,,,,
Bio Incubator at C-CAMP,about,2021-04,no_snapshot,,,,,,,
Bio Incubator at C-CAMP,home,2021-05,ok,20210515151502,2021-05-15,https://web.archive.org/web/20210515151502/https://www.ccamp.res.in/incubation,bio_incubator_at_c_camp\bio_incubator_at_c_camp_2021-05_home.html,bio_incubator_at_c_camp\bio_incubator_at_c_camp_2021-05_home.txt,200,
Bio Incubator at C-CAMP,about,2021-05,ok,20210515134021,2021-05-15,https://web.archive.org/web/20210515134021/https://www.ccamp.res.in/about,bio_incubator_at_c_camp\bio_incubator_at_c_camp_2021-05_about.html,bio_incubator_at_c_camp\bio_incubator_at_c_camp_2021-05_about.txt,200,
Bio Incubator at C-CAMP,home,2021-06,no_snapshot,,,,,,,
Bio Incubator at C-CAMP,about,2021-06,no_snapshot,,,,,,,
Bio Incubator at C-CAMP,home,2021-07,ok,20210723232308,2021-07-23,https://web.archive.org/web/20210723232308/https://www.ccamp.res.in/incubation,bio_incubator_at_c_camp\bio_incubator_at_c_camp_2021-07_home.html,bio_incubator_at_c_camp\bio_incubator_at_c_camp_2021-07_home.txt,200,
Bio Incubator at C-CAMP,about,2021-07,ok,20210723213645,2021-07-23,https://web.archive.org/web/20210723213645/https://www.ccamp.res.in/about,bio_incubator_at_c_camp\bio_incubator_at_c_camp_2021-07_about.html,bio_incubator_at_c_camp\bio_incubator_at_c_camp_2021-07_about.txt,200,
Bio Incubator at C-CAMP,home,2021-08,no_snapshot,,,,,,,
Bio Incubator at C-CAMP,about,2021-08,no_snapshot,,,,,,,
Bio Incubator at C-CAMP,home,2021-09,ok,20210910061606,2021-09-10,https://web.archive.org/web/20210910061606/https://www.ccamp.res.in/incubation,bio_incubator_at_c_camp\bio_incubator_at_c_camp_2021-09_home.html,bio_incubator_at_c_camp\bio_incubator_at_c_camp_2021-09_home.txt,200,
Bio Incubator at C-CAMP,about,2021-09,ok,20210910031057,2021-09-10,https://web.archive.org/web/20210910031057/https://www.ccamp.res.in/about,bio_incubator_at_c_camp\bio_incubator_at_c_camp_2021-09_about.html,bio_incubator_at_c_camp\bio_incubator_at_c_camp_2021-09_about.txt,200,
Bio Incubator at C-CAMP,home,2021-10,ok,20211021064338,2021-10-21,https://web.archive.org/web/20211021064338/https://www.ccamp.res.in/incubation,bio_incubator_at_c_camp\bio_incubator_at_c_camp_2021-10_home.html,bio_incubator_at_c_camp\bio_incubator_at_c_camp_2021-10_home.txt,200,
Bio Incubator at C-CAMP,about,2021-10,ok,20211021044815,2021-10-21,https://web.archive.org/web/20211021044815/https://www.ccamp.res.in/about,bio_incubator_at_c_camp\bio_incubator_at_c_camp_2021-10_about.html,bio_incubator_at_c_camp\bio_incubator_at_c_camp_2021-10_about.txt,200,
Bio Incubator at C-CAMP,home,2021-11,ok,20211129140104,2021-11-29,https://web.archive.org/web/20211129140104/https://ccamp.res.in/incubation,bio_incubator_at_c_camp\bio_incubator_at_c_camp_2021-11_home.html,bio_incubator_at_c_camp\bio_incubator_at_c_camp_2021-11_home.txt,200,
Bio Incubator at C-CAMP,about,2021-11,ok,20211129134600,2021-11-29,https://web.archive.org/web/20211129134600/https://ccamp.res.in/about,bio_incubator_at_c_camp\bio_incubator_at_c_camp_2021-11_about.html,bio_incubator_at_c_camp\bio_incubator_at_c_camp_2021-11_about.txt,200,
Bio Incubator at C-CAMP,home,2021-12,no_snapshot,,,,,,,
Bio Incubator at C-CAMP,about,2021-12,no_snapshot,,,,,,,
Bio Incubator at C-CAMP,home,2022-01,no_snapshot,,,,,,,
Bio Incubator at C-CAMP,about,2022-01,ok,20220119070346,2022-01-19,https://web.archive.org/web/20220119070346/https://www.ccamp.res.in/about,bio_incubator_at_c_camp\bio_incubator_at_c_camp_2022-01_about.html,bio_incubator_at_c_camp\bio_incubator_at_c_camp_2022-01_about.txt,200,
Bio Incubator at C-CAMP,home,2022-02,no_snapshot,,,,,,,
Bio Incubator at C-CAMP,about,2022-02,ok,20220201094230,2022-02-01,https://web.archive.org/web/20220201094230/https://www.ccamp.res.in/about,bio_incubator_at_c_camp\bio_incubator_at_c_camp_2022-02_about.html,bio_incubator_at_c_camp\bio_incubator_at_c_camp_2022-02_about.txt,200,
Bio Incubator at C-CAMP,home,2022-03,ok,20220319164658,2022-03-19,https://web.archive.org/web/20220319164658/https://www.ccamp.res.in/incubation,bio_incubator_at_c_camp\bio_incubator_at_c_camp_2022-03_home.html,bio_incubator_at_c_camp\bio_incubator_at_c_camp_2022-03_home.txt,200,
Bio Incubator at C-CAMP,about,2022-03,ok,20220319160430,2022-03-19,https://web.archive.org/web/20220319160430/https://www.ccamp.res.in/about,bio_incubator_at_c_camp\bio_incubator_at_c_camp_2022-03_about.html,bio_incubator_at_c_camp\bio_incubator_at_c_camp_2022-03_about.txt,200,
Bio Incubator at C-CAMP,home,2022-04,no_snapshot,,,,,,,
Bio Incubator at C-CAMP,about,2022-04,no_snapshot,,,,,,,
Bio Incubator at C-CAMP,home,2022-05,ok,20220522180356,2022-05-22,https://web.archive.org/web/20220522180356/https://www.ccamp.res.in/incubation,bio_incubator_at_c_camp\bio_incubator_at_c_camp_2022-05_home.html,bio_incubator_at_c_camp\bio_incubator_at_c_camp_2022-05_home.txt,200,
Bio Incubator at C-CAMP,about,2022-05,ok,20220527143039,2022-05-27,https://web.archive.org/web/20220527143039/https://ccamp.res.in/about,bio_incubator_at_c_camp\bio_incubator_at_c_camp_2022-05_about.html,bio_incubator_at_c_camp\bio_incubator_at_c_camp_2022-05_about.txt,200,
Bio Incubator at C-CAMP,home,2022-06,ok,20220606142748,2022-06-06,https://web.archive.org/web/20220606142748/https://www.ccamp.res.in/incubation,bio_incubator_at_c_camp\bio_incubator_at_c_camp_2022-06_home.html,bio_incubator_at_c_camp\bio_incubator_at_c_camp_2022-06_home.txt,200,
Bio Incubator at C-CAMP,about,2022-06,ok,20220606142731,2022-06-06,https://web.archive.org/web/20220606142731/https://www.ccamp.res.in/about,bio_incubator_at_c_camp\bio_incubator_at_c_camp_2022-06_about.html,bio_incubator_at_c_camp\bio_incubator_at_c_camp_2022-06_about.txt,200,
Bio Incubator at C-CAMP,home,2022-07,no_snapshot,,,,,,,
Bio Incubator at C-CAMP,about,2022-07,no_snapshot,,,,,,,
Bio Incubator at C-CAMP,home,2022-08,ok,20220814115413,2022-08-14,https://web.archive.org/web/20220814115413/https://ccamp.res.in/incubation,bio_incubator_at_c_camp\bio_incubator_at_c_camp_2022-08_home.html,bio_incubator_at_c_camp\bio_incubator_at_c_camp_2022-08_home.txt,200,
Bio Incubator at C-CAMP,about,2022-08,no_snapshot,,,,,,,
Bio Incubator at C-CAMP,home,2022-09,no_snapshot,,,,,,,
Bio Incubator at C-CAMP,about,2022-09,ok,20220924215804,2022-09-24,https://web.archive.org/web/20220924215804/https://www.ccamp.res.in/about,bio_incubator_at_c_camp\bio_incubator_at_c_camp_2022-09_about.html,bio_incubator_at_c_camp\bio_incubator_at_c_camp_2022-09_about.txt,200,
Bio Incubator at C-CAMP,home,2022-10,ok,20221002233814,2022-10-02,https://web.archive.org/web/20221002233814/https://www.ccamp.res.in/incubation,bio_incubator_at_c_camp\bio_incubator_at_c_camp_2022-10_home.html,bio_incubator_at_c_camp\bio_incubator_at_c_camp_2022-10_home.txt,200,
Bio Incubator at C-CAMP,about,2022-10,ok,20221002212843,2022-10-02,https://web.archive.org/web/20221002212843/https://ccamp.res.in/about,bio_incubator_at_c_camp\bio_incubator_at_c_camp_2022-10_about.html,bio_incubator_at_c_camp\bio_incubator_at_c_camp_2022-10_about.txt,200,
Bio Incubator at C-CAMP,home,2022-11,no_snapshot,,,,,,,
Bio Incubator at C-CAMP,about,2022-11,no_snapshot,,,,,,,
Bio Incubator at C-CAMP,home,2022-12,ok,20221203150303,2022-12-03,https://web.archive.org/web/20221203150303/https://ccamp.res.in/incubation,bio_incubator_at_c_camp\bio_incubator_at_c_camp_2022-12_home.html,bio_incubator_at_c_camp\bio_incubator_at_c_camp_2022-12_home.txt,200,
Bio Incubator at C-CAMP,about,2022-12,no_snapshot,,,,,,,
Bio Incubator at C-CAMP,home,2023-01,ok,20230129231556,2023-01-29,https://web.archive.org/web/20230129231556/https://www.ccamp.res.in/incubation,bio_incubator_at_c_camp\bio_incubator_at_c_camp_2023-01_home.html,bio_incubator_at_c_camp\bio_incubator_at_c_camp_2023-01_home.txt,200,
Bio Incubator at C-CAMP,about,2023-01,ok,20230131155402,2023-01-31,https://web.archive.org/web/20230131155402/https://ccamp.res.in/about,bio_incubator_at_c_camp\bio_incubator_at_c_camp_2023-01_about.html,bio_incubator_at_c_camp\bio_incubator_at_c_camp_2023-01_about.txt,200,
Bio Incubator at C-CAMP,home,2023-02,no_snapshot,,,,,,,
Bio Incubator at C-CAMP,about,2023-02,ok,20230206085623,2023-02-06,https://web.archive.org/web/20230206085623/https://www.ccamp.res.in/about,bio_incubator_at_c_camp\bio_incubator_at_c_camp_2023-02_about.html,bio_incubator_at_c_camp\bio_incubator_at_c_camp_2023-02_about.txt,200,
Bio Incubator at C-CAMP,home,2023-03,ok,20230328110910,2023-03-28,https://web.archive.org/web/20230328110910/https://ccamp.res.in/incubation,bio_incubator_at_c_camp\bio_incubator_at_c_camp_2023-03_home.html,bio_incubator_at_c_camp\bio_incubator_at_c_camp_2023-03_home.txt,200,
Bio Incubator at C-CAMP,about,2023-03,no_snapshot,,,,,,,
Bio Incubator at C-CAMP,home,2023-04,no_snapshot,,,,,,,
Bio Incubator at C-CAMP,about,2023-04,ok,20230403095821,2023-04-03,https://web.archive.org/web/20230403095821/https://www.ccamp.res.in/about,bio_incubator_at_c_camp\bio_incubator_at_c_camp_2023-04_about.html,bio_incubator_at_c_camp\bio_incubator_at_c_camp_2023-04_about.txt,200,
Bio Incubator at C-CAMP,home,2023-05,ok,20230530002342,2023-05-30,https://web.archive.org/web/20230530002342/https://ccamp.res.in/incubation,bio_incubator_at_c_camp\bio_incubator_at_c_camp_2023-05_home.html,bio_incubator_at_c_camp\bio_incubator_at_c_camp_2023-05_home.txt,200,
Bio Incubator at C-CAMP,about,2023-05,ok,20230518064611,2023-05-18,https://web.archive.org/web/20230518064611/https://www.ccamp.res.in/about,bio_incubator_at_c_camp\bio_incubator_at_c_camp_2023-05_about.html,bio_incubator_at_c_camp\bio_incubator_at_c_camp_2023-05_about.txt,200,
Bio Incubator at C-CAMP,home,2023-06,ok,20230605010122,2023-06-05,https://web.archive.org/web/20230605010122/https://www.ccamp.res.in/incubation,bio_incubator_at_c_camp\bio_incubator_at_c_camp_2023-06_home.html,bio_incubator_at_c_camp\bio_incubator_at_c_camp_2023-06_home.txt,200,
Bio Incubator at C-CAMP,about,2023-06,ok,20230604231749,2023-06-04,https://web.archive.org/web/20230604231749/https://www.ccamp.res.in/about,bio_incubator_at_c_camp\bio_incubator_at_c_camp_2023-06_about.html,bio_incubator_at_c_camp\bio_incubator_at_c_camp_2023-06_about.txt,200,
Bio Incubator at C-CAMP,home,2023-07,no_snapshot,,,,,,,
Bio Incubator at C-CAMP,about,2023-07,ok,20230701122712,2023-07-01,https://web.archive.org/web/20230701122712/https://www.ccamp.res.in/about,bio_incubator_at_c_camp\bio_incubator_at_c_camp_2023-07_about.html,bio_incubator_at_c_camp\bio_incubator_at_c_camp_2023-07_about.txt,200,
Bio Incubator at C-CAMP,home,2023-08,no_snapshot,,,,,,,
Bio Incubator at C-CAMP,about,2023-08,ok,20230808023331,2023-08-08,https://web.archive.org/web/20230808023331/https://www.ccamp.res.in/about,bio_incubator_at_c_camp\bio_incubator_at_c_camp_2023-08_about.html,bio_incubator_at_c_camp\bio_incubator_at_c_camp_2023-08_about.txt,200,
Bio Incubator at C-CAMP,home,2023-09,ok,20230928233052,2023-09-28,https://web.archive.org/web/20230928233052/https://ccamp.res.in/incubation,bio_incubator_at_c_camp\bio_incubator_at_c_camp_2023-09_home.html,bio_incubator_at_c_camp\bio_incubator_at_c_camp_2023-09_home.txt,200,
Bio Incubator at C-CAMP,about,2023-09,no_snapshot,,,,,,,
Bio Incubator at C-CAMP,home,2023-10,no_snapshot,,,,,,,
Bio Incubator at C-CAMP,about,2023-10,ok,20231010104009,2023-10-10,https://web.archive.org/web/20231010104009/https://www.ccamp.res.in/about,bio_incubator_at_c_camp\bio_incubator_at_c_camp_2023-10_about.html,bio_incubator_at_c_camp\bio_incubator_at_c_camp_2023-10_about.txt,200,
Bio Incubator at C-CAMP,home,2023-11,no_snapshot,,,,,,,
Bio Incubator at C-CAMP,about,2023-11,ok,20231116233449,2023-11-16,https://web.archive.org/web/20231116233449/https://www.ccamp.res.in/about,bio_incubator_at_c_camp\bio_incubator_at_c_camp_2023-11_about.html,bio_incubator_at_c_camp\bio_incubator_at_c_camp_2023-11_about.txt,200,
Bio Incubator at C-CAMP,home,2023-12,ok,20231210081800,2023-12-10,https://web.archive.org/web/20231210081800/https://www.ccamp.res.in/incubation,bio_incubator_at_c_camp\bio_incubator_at_c_camp_2023-12_home.html,bio_incubator_at_c_camp\bio_incubator_at_c_camp_2023-12_home.txt,200,
Bio Incubator at C-CAMP,about,2023-12,no_snapshot,,,,,,,
Bio Incubator at C-CAMP,home,2024-01,no_snapshot,,,,,,,
Bio Incubator at C-CAMP,about,2024-01,no_snapshot,,,,,,,
Bio Incubator at C-CAMP,home,2024-02,no_snapshot,,,,,,,
Bio Incubator at C-CAMP,about,2024-02,ok,20240223190040,2024-02-23,https://web.archive.org/web/20240223190040/https://ccamp.res.in/about,bio_incubator_at_c_camp\bio_incubator_at_c_camp_2024-02_about.html,bio_incubator_at_c_camp\bio_incubator_at_c_camp_2024-02_about.txt,200,
Bio Incubator at C-CAMP,home,2024-03,no_snapshot,,,,,,,
Bio Incubator at C-CAMP,about,2024-03,ok,20240301133825,2024-03-01,https://web.archive.org/web/20240301133825/https://www.ccamp.res.in/about,bio_incubator_at_c_camp\bio_incubator_at_c_camp_2024-03_about.html,bio_incubator_at_c_camp\bio_incubator_at_c_camp_2024-03_about.txt,200,
Bio Incubator at C-CAMP,home,2024-04,ok,20240415175925,2024-04-15,https://web.archive.org/web/20240415175925/https://ccamp.res.in/incubation,bio_incubator_at_c_camp\bio_incubator_at_c_camp_2024-04_home.html,bio_incubator_at_c_camp\bio_incubator_at_c_camp_2024-04_home.txt,200,
Bio Incubator at C-CAMP,about,2024-04,ok,20240410012611,2024-04-10,https://web.archive.org/web/20240410012611/https://www.ccamp.res.in/about,bio_incubator_at_c_camp\bio_incubator_at_c_camp_2024-04_about.html,bio_incubator_at_c_camp\bio_incubator_at_c_camp_2024-04_about.txt,200,
Bio Incubator at C-CAMP,home,2024-05,ok,20240520192838,2024-05-20,https://web.archive.org/web/20240520192838/https://www.ccamp.res.in/incubation,bio_incubator_at_c_camp\bio_incubator_at_c_camp_2024-05_home.html,bio_incubator_at_c_camp\bio_incubator_at_c_camp_2024-05_home.txt,200,
Bio Incubator at C-CAMP,about,2024-05,ok,20240502190334,2024-05-02,https://web.archive.org/web/20240502190334/https://www.ccamp.res.in/about,bio_incubator_at_c_camp\bio_incubator_at_c_camp_2024-05_about.html,bio_incubator_at_c_camp\bio_incubator_at_c_camp_2024-05_about.txt,200,
Bio Incubator at C-CAMP,home,2024-06,lookup_error,,,,,,,Failed after 3 attempts: timed out
Bio Incubator at C-CAMP,about,2024-06,ok,20240607160911,2024-06-07,https://web.archive.org/web/20240607160911/https://www.ccamp.res.in/about,bio_incubator_at_c_camp\bio_incubator_at_c_camp_2024-06_about.html,bio_incubator_at_c_camp\bio_incubator_at_c_camp_2024-06_about.txt,200,
Bio Incubator at C-CAMP,home,2024-07,lookup_error,,,,,,,Failed after 3 attempts: timed out
Bio Incubator at C-CAMP,about,2024-07,no_snapshot,,,,,,,
Bio Incubator at C-CAMP,home,2024-08,lookup_error,,,,,,,Failed after 3 attempts: timed out
Bio Incubator at C-CAMP,about,2024-08,no_snapshot,,,,,,,
Bio Incubator at C-CAMP,home,2024-09,no_snapshot,,,,,,,
Bio Incubator at C-CAMP,about,2024-09,lookup_error,,,,,,,Failed after 3 attempts: timed out
Bio Incubator at C-CAMP,home,2024-10,no_snapshot,,,,,,,
Bio Incubator at C-CAMP,about,2024-10,ok,20241011171209,2024-10-11,https://web.archive.org/web/20241011171209/https://www.ccamp.res.in/about,bio_incubator_at_c_camp\bio_incubator_at_c_camp_2024-10_about.html,bio_incubator_at_c_camp\bio_incubator_at_c_camp_2024-10_about.txt,200,
Bio Incubator at C-CAMP,home,2024-11,no_snapshot,,,,,,,
Bio Incubator at C-CAMP,about,2024-11,no_snapshot,,,,,,,
Bio Incubator at C-CAMP,home,2024-12,no_snapshot,,,,,,,
Bio Incubator at C-CAMP,about,2024-12,no_snapshot,,,,,,,
Bio Incubator at C-CAMP,home,2025-01,no_snapshot,,,,,,,
Bio Incubator at C-CAMP,about,2025-01,lookup_error,,,,,,,Failed after 3 attempts: timed out
Bio Incubator at C-CAMP,home,2025-02,no_snapshot,,,,,,,
Bio Incubator at C-CAMP,about,2025-02,no_snapshot,,,,,,,
Bio Incubator at C-CAMP,home,2025-03,no_snapshot,,,,,,,
Bio Incubator at C-CAMP,about,2025-03,no_snapshot,,,,,,,
Bio Incubator at C-CAMP,home,2025-04,no_snapshot,,,,,,,
Bio Incubator at C-CAMP,about,2025-04,no_snapshot,,,,,,,
Bio Incubator at C-CAMP,home,2025-05,no_snapshot,,,,,,,
Bio Incubator at C-CAMP,about,2025-05,no_snapshot,,,,,,,
Bio Incubator at C-CAMP,home,2025-06,no_snapshot,,,,,,,
Bio Incubator at C-CAMP,about,2025-06,no_snapshot,,,,,,,
Bio Incubator at C-CAMP,home,2025-07,no_snapshot,,,,,,,
Bio Incubator at C-CAMP,about,2025-07,no_snapshot,,,,,,,
Bio Incubator at C-CAMP,home,2025-08,no_snapshot,,,,,,,
Bio Incubator at C-CAMP,about,2025-08,no_snapshot,,,,,,,
Bio Incubator at C-CAMP,home,2025-09,no_snapshot,,,,,,,
Bio Incubator at C-CAMP,about,2025-09,no_snapshot,,,,,,,
Bio Incubator at C-CAMP,home,2025-10,no_snapshot,,,,,,,
Bio Incubator at C-CAMP,about,2025-10,no_snapshot,,,,,,,
Bio Incubator at C-CAMP,home,2025-11,no_snapshot,,,,,,,
Bio Incubator at C-CAMP,about,2025-11,no_snapshot,,,,,,,
Bio Incubator at C-CAMP,home,2025-12,no_snapshot,,,,,,,
Bio Incubator at C-CAMP,about,2025-12,no_snapshot,,,,,,,
Bio Incubator at C-CAMP,home,2026-01,no_snapshot,,,,,,,
Bio Incubator at C-CAMP,about,2026-01,no_snapshot,,,,,,,
Bio Incubator at C-CAMP,home,2026-02,no_snapshot,,,,,,,
Bio Incubator at C-CAMP,about,2026-02,no_snapshot,,,,,,,
Bio Incubator at C-CAMP,home,2026-03,no_snapshot,,,,,,,
Bio Incubator at C-CAMP,about,2026-03,no_snapshot,,,,,,,
Bio Incubator at C-CAMP,home,2026-04,no_snapshot,,,,,,,
Bio Incubator at C-CAMP,about,2026-04,no_snapshot,,,,,,,
Bio Incubator at C-CAMP,home,2026-05,lookup_error,,,,,,,Failed after 3 attempts: timed out
Bio Incubator at C-CAMP,about,2026-05,ok,20260515011728,2026-05-15,https://web.archive.org/web/20260515011728/https://www.ccamp.res.in/about,bio_incubator_at_c_camp\bio_incubator_at_c_camp_2026-05_about.html,bio_incubator_at_c_camp\bio_incubator_at_c_camp_2026-05_about.txt,200,
Bio Incubator at C-CAMP,home,2026-06,no_snapshot,,,,,,,
Bio Incubator at C-CAMP,about,2026-06,no_snapshot,,,,,,,
Bio Incubator at C-CAMP,home,2026-07,no_snapshot,,,,,,,
Bio Incubator at C-CAMP,about,2026-07,no_snapshot,,,,,,,
Bio Incubator at C-CAMP,home,2026-08,no_snapshot,,,,,,,
Bio Incubator at C-CAMP,about,2026-08,no_snapshot,,,,,,,
Bio Incubator at C-CAMP,home,2026-09,no_snapshot,,,,,,,
Bio Incubator at C-CAMP,about,2026-09,no_snapshot,,,,,,,
IIM Calcutta Innovation Park,home,2017-01,no_snapshot,,,,,,,
IIM Calcutta Innovation Park,about,2017-01,no_snapshot,,,,,,,
IIM Calcutta Innovation Park,home,2017-02,no_snapshot,,,,,,,
IIM Calcutta Innovation Park,about,2017-02,no_snapshot,,,,,,,
IIM Calcutta Innovation Park,home,2017-03,no_snapshot,,,,,,,
IIM Calcutta Innovation Park,about,2017-03,no_snapshot,,,,,,,
IIM Calcutta Innovation Park,home,2017-04,no_snapshot,,,,,,,
IIM Calcutta Innovation Park,about,2017-04,no_snapshot,,,,,,,
IIM Calcutta Innovation Park,home,2017-05,ok,20170513040829,2017-05-13,https://web.archive.org/web/20170513040829/http://www.iimcip.org:80/,iim_calcutta_innovation_park\iim_calcutta_innovation_park_2017-05_home.html,iim_calcutta_innovation_park\iim_calcutta_innovation_park_2017-05_home.txt,200,
IIM Calcutta Innovation Park,about,2017-05,ok,20170521102340,2017-05-21,https://web.archive.org/web/20170521102340/http://www.iimcip.org:80/about-us/about-iimcip/,iim_calcutta_innovation_park\iim_calcutta_innovation_park_2017-05_about.html,iim_calcutta_innovation_park\iim_calcutta_innovation_park_2017-05_about.txt,200,
IIM Calcutta Innovation Park,home,2017-06,ok,20170606012145,2017-06-06,https://web.archive.org/web/20170606012145/http://www.iimcip.org/,iim_calcutta_innovation_park\iim_calcutta_innovation_park_2017-06_home.html,iim_calcutta_innovation_park\iim_calcutta_innovation_park_2017-06_home.txt,200,
IIM Calcutta Innovation Park,about,2017-06,no_snapshot,,,,,,,
IIM Calcutta Innovation Park,home,2017-07,ok,20170709044722,2017-07-09,https://web.archive.org/web/20170709044722/http://www.iimcip.org/,iim_calcutta_innovation_park\iim_calcutta_innovation_park_2017-07_home.html,iim_calcutta_innovation_park\iim_calcutta_innovation_park_2017-07_home.txt,200,
IIM Calcutta Innovation Park,about,2017-07,no_snapshot,,,,,,,
IIM Calcutta Innovation Park,home,2017-08,lookup_error,,,,,,,Failed after 3 attempts: timed out
IIM Calcutta Innovation Park,about,2017-08,ok,20170830111759,2017-08-30,https://web.archive.org/web/20170830111759/http://www.iimcip.org:80/about-us/about-iimcip/,iim_calcutta_innovation_park\iim_calcutta_innovation_park_2017-08_about.html,iim_calcutta_innovation_park\iim_calcutta_innovation_park_2017-08_about.txt,200,
IIM Calcutta Innovation Park,home,2017-09,no_snapshot,,,,,,,
IIM Calcutta Innovation Park,about,2017-09,no_snapshot,,,,,,,
IIM Calcutta Innovation Park,home,2017-10,no_snapshot,,,,,,,
IIM Calcutta Innovation Park,about,2017-10,no_snapshot,,,,,,,
IIM Calcutta Innovation Park,home,2017-11,no_snapshot,,,,,,,
IIM Calcutta Innovation Park,about,2017-11,no_snapshot,,,,,,,
IIM Calcutta Innovation Park,home,2017-12,no_snapshot,,,,,,,
IIM Calcutta Innovation Park,about,2017-12,ok,20171221134526,2017-12-21,https://web.archive.org/web/20171221134526/http://www.iimcip.org:80/about-us/about-iimcip/,iim_calcutta_innovation_park\iim_calcutta_innovation_park_2017-12_about.html,iim_calcutta_innovation_park\iim_calcutta_innovation_park_2017-12_about.txt,200,
IIM Calcutta Innovation Park,home,2018-01,no_snapshot,,,,,,,
IIM Calcutta Innovation Park,about,2018-01,no_snapshot,,,,,,,
IIM Calcutta Innovation Park,home,2018-02,no_snapshot,,,,,,,
IIM Calcutta Innovation Park,about,2018-02,ok,20180221221033,2018-02-21,https://web.archive.org/web/20180221221033/http://www.iimcip.org:80/about-us/about-iimcip/,iim_calcutta_innovation_park\iim_calcutta_innovation_park_2018-02_about.html,iim_calcutta_innovation_park\iim_calcutta_innovation_park_2018-02_about.txt,200,
IIM Calcutta Innovation Park,home,2018-03,no_snapshot,,,,,,,
IIM Calcutta Innovation Park,about,2018-03,no_snapshot,,,,,,,
IIM Calcutta Innovation Park,home,2018-04,no_snapshot,,,,,,,
IIM Calcutta Innovation Park,about,2018-04,lookup_error,,,,,,,Failed after 3 attempts: timed out
IIM Calcutta Innovation Park,home,2018-05,ok,20180501170047,2018-05-01,https://web.archive.org/web/20180501170047/http://www.iimcip.org:80/,iim_calcutta_innovation_park\iim_calcutta_innovation_park_2018-05_home.html,iim_calcutta_innovation_park\iim_calcutta_innovation_park_2018-05_home.txt,200,
IIM Calcutta Innovation Park,about,2018-05,ok,20180526144606,2018-05-26,https://web.archive.org/web/20180526144606/http://www.iimcip.org:80/about-us/about-iimcip/,iim_calcutta_innovation_park\iim_calcutta_innovation_park_2018-05_about.html,iim_calcutta_innovation_park\iim_calcutta_innovation_park_2018-05_about.txt,200,
IIM Calcutta Innovation Park,home,2018-06,no_snapshot,,,,,,,
IIM Calcutta Innovation Park,about,2018-06,lookup_error,,,,,,,Failed after 3 attempts: timed out
IIM Calcutta Innovation Park,home,2018-07,ok,20180703093318,2018-07-03,https://web.archive.org/web/20180703093318/http://www.iimcip.org:80/,iim_calcutta_innovation_park\iim_calcutta_innovation_park_2018-07_home.html,iim_calcutta_innovation_park\iim_calcutta_innovation_park_2018-07_home.txt,200,
IIM Calcutta Innovation Park,about,2018-07,ok,20180728075519,2018-07-28,https://web.archive.org/web/20180728075519/http://www.iimcip.org:80/about-us/about-iimcip/,iim_calcutta_innovation_park\iim_calcutta_innovation_park_2018-07_about.html,iim_calcutta_innovation_park\iim_calcutta_innovation_park_2018-07_about.txt,200,
IIM Calcutta Innovation Park,home,2018-08,ok,20180804024110,2018-08-04,https://web.archive.org/web/20180804024110/http://www.iimcip.org:80/,iim_calcutta_innovation_park\iim_calcutta_innovation_park_2018-08_home.html,iim_calcutta_innovation_park\iim_calcutta_innovation_park_2018-08_home.txt,200,
IIM Calcutta Innovation Park,about,2018-08,ok,20180828154349,2018-08-28,https://web.archive.org/web/20180828154349/http://www.iimcip.org:80/about-us/about-iimcip/,iim_calcutta_innovation_park\iim_calcutta_innovation_park_2018-08_about.html,iim_calcutta_innovation_park\iim_calcutta_innovation_park_2018-08_about.txt,200,
IIM Calcutta Innovation Park,home,2018-09,ok,20180904132303,2018-09-04,https://web.archive.org/web/20180904132303/http://www.iimcip.org:80/,iim_calcutta_innovation_park\iim_calcutta_innovation_park_2018-09_home.html,iim_calcutta_innovation_park\iim_calcutta_innovation_park_2018-09_home.txt,200,
IIM Calcutta Innovation Park,about,2018-09,ok,20180929035648,2018-09-29,https://web.archive.org/web/20180929035648/http://www.iimcip.org:80/about-us/about-iimcip/,iim_calcutta_innovation_park\iim_calcutta_innovation_park_2018-09_about.html,iim_calcutta_innovation_park\iim_calcutta_innovation_park_2018-09_about.txt,200,
IIM Calcutta Innovation Park,home,2018-10,no_snapshot,,,,,,,
IIM Calcutta Innovation Park,about,2018-10,no_snapshot,,,,,,,
IIM Calcutta Innovation Park,home,2018-11,ok,20181105154721,2018-11-05,https://web.archive.org/web/20181105154721/http://www.iimcip.org:80/,iim_calcutta_innovation_park\iim_calcutta_innovation_park_2018-11_home.html,iim_calcutta_innovation_park\iim_calcutta_innovation_park_2018-11_home.txt,200,
IIM Calcutta Innovation Park,about,2018-11,lookup_error,,,,,,,Failed after 3 attempts: timed out
IIM Calcutta Innovation Park,home,2018-12,ok,20181206134713,2018-12-06,https://web.archive.org/web/20181206134713/http://www.iimcip.org:80/,iim_calcutta_innovation_park\iim_calcutta_innovation_park_2018-12_home.html,iim_calcutta_innovation_park\iim_calcutta_innovation_park_2018-12_home.txt,200,
IIM Calcutta Innovation Park,about,2018-12,ok,20181231080655,2018-12-31,https://web.archive.org/web/20181231080655/http://www.iimcip.org:80/about-us/about-iimcip/,iim_calcutta_innovation_park\iim_calcutta_innovation_park_2018-12_about.html,iim_calcutta_innovation_park\iim_calcutta_innovation_park_2018-12_about.txt,200,
IIM Calcutta Innovation Park,home,2019-01,ok,20190106110653,2019-01-06,https://web.archive.org/web/20190106110653/http://www.iimcip.org:80/,iim_calcutta_innovation_park\iim_calcutta_innovation_park_2019-01_home.html,iim_calcutta_innovation_park\iim_calcutta_innovation_park_2019-01_home.txt,200,
IIM Calcutta Innovation Park,about,2019-01,ok,20190101160223,2019-01-01,https://web.archive.org/web/20190101160223/http://www.iimcip.org:80/about-us/about-iimcip/,iim_calcutta_innovation_park\iim_calcutta_innovation_park_2019-01_about.html,iim_calcutta_innovation_park\iim_calcutta_innovation_park_2019-01_about.txt,200,
IIM Calcutta Innovation Park,home,2019-02,ok,20190206231334,2019-02-06,https://web.archive.org/web/20190206231334/http://www.iimcip.org:80/,iim_calcutta_innovation_park\iim_calcutta_innovation_park_2019-02_home.html,iim_calcutta_innovation_park\iim_calcutta_innovation_park_2019-02_home.txt,200,
IIM Calcutta Innovation Park,about,2019-02,no_snapshot,,,,,,,
IIM Calcutta Innovation Park,home,2019-03,ok,20190310034447,2019-03-10,https://web.archive.org/web/20190310034447/http://www.iimcip.org:80/,iim_calcutta_innovation_park\iim_calcutta_innovation_park_2019-03_home.html,iim_calcutta_innovation_park\iim_calcutta_innovation_park_2019-03_home.txt,200,
IIM Calcutta Innovation Park,about,2019-03,ok,20190303235745,2019-03-03,https://web.archive.org/web/20190303235745/http://www.iimcip.org:80/about-us/about-iimcip/,iim_calcutta_innovation_park\iim_calcutta_innovation_park_2019-03_about.html,iim_calcutta_innovation_park\iim_calcutta_innovation_park_2019-03_about.txt,200,
IIM Calcutta Innovation Park,home,2019-04,ok,20190410043122,2019-04-10,https://web.archive.org/web/20190410043122/http://www.iimcip.org:80/,iim_calcutta_innovation_park\iim_calcutta_innovation_park_2019-04_home.html,iim_calcutta_innovation_park\iim_calcutta_innovation_park_2019-04_home.txt,200,
IIM Calcutta Innovation Park,about,2019-04,ok,20190403222836,2019-04-03,https://web.archive.org/web/20190403222836/http://www.iimcip.org:80/about-us/about-iimcip,iim_calcutta_innovation_park\iim_calcutta_innovation_park_2019-04_about.html,iim_calcutta_innovation_park\iim_calcutta_innovation_park_2019-04_about.txt,200,
IIM Calcutta Innovation Park,home,2019-05,ok,20190511000555,2019-05-11,https://web.archive.org/web/20190511000555/http://www.iimcip.org:80/,iim_calcutta_innovation_park\iim_calcutta_innovation_park_2019-05_home.html,iim_calcutta_innovation_park\iim_calcutta_innovation_park_2019-05_home.txt,200,
IIM Calcutta Innovation Park,about,2019-05,ok,20190504180906,2019-05-04,https://web.archive.org/web/20190504180906/http://www.iimcip.org:80/about-us/about-iimcip/,iim_calcutta_innovation_park\iim_calcutta_innovation_park_2019-05_about.html,iim_calcutta_innovation_park\iim_calcutta_innovation_park_2019-05_about.txt,200,
IIM Calcutta Innovation Park,home,2019-06,ok,20190611171659,2019-06-11,https://web.archive.org/web/20190611171659/http://www.iimcip.org:80/,iim_calcutta_innovation_park\iim_calcutta_innovation_park_2019-06_home.html,iim_calcutta_innovation_park\iim_calcutta_innovation_park_2019-06_home.txt,200,
IIM Calcutta Innovation Park,about,2019-06,ok,20190605020751,2019-06-05,https://web.archive.org/web/20190605020751/http://www.iimcip.org:80/about-us/about-iimcip/,iim_calcutta_innovation_park\iim_calcutta_innovation_park_2019-06_about.html,iim_calcutta_innovation_park\iim_calcutta_innovation_park_2019-06_about.txt,200,
IIM Calcutta Innovation Park,home,2019-07,ok,20190715155733,2019-07-15,https://web.archive.org/web/20190715155733/http://www.iimcip.org:80/,iim_calcutta_innovation_park\iim_calcutta_innovation_park_2019-07_home.html,iim_calcutta_innovation_park\iim_calcutta_innovation_park_2019-07_home.txt,200,
IIM Calcutta Innovation Park,about,2019-07,ok,20190705200906,2019-07-05,https://web.archive.org/web/20190705200906/http://www.iimcip.org:80/about-us/about-iimcip/,iim_calcutta_innovation_park\iim_calcutta_innovation_park_2019-07_about.html,iim_calcutta_innovation_park\iim_calcutta_innovation_park_2019-07_about.txt,200,
IIM Calcutta Innovation Park,home,2019-08,ok,20190815191342,2019-08-15,https://web.archive.org/web/20190815191342/http://www.iimcip.org:80/,iim_calcutta_innovation_park\iim_calcutta_innovation_park_2019-08_home.html,iim_calcutta_innovation_park\iim_calcutta_innovation_park_2019-08_home.txt,200,
IIM Calcutta Innovation Park,about,2019-08,ok,20190806040358,2019-08-06,https://web.archive.org/web/20190806040358/http://www.iimcip.org:80/about-us/about-iimcip/,iim_calcutta_innovation_park\iim_calcutta_innovation_park_2019-08_about.html,iim_calcutta_innovation_park\iim_calcutta_innovation_park_2019-08_about.txt,200,
IIM Calcutta Innovation Park,home,2019-09,lookup_error,,,,,,,Failed after 3 attempts: timed out
IIM Calcutta Innovation Park,about,2019-09,ok,20190906080556,2019-09-06,https://web.archive.org/web/20190906080556/http://www.iimcip.org:80/about-us/about-iimcip/,iim_calcutta_innovation_park\iim_calcutta_innovation_park_2019-09_about.html,iim_calcutta_innovation_park\iim_calcutta_innovation_park_2019-09_about.txt,200,
IIM Calcutta Innovation Park,home,2019-10,ok,20191002104407,2019-10-02,https://web.archive.org/web/20191002104407/http://www.iimcip.org:80/,iim_calcutta_innovation_park\iim_calcutta_innovation_park_2019-10_home.html,iim_calcutta_innovation_park\iim_calcutta_innovation_park_2019-10_home.txt,200,
IIM Calcutta Innovation Park,about,2019-10,ok,20191007045231,2019-10-07,https://web.archive.org/web/20191007045231/http://www.iimcip.org:80/about-us/about-iimcip/,iim_calcutta_innovation_park\iim_calcutta_innovation_park_2019-10_about.html,iim_calcutta_innovation_park\iim_calcutta_innovation_park_2019-10_about.txt,200,
IIM Calcutta Innovation Park,home,2019-11,ok,20191106063919,2019-11-06,https://web.archive.org/web/20191106063919/http://www.iimcip.org:80/,iim_calcutta_innovation_park\iim_calcutta_innovation_park_2019-11_home.html,iim_calcutta_innovation_park\iim_calcutta_innovation_park_2019-11_home.txt,200,
IIM Calcutta Innovation Park,about,2019-11,no_snapshot,,,,,,,
IIM Calcutta Innovation Park,home,2019-12,ok,20191206121627,2019-12-06,https://web.archive.org/web/20191206121627/http://www.iimcip.org/,iim_calcutta_innovation_park\iim_calcutta_innovation_park_2019-12_home.html,iim_calcutta_innovation_park\iim_calcutta_innovation_park_2019-12_home.txt,200,
IIM Calcutta Innovation Park,about,2019-12,ok,20191206084543,2019-12-06,https://web.archive.org/web/20191206084543/http://www.iimcip.org:80/about-us/about-iimcip/,iim_calcutta_innovation_park\iim_calcutta_innovation_park_2019-12_about.html,iim_calcutta_innovation_park\iim_calcutta_innovation_park_2019-12_about.txt,200,
IIM Calcutta Innovation Park,home,2020-01,ok,20200105211929,2020-01-05,https://web.archive.org/web/20200105211929/http://www.iimcip.org:80/,iim_calcutta_innovation_park\iim_calcutta_innovation_park_2020-01_home.html,iim_calcutta_innovation_park\iim_calcutta_innovation_park_2020-01_home.txt,200,
IIM Calcutta Innovation Park,about,2020-01,no_snapshot,,,,,,,
IIM Calcutta Innovation Park,home,2020-02,ok,20200205022356,2020-02-05,https://web.archive.org/web/20200205022356/http://www.iimcip.org:80/,iim_calcutta_innovation_park\iim_calcutta_innovation_park_2020-02_home.html,iim_calcutta_innovation_park\iim_calcutta_innovation_park_2020-02_home.txt,200,
IIM Calcutta Innovation Park,about,2020-02,ok,20200204121838,2020-02-04,https://web.archive.org/web/20200204121838/http://www.iimcip.org:80/about-us/about-iimcip/,iim_calcutta_innovation_park\iim_calcutta_innovation_park_2020-02_about.html,iim_calcutta_innovation_park\iim_calcutta_innovation_park_2020-02_about.txt,200,
IIM Calcutta Innovation Park,home,2020-03,ok,20200330072451,2020-03-30,https://web.archive.org/web/20200330072451/http://www.iimcip.org:80/,iim_calcutta_innovation_park\iim_calcutta_innovation_park_2020-03_home.html,iim_calcutta_innovation_park\iim_calcutta_innovation_park_2020-03_home.txt,200,
IIM Calcutta Innovation Park,about,2020-03,ok,20200331062512,2020-03-31,https://web.archive.org/web/20200331062512/http://www.iimcip.org:80/about-us/about-iimcip,iim_calcutta_innovation_park\iim_calcutta_innovation_park_2020-03_about.html,iim_calcutta_innovation_park\iim_calcutta_innovation_park_2020-03_about.txt,200,
IIM Calcutta Innovation Park,home,2020-04,ok,20200429131016,2020-04-29,https://web.archive.org/web/20200429131016/http://www.iimcip.org:80/,iim_calcutta_innovation_park\iim_calcutta_innovation_park_2020-04_home.html,iim_calcutta_innovation_park\iim_calcutta_innovation_park_2020-04_home.txt,200,
IIM Calcutta Innovation Park,about,2020-04,ok,20200429101127,2020-04-29,https://web.archive.org/web/20200429101127/http://www.iimcip.org:80/about-us/about-iimcip/,iim_calcutta_innovation_park\iim_calcutta_innovation_park_2020-04_about.html,iim_calcutta_innovation_park\iim_calcutta_innovation_park_2020-04_about.txt,200,
IIM Calcutta Innovation Park,home,2020-05,ok,20200503072650,2020-05-03,https://web.archive.org/web/20200503072650/http://www.iimcip.org/,iim_calcutta_innovation_park\iim_calcutta_innovation_park_2020-05_home.html,iim_calcutta_innovation_park\iim_calcutta_innovation_park_2020-05_home.txt,200,
IIM Calcutta Innovation Park,about,2020-05,ok,20200501193112,2020-05-01,https://web.archive.org/web/20200501193112/http://www.iimcip.org:80/about-us/about-iimcip/,iim_calcutta_innovation_park\iim_calcutta_innovation_park_2020-05_about.html,iim_calcutta_innovation_park\iim_calcutta_innovation_park_2020-05_about.txt,200,
IIM Calcutta Innovation Park,home,2020-06,ok,20200628223039,2020-06-28,https://web.archive.org/web/20200628223039/http://iimcip.org:80/,iim_calcutta_innovation_park\iim_calcutta_innovation_park_2020-06_home.html,iim_calcutta_innovation_park\iim_calcutta_innovation_park_2020-06_home.txt,200,
IIM Calcutta Innovation Park,about,2020-06,ok,20200601112655,2020-06-01,https://web.archive.org/web/20200601112655/http://www.iimcip.org:80/about-us/about-iimcip/,iim_calcutta_innovation_park\iim_calcutta_innovation_park_2020-06_about.html,iim_calcutta_innovation_park\iim_calcutta_innovation_park_2020-06_about.txt,200,
IIM Calcutta Innovation Park,home,2020-07,ok,20200717180253,2020-07-17,https://web.archive.org/web/20200717180253/http://iimcip.org:80/,iim_calcutta_innovation_park\iim_calcutta_innovation_park_2020-07_home.html,iim_calcutta_innovation_park\iim_calcutta_innovation_park_2020-07_home.txt,200,
IIM Calcutta Innovation Park,about,2020-07,ok,20200701145527,2020-07-01,https://web.archive.org/web/20200701145527/http://iimcip.org:80/about-us/about-iimcip/,iim_calcutta_innovation_park\iim_calcutta_innovation_park_2020-07_about.html,iim_calcutta_innovation_park\iim_calcutta_innovation_park_2020-07_about.txt,200,
IIM Calcutta Innovation Park,home,2020-08,no_snapshot,,,,,,,
IIM Calcutta Innovation Park,about,2020-08,ok,20200801054553,2020-08-01,https://web.archive.org/web/20200801054553/http://iimcip.org:80/about-us/about-iimcip/,iim_calcutta_innovation_park\iim_calcutta_innovation_park_2020-08_about.html,iim_calcutta_innovation_park\iim_calcutta_innovation_park_2020-08_about.txt,200,
IIM Calcutta Innovation Park,home,2020-09,ok,20200919054854,2020-09-19,https://web.archive.org/web/20200919054854/http://iimcip.org/,iim_calcutta_innovation_park\iim_calcutta_innovation_park_2020-09_home.html,iim_calcutta_innovation_park\iim_calcutta_innovation_park_2020-09_home.txt,200,
IIM Calcutta Innovation Park,about,2020-09,ok,20200925001406,2020-09-25,https://web.archive.org/web/20200925001406/http://iimcip.org/about-us/about-iimcip/,iim_calcutta_innovation_park\iim_calcutta_innovation_park_2020-09_about.html,iim_calcutta_innovation_park\iim_calcutta_innovation_park_2020-09_about.txt,200,
IIM Calcutta Innovation Park,home,2020-10,ok,20201019210757,2020-10-19,https://web.archive.org/web/20201019210757/http://iimcip.org/,iim_calcutta_innovation_park\iim_calcutta_innovation_park_2020-10_home.html,iim_calcutta_innovation_park\iim_calcutta_innovation_park_2020-10_home.txt,200,
IIM Calcutta Innovation Park,about,2020-10,no_snapshot,,,,,,,
IIM Calcutta Innovation Park,home,2020-11,no_snapshot,,,,,,,
IIM Calcutta Innovation Park,about,2020-11,no_snapshot,,,,,,,
IIM Calcutta Innovation Park,home,2020-12,ok,20201201235251,2020-12-01,https://web.archive.org/web/20201201235251/http://iimcip.org/,iim_calcutta_innovation_park\iim_calcutta_innovation_park_2020-12_home.html,iim_calcutta_innovation_park\iim_calcutta_innovation_park_2020-12_home.txt,200,
IIM Calcutta Innovation Park,about,2020-12,ok,20201201234230,2020-12-01,https://web.archive.org/web/20201201234230/http://iimcip.org/about-us/about-iimcip/,iim_calcutta_innovation_park\iim_calcutta_innovation_park_2020-12_about.html,iim_calcutta_innovation_park\iim_calcutta_innovation_park_2020-12_about.txt,200,
IIM Calcutta Innovation Park,home,2021-01,ok,20210106123253,2021-01-06,https://web.archive.org/web/20210106123253/http://iimcip.org/,iim_calcutta_innovation_park\iim_calcutta_innovation_park_2021-01_home.html,iim_calcutta_innovation_park\iim_calcutta_innovation_park_2021-01_home.txt,200,
IIM Calcutta Innovation Park,about,2021-01,ok,20210121041715,2021-01-21,https://web.archive.org/web/20210121041715/http://iimcip.org/about-us/about-iimcip/,iim_calcutta_innovation_park\iim_calcutta_innovation_park_2021-01_about.html,iim_calcutta_innovation_park\iim_calcutta_innovation_park_2021-01_about.txt,200,
IIM Calcutta Innovation Park,home,2021-02,ok,20210227153128,2021-02-27,https://web.archive.org/web/20210227153128/http://iimcip.org/,iim_calcutta_innovation_park\iim_calcutta_innovation_park_2021-02_home.html,iim_calcutta_innovation_park\iim_calcutta_innovation_park_2021-02_home.txt,200,
IIM Calcutta Innovation Park,about,2021-02,no_snapshot,,,,,,,
IIM Calcutta Innovation Park,home,2021-03,no_snapshot,,,,,,,
IIM Calcutta Innovation Park,about,2021-03,no_snapshot,,,,,,,
IIM Calcutta Innovation Park,home,2021-04,ok,20210411152706,2021-04-11,https://web.archive.org/web/20210411152706/https://iimcip.org/,iim_calcutta_innovation_park\iim_calcutta_innovation_park_2021-04_home.html,iim_calcutta_innovation_park\iim_calcutta_innovation_park_2021-04_home.txt,200,
IIM Calcutta Innovation Park,about,2021-04,ok,20210411162232,2021-04-11,https://web.archive.org/web/20210411162232/https://iimcip.org/about-us/about-iimcip/,iim_calcutta_innovation_park\iim_calcutta_innovation_park_2021-04_about.html,iim_calcutta_innovation_park\iim_calcutta_innovation_park_2021-04_about.txt,200,
IIM Calcutta Innovation Park,home,2021-05,ok,20210517031752,2021-05-17,https://web.archive.org/web/20210517031752/https://iimcip.org/,iim_calcutta_innovation_park\iim_calcutta_innovation_park_2021-05_home.html,iim_calcutta_innovation_park\iim_calcutta_innovation_park_2021-05_home.txt,200,
IIM Calcutta Innovation Park,about,2021-05,no_snapshot,,,,,,,
IIM Calcutta Innovation Park,home,2021-06,ok,20210614210911,2021-06-14,https://web.archive.org/web/20210614210911/https://iimcip.org/,iim_calcutta_innovation_park\iim_calcutta_innovation_park_2021-06_home.html,iim_calcutta_innovation_park\iim_calcutta_innovation_park_2021-06_home.txt,200,
IIM Calcutta Innovation Park,about,2021-06,ok,20210614220853,2021-06-14,https://web.archive.org/web/20210614220853/https://iimcip.org/about-us/about-iimcip/,iim_calcutta_innovation_park\iim_calcutta_innovation_park_2021-06_about.html,iim_calcutta_innovation_park\iim_calcutta_innovation_park_2021-06_about.txt,200,
IIM Calcutta Innovation Park,home,2021-07,ok,20210728071327,2021-07-28,https://web.archive.org/web/20210728071327/https://iimcip.org/,iim_calcutta_innovation_park\iim_calcutta_innovation_park_2021-07_home.html,iim_calcutta_innovation_park\iim_calcutta_innovation_park_2021-07_home.txt,200,
IIM Calcutta Innovation Park,about,2021-07,no_snapshot,,,,,,,
IIM Calcutta Innovation Park,home,2021-08,ok,20210802154306,2021-08-02,https://web.archive.org/web/20210802154306/https://iimcip.org/,iim_calcutta_innovation_park\iim_calcutta_innovation_park_2021-08_home.html,iim_calcutta_innovation_park\iim_calcutta_innovation_park_2021-08_home.txt,200,
IIM Calcutta Innovation Park,about,2021-08,no_snapshot,,,,,,,
IIM Calcutta Innovation Park,home,2021-09,ok,20210916153007,2021-09-16,https://web.archive.org/web/20210916153007/https://iimcip.org/,iim_calcutta_innovation_park\iim_calcutta_innovation_park_2021-09_home.html,iim_calcutta_innovation_park\iim_calcutta_innovation_park_2021-09_home.txt,200,
IIM Calcutta Innovation Park,about,2021-09,ok,20210916162227,2021-09-16,https://web.archive.org/web/20210916162227/https://iimcip.org/about-us/about-iimcip/,iim_calcutta_innovation_park\iim_calcutta_innovation_park_2021-09_about.html,iim_calcutta_innovation_park\iim_calcutta_innovation_park_2021-09_about.txt,200,
IIM Calcutta Innovation Park,home,2021-10,ok,20211027013849,2021-10-27,https://web.archive.org/web/20211027013849/https://iimcip.org/,iim_calcutta_innovation_park\iim_calcutta_innovation_park_2021-10_home.html,iim_calcutta_innovation_park\iim_calcutta_innovation_park_2021-10_home.txt,200,
IIM Calcutta Innovation Park,about,2021-10,ok,20211029095821,2021-10-29,https://web.archive.org/web/20211029095821/https://iimcip.org/about-us/about-iimcip/,iim_calcutta_innovation_park\iim_calcutta_innovation_park_2021-10_about.html,iim_calcutta_innovation_park\iim_calcutta_innovation_park_2021-10_about.txt,200,
IIM Calcutta Innovation Park,home,2021-11,ok,20211129022629,2021-11-29,https://web.archive.org/web/20211129022629/https://iimcip.org/,iim_calcutta_innovation_park\iim_calcutta_innovation_park_2021-11_home.html,iim_calcutta_innovation_park\iim_calcutta_innovation_park_2021-11_home.txt,200,
IIM Calcutta Innovation Park,about,2021-11,ok,20211129032119,2021-11-29,https://web.archive.org/web/20211129032119/https://iimcip.org/about-us/about-iimcip/,iim_calcutta_innovation_park\iim_calcutta_innovation_park_2021-11_about.html,iim_calcutta_innovation_park\iim_calcutta_innovation_park_2021-11_about.txt,200,
IIM Calcutta Innovation Park,home,2021-12,ok,20211205130740,2021-12-05,https://web.archive.org/web/20211205130740/https://iimcip.org/,iim_calcutta_innovation_park\iim_calcutta_innovation_park_2021-12_home.html,iim_calcutta_innovation_park\iim_calcutta_innovation_park_2021-12_home.txt,200,
IIM Calcutta Innovation Park,about,2021-12,no_snapshot,,,,,,,
IIM Calcutta Innovation Park,home,2022-01,ok,20220126135849,2022-01-26,https://web.archive.org/web/20220126135849/https://iimcip.org/,iim_calcutta_innovation_park\iim_calcutta_innovation_park_2022-01_home.html,iim_calcutta_innovation_park\iim_calcutta_innovation_park_2022-01_home.txt,200,
IIM Calcutta Innovation Park,about,2022-01,no_snapshot,,,,,,,
IIM Calcutta Innovation Park,home,2022-02,ok,20220208070606,2022-02-08,https://web.archive.org/web/20220208070606/https://iimcip.org/,iim_calcutta_innovation_park\iim_calcutta_innovation_park_2022-02_home.html,iim_calcutta_innovation_park\iim_calcutta_innovation_park_2022-02_home.txt,200,
IIM Calcutta Innovation Park,about,2022-02,no_snapshot,,,,,,,
IIM Calcutta Innovation Park,home,2022-03,lookup_error,,,,,,,Failed after 3 attempts: timed out
IIM Calcutta Innovation Park,about,2022-03,no_snapshot,,,,,,,
IIM Calcutta Innovation Park,home,2022-04,no_snapshot,,,,,,,
IIM Calcutta Innovation Park,about,2022-04,no_snapshot,,,,,,,
IIM Calcutta Innovation Park,home,2022-05,lookup_error,,,,,,,Failed after 3 attempts: timed out
IIM Calcutta Innovation Park,about,2022-05,lookup_error,,,,,,,Failed after 3 attempts: timed out
IIM Calcutta Innovation Park,home,2022-06,no_snapshot,,,,,,,
IIM Calcutta Innovation Park,about,2022-06,no_snapshot,,,,,,,
IIM Calcutta Innovation Park,home,2022-07,ok,20220703233414,2022-07-03,https://web.archive.org/web/20220703233414/https://iimcip.org/,iim_calcutta_innovation_park\iim_calcutta_innovation_park_2022-07_home.html,iim_calcutta_innovation_park\iim_calcutta_innovation_park_2022-07_home.txt,200,
IIM Calcutta Innovation Park,about,2022-07,no_snapshot,,,,,,,
IIM Calcutta Innovation Park,home,2022-08,ok,20220810105256,2022-08-10,https://web.archive.org/web/20220810105256/https://iimcip.org/,iim_calcutta_innovation_park\iim_calcutta_innovation_park_2022-08_home.html,iim_calcutta_innovation_park\iim_calcutta_innovation_park_2022-08_home.txt,200,
IIM Calcutta Innovation Park,about,2022-08,no_snapshot,,,,,,,
IIM Calcutta Innovation Park,home,2022-09,no_snapshot,,,,,,,
IIM Calcutta Innovation Park,about,2022-09,no_snapshot,,,,,,,
IIM Calcutta Innovation Park,home,2022-10,ok,20221007223509,2022-10-07,https://web.archive.org/web/20221007223509/https://iimcip.org/,iim_calcutta_innovation_park\iim_calcutta_innovation_park_2022-10_home.html,iim_calcutta_innovation_park\iim_calcutta_innovation_park_2022-10_home.txt,200,
IIM Calcutta Innovation Park,about,2022-10,no_snapshot,,,,,,,
IIM Calcutta Innovation Park,home,2022-11,ok,20221130184554,2022-11-30,https://web.archive.org/web/20221130184554/https://iimcip.org/,iim_calcutta_innovation_park\iim_calcutta_innovation_park_2022-11_home.html,iim_calcutta_innovation_park\iim_calcutta_innovation_park_2022-11_home.txt,200,
IIM Calcutta Innovation Park,about,2022-11,no_snapshot,,,,,,,
IIM Calcutta Innovation Park,home,2022-12,ok,20221208055248,2022-12-08,https://web.archive.org/web/20221208055248/https://iimcip.org/,iim_calcutta_innovation_park\iim_calcutta_innovation_park_2022-12_home.html,iim_calcutta_innovation_park\iim_calcutta_innovation_park_2022-12_home.txt,200,
IIM Calcutta Innovation Park,about,2022-12,no_snapshot,,,,,,,
IIM Calcutta Innovation Park,home,2023-01,ok,20230130174554,2023-01-30,https://web.archive.org/web/20230130174554/https://iimcip.org/,iim_calcutta_innovation_park\iim_calcutta_innovation_park_2023-01_home.html,iim_calcutta_innovation_park\iim_calcutta_innovation_park_2023-01_home.txt,200,
IIM Calcutta Innovation Park,about,2023-01,ok,20230130174125,2023-01-30,https://web.archive.org/web/20230130174125/http://iimcip.org/about-us/about-iimcip/,iim_calcutta_innovation_park\iim_calcutta_innovation_park_2023-01_about.html,iim_calcutta_innovation_park\iim_calcutta_innovation_park_2023-01_about.txt,200,
IIM Calcutta Innovation Park,home,2023-02,ok,20230224094735,2023-02-24,https://web.archive.org/web/20230224094735/https://iimcip.org/,iim_calcutta_innovation_park\iim_calcutta_innovation_park_2023-02_home.html,iim_calcutta_innovation_park\iim_calcutta_innovation_park_2023-02_home.txt,200,
IIM Calcutta Innovation Park,about,2023-02,no_snapshot,,,,,,,
IIM Calcutta Innovation Park,home,2023-03,lookup_error,,,,,,,Failed after 3 attempts: timed out
IIM Calcutta Innovation Park,about,2023-03,no_snapshot,,,,,,,
IIM Calcutta Innovation Park,home,2023-04,no_snapshot,,,,,,,
IIM Calcutta Innovation Park,about,2023-04,no_snapshot,,,,,,,
IIM Calcutta Innovation Park,home,2023-05,no_snapshot,,,,,,,
IIM Calcutta Innovation Park,about,2023-05,no_snapshot,,,,,,,
IIM Calcutta Innovation Park,home,2023-06,ok,20230601063953,2023-06-01,https://web.archive.org/web/20230601063953/https://iimcip.org/,iim_calcutta_innovation_park\iim_calcutta_innovation_park_2023-06_home.html,iim_calcutta_innovation_park\iim_calcutta_innovation_park_2023-06_home.txt,200,
IIM Calcutta Innovation Park,about,2023-06,ok,20230610140833,2023-06-10,https://web.archive.org/web/20230610140833/http://iimcip.org/about-us/about-iimcip/,iim_calcutta_innovation_park\iim_calcutta_innovation_park_2023-06_about.html,iim_calcutta_innovation_park\iim_calcutta_innovation_park_2023-06_about.txt,200,
IIM Calcutta Innovation Park,home,2023-07,no_snapshot,,,,,,,
IIM Calcutta Innovation Park,about,2023-07,no_snapshot,,,,,,,
IIM Calcutta Innovation Park,home,2023-08,no_snapshot,,,,,,,
IIM Calcutta Innovation Park,about,2023-08,no_snapshot,,,,,,,
IIM Calcutta Innovation Park,home,2023-09,ok,20230927212919,2023-09-27,https://web.archive.org/web/20230927212919/https://iimcip.org/,iim_calcutta_innovation_park\iim_calcutta_innovation_park_2023-09_home.html,iim_calcutta_innovation_park\iim_calcutta_innovation_park_2023-09_home.txt,200,
IIM Calcutta Innovation Park,about,2023-09,lookup_error,,,,,,,Failed after 3 attempts: timed out
IIM Calcutta Innovation Park,home,2023-10,no_snapshot,,,,,,,
IIM Calcutta Innovation Park,about,2023-10,no_snapshot,,,,,,,
IIM Calcutta Innovation Park,home,2023-11,ok,20231103102508,2023-11-03,https://web.archive.org/web/20231103102508/http://iimcip.org/,iim_calcutta_innovation_park\iim_calcutta_innovation_park_2023-11_home.html,iim_calcutta_innovation_park\iim_calcutta_innovation_park_2023-11_home.txt,200,
IIM Calcutta Innovation Park,about,2023-11,no_snapshot,,,,,,,
IIM Calcutta Innovation Park,home,2023-12,ok,20231202182940,2023-12-02,https://web.archive.org/web/20231202182940/http://iimcip.org/,iim_calcutta_innovation_park\iim_calcutta_innovation_park_2023-12_home.html,iim_calcutta_innovation_park\iim_calcutta_innovation_park_2023-12_home.txt,200,
IIM Calcutta Innovation Park,about,2023-12,ok,20231211022150,2023-12-11,https://web.archive.org/web/20231211022150/http://iimcip.org/about-us/about-iimcip/,iim_calcutta_innovation_park\iim_calcutta_innovation_park_2023-12_about.html,iim_calcutta_innovation_park\iim_calcutta_innovation_park_2023-12_about.txt,200,
IIM Calcutta Innovation Park,home,2024-01,no_snapshot,,,,,,,
IIM Calcutta Innovation Park,about,2024-01,no_snapshot,,,,,,,
IIM Calcutta Innovation Park,home,2024-02,ok,20240221112941,2024-02-21,https://web.archive.org/web/20240221112941/https://iimcip.org/,iim_calcutta_innovation_park\iim_calcutta_innovation_park_2024-02_home.html,iim_calcutta_innovation_park\iim_calcutta_innovation_park_2024-02_home.txt,200,
IIM Calcutta Innovation Park,about,2024-02,no_snapshot,,,,,,,
IIM Calcutta Innovation Park,home,2024-03,ok,20240302200141,2024-03-02,https://web.archive.org/web/20240302200141/http://iimcip.org/,iim_calcutta_innovation_park\iim_calcutta_innovation_park_2024-03_home.html,iim_calcutta_innovation_park\iim_calcutta_innovation_park_2024-03_home.txt,200,
IIM Calcutta Innovation Park,about,2024-03,no_snapshot,,,,,,,
IIM Calcutta Innovation Park,home,2024-04,no_snapshot,,,,,,,
IIM Calcutta Innovation Park,about,2024-04,lookup_error,,,,,,,Failed after 3 attempts: timed out
IIM Calcutta Innovation Park,home,2024-05,ok,20240518034247,2024-05-18,https://web.archive.org/web/20240518034247/http://iimcip.org/,iim_calcutta_innovation_park\iim_calcutta_innovation_park_2024-05_home.html,iim_calcutta_innovation_park\iim_calcutta_innovation_park_2024-05_home.txt,200,
IIM Calcutta Innovation Park,about,2024-05,ok,20240518162507,2024-05-18,https://web.archive.org/web/20240518162507/http://iimcip.org/about-us/about-iimcip/,iim_calcutta_innovation_park\iim_calcutta_innovation_park_2024-05_about.html,iim_calcutta_innovation_park\iim_calcutta_innovation_park_2024-05_about.txt,200,
IIM Calcutta Innovation Park,home,2024-06,ok,20240607235429,2024-06-07,https://web.archive.org/web/20240607235429/https://iimcip.org/,iim_calcutta_innovation_park\iim_calcutta_innovation_park_2024-06_home.html,iim_calcutta_innovation_park\iim_calcutta_innovation_park_2024-06_home.txt,200,
IIM Calcutta Innovation Park,about,2024-06,ok,20240609065946,2024-06-09,https://web.archive.org/web/20240609065946/https://iimcip.org/about-us/about-iimcip/,iim_calcutta_innovation_park\iim_calcutta_innovation_park_2024-06_about.html,iim_calcutta_innovation_park\iim_calcutta_innovation_park_2024-06_about.txt,200,
IIM Calcutta Innovation Park,home,2024-07,ok,20240702173446,2024-07-02,https://web.archive.org/web/20240702173446/https://iimcip.org/,iim_calcutta_innovation_park\iim_calcutta_innovation_park_2024-07_home.html,iim_calcutta_innovation_park\iim_calcutta_innovation_park_2024-07_home.txt,200,
IIM Calcutta Innovation Park,about,2024-07,ok,20240702203038,2024-07-02,https://web.archive.org/web/20240702203038/https://iimcip.org/about-us/about-iimcip/,iim_calcutta_innovation_park\iim_calcutta_innovation_park_2024-07_about.html,iim_calcutta_innovation_park\iim_calcutta_innovation_park_2024-07_about.txt,200,
IIM Calcutta Innovation Park,home,2024-08,ok,20240810191650,2024-08-10,https://web.archive.org/web/20240810191650/https://iimcip.org/,iim_calcutta_innovation_park\iim_calcutta_innovation_park_2024-08_home.html,iim_calcutta_innovation_park\iim_calcutta_innovation_park_2024-08_home.txt,200,
IIM Calcutta Innovation Park,about,2024-08,no_snapshot,,,,,,,
IIM Calcutta Innovation Park,home,2024-09,ok,20240910071908,2024-09-10,https://web.archive.org/web/20240910071908/https://iimcip.org/,iim_calcutta_innovation_park\iim_calcutta_innovation_park_2024-09_home.html,iim_calcutta_innovation_park\iim_calcutta_innovation_park_2024-09_home.txt,200,
IIM Calcutta Innovation Park,about,2024-09,ok,20240910071455,2024-09-10,https://web.archive.org/web/20240910071455/http://iimcip.org/about-us/about-iimcip/,iim_calcutta_innovation_park\iim_calcutta_innovation_park_2024-09_about.html,iim_calcutta_innovation_park\iim_calcutta_innovation_park_2024-09_about.txt,200,
IIM Calcutta Innovation Park,home,2024-10,ok,20241004235512,2024-10-04,https://web.archive.org/web/20241004235512/https://iimcip.org/,iim_calcutta_innovation_park\iim_calcutta_innovation_park_2024-10_home.html,iim_calcutta_innovation_park\iim_calcutta_innovation_park_2024-10_home.txt,200,
IIM Calcutta Innovation Park,about,2024-10,no_snapshot,,,,,,,
IIM Calcutta Innovation Park,home,2024-11,ok,20241108041626,2024-11-08,https://web.archive.org/web/20241108041626/https://iimcip.org/,iim_calcutta_innovation_park\iim_calcutta_innovation_park_2024-11_home.html,iim_calcutta_innovation_park\iim_calcutta_innovation_park_2024-11_home.txt,200,
IIM Calcutta Innovation Park,about,2024-11,ok,20241108041814,2024-11-08,https://web.archive.org/web/20241108041814/https://iimcip.org/about-us/about-iimcip/,iim_calcutta_innovation_park\iim_calcutta_innovation_park_2024-11_about.html,iim_calcutta_innovation_park\iim_calcutta_innovation_park_2024-11_about.txt,200,
IIM Calcutta Innovation Park,home,2024-12,lookup_error,,,,,,,Failed after 3 attempts: timed out
IIM Calcutta Innovation Park,about,2024-12,no_snapshot,,,,,,,
IIM Calcutta Innovation Park,home,2025-01,ok,20250111203923,2025-01-11,https://web.archive.org/web/20250111203923/http://iimcip.org/,iim_calcutta_innovation_park\iim_calcutta_innovation_park_2025-01_home.html,iim_calcutta_innovation_park\iim_calcutta_innovation_park_2025-01_home.txt,200,
IIM Calcutta Innovation Park,about,2025-01,ok,20250113095522,2025-01-13,https://web.archive.org/web/20250113095522/http://iimcip.org/about-us/about-iimcip/,iim_calcutta_innovation_park\iim_calcutta_innovation_park_2025-01_about.html,iim_calcutta_innovation_park\iim_calcutta_innovation_park_2025-01_about.txt,200,
IIM Calcutta Innovation Park,home,2025-02,no_snapshot,,,,,,,
IIM Calcutta Innovation Park,about,2025-02,no_snapshot,,,,,,,
IIM Calcutta Innovation Park,home,2025-03,ok,20250313223919,2025-03-13,https://web.archive.org/web/20250313223919/https://iimcip.org/,iim_calcutta_innovation_park\iim_calcutta_innovation_park_2025-03_home.html,iim_calcutta_innovation_park\iim_calcutta_innovation_park_2025-03_home.txt,200,
IIM Calcutta Innovation Park,about,2025-03,ok,20250322230922,2025-03-22,https://web.archive.org/web/20250322230922/https://iimcip.org/about-us/about-iimcip/,iim_calcutta_innovation_park\iim_calcutta_innovation_park_2025-03_about.html,iim_calcutta_innovation_park\iim_calcutta_innovation_park_2025-03_about.txt,200,
IIM Calcutta Innovation Park,home,2025-04,ok,20250404131605,2025-04-04,https://web.archive.org/web/20250404131605/https://iimcip.org/,iim_calcutta_innovation_park\iim_calcutta_innovation_park_2025-04_home.html,iim_calcutta_innovation_park\iim_calcutta_innovation_park_2025-04_home.txt,200,
IIM Calcutta Innovation Park,about,2025-04,ok,20250404151010,2025-04-04,https://web.archive.org/web/20250404151010/https://iimcip.org/about-us/about-iimcip/,iim_calcutta_innovation_park\iim_calcutta_innovation_park_2025-04_about.html,iim_calcutta_innovation_park\iim_calcutta_innovation_park_2025-04_about.txt,200,
IIM Calcutta Innovation Park,home,2025-05,ok,20250524062401,2025-05-24,https://web.archive.org/web/20250524062401/https://iimcip.org/,iim_calcutta_innovation_park\iim_calcutta_innovation_park_2025-05_home.html,iim_calcutta_innovation_park\iim_calcutta_innovation_park_2025-05_home.txt,200,
IIM Calcutta Innovation Park,about,2025-05,ok,20250526040352,2025-05-26,https://web.archive.org/web/20250526040352/https://iimcip.org/about-us/about-iimcip/,iim_calcutta_innovation_park\iim_calcutta_innovation_park_2025-05_about.html,iim_calcutta_innovation_park\iim_calcutta_innovation_park_2025-05_about.txt,200,
IIM Calcutta Innovation Park,home,2025-06,ok,20250606151308,2025-06-06,https://web.archive.org/web/20250606151308/http://soujit.das@iimcip.org/,iim_calcutta_innovation_park\iim_calcutta_innovation_park_2025-06_home.html,iim_calcutta_innovation_park\iim_calcutta_innovation_park_2025-06_home.txt,200,
IIM Calcutta Innovation Park,about,2025-06,ok,20250616185212,2025-06-16,https://web.archive.org/web/20250616185212/http://iimcip.org/about-us/about-iimcip/,iim_calcutta_innovation_park\iim_calcutta_innovation_park_2025-06_about.html,iim_calcutta_innovation_park\iim_calcutta_innovation_park_2025-06_about.txt,200,
IIM Calcutta Innovation Park,home,2025-07,ok,20250711013211,2025-07-11,https://web.archive.org/web/20250711013211/https://iimcip.org/,iim_calcutta_innovation_park\iim_calcutta_innovation_park_2025-07_home.html,iim_calcutta_innovation_park\iim_calcutta_innovation_park_2025-07_home.txt,200,
IIM Calcutta Innovation Park,about,2025-07,no_snapshot,,,,,,,
IIM Calcutta Innovation Park,home,2025-08,ok,20250810125737,2025-08-10,https://web.archive.org/web/20250810125737/https://iimcip.org/,iim_calcutta_innovation_park\iim_calcutta_innovation_park_2025-08_home.html,iim_calcutta_innovation_park\iim_calcutta_innovation_park_2025-08_home.txt,200,
IIM Calcutta Innovation Park,about,2025-08,ok,20250816032339,2025-08-16,https://web.archive.org/web/20250816032339/https://iimcip.org/about-us/about-iimcip/,iim_calcutta_innovation_park\iim_calcutta_innovation_park_2025-08_about.html,iim_calcutta_innovation_park\iim_calcutta_innovation_park_2025-08_about.txt,200,
IIM Calcutta Innovation Park,home,2025-09,ok,20250910232335,2025-09-10,https://web.archive.org/web/20250910232335/https://iimcip.org/,iim_calcutta_innovation_park\iim_calcutta_innovation_park_2025-09_home.html,iim_calcutta_innovation_park\iim_calcutta_innovation_park_2025-09_home.txt,200,
IIM Calcutta Innovation Park,about,2025-09,ok,20250917164319,2025-09-17,https://web.archive.org/web/20250917164319/https://iimcip.org/about-us/about-iimcip/,iim_calcutta_innovation_park\iim_calcutta_innovation_park_2025-09_about.html,iim_calcutta_innovation_park\iim_calcutta_innovation_park_2025-09_about.txt,200,
IIM Calcutta Innovation Park,home,2025-10,ok,20251008033412,2025-10-08,https://web.archive.org/web/20251008033412/https://iimcip.org/,iim_calcutta_innovation_park\iim_calcutta_innovation_park_2025-10_home.html,iim_calcutta_innovation_park\iim_calcutta_innovation_park_2025-10_home.txt,200,
IIM Calcutta Innovation Park,about,2025-10,ok,20251008033152,2025-10-08,https://web.archive.org/web/20251008033152/http://iimcip.org/about-us/about-iimcip/,iim_calcutta_innovation_park\iim_calcutta_innovation_park_2025-10_about.html,iim_calcutta_innovation_park\iim_calcutta_innovation_park_2025-10_about.txt,200,
IIM Calcutta Innovation Park,home,2025-11,ok,20251115225010,2025-11-15,https://web.archive.org/web/20251115225010/https://iimcip.org/,iim_calcutta_innovation_park\iim_calcutta_innovation_park_2025-11_home.html,iim_calcutta_innovation_park\iim_calcutta_innovation_park_2025-11_home.txt,200,
IIM Calcutta Innovation Park,about,2025-11,ok,20251115231309,2025-11-15,https://web.archive.org/web/20251115231309/https://iimcip.org/about-us/about-iimcip/,iim_calcutta_innovation_park\iim_calcutta_innovation_park_2025-11_about.html,iim_calcutta_innovation_park\iim_calcutta_innovation_park_2025-11_about.txt,200,
IIM Calcutta Innovation Park,home,2025-12,ok,20251204124123,2025-12-04,https://web.archive.org/web/20251204124123/https://iimcip.org/,iim_calcutta_innovation_park\iim_calcutta_innovation_park_2025-12_home.html,iim_calcutta_innovation_park\iim_calcutta_innovation_park_2025-12_home.txt,200,
IIM Calcutta Innovation Park,about,2025-12,ok,20251204125653,2025-12-04,https://web.archive.org/web/20251204125653/https://iimcip.org/about-us/about-iimcip/,iim_calcutta_innovation_park\iim_calcutta_innovation_park_2025-12_about.html,iim_calcutta_innovation_park\iim_calcutta_innovation_park_2025-12_about.txt,200,
IIM Calcutta Innovation Park,home,2026-01,ok,20260117095413,2026-01-17,https://web.archive.org/web/20260117095413/https://iimcip.org/,iim_calcutta_innovation_park\iim_calcutta_innovation_park_2026-01_home.html,iim_calcutta_innovation_park\iim_calcutta_innovation_park_2026-01_home.txt,200,
IIM Calcutta Innovation Park,about,2026-01,ok,20260117094855,2026-01-17,https://web.archive.org/web/20260117094855/http://iimcip.org/about-us/about-iimcip/,iim_calcutta_innovation_park\iim_calcutta_innovation_park_2026-01_about.html,iim_calcutta_innovation_park\iim_calcutta_innovation_park_2026-01_about.txt,200,
IIM Calcutta Innovation Park,home,2026-02,ok,20260205113812,2026-02-05,https://web.archive.org/web/20260205113812/https://iimcip.org/,iim_calcutta_innovation_park\iim_calcutta_innovation_park_2026-02_home.html,iim_calcutta_innovation_park\iim_calcutta_innovation_park_2026-02_home.txt,200,
IIM Calcutta Innovation Park,about,2026-02,ok,20260205114112,2026-02-05,https://web.archive.org/web/20260205114112/https://iimcip.org/about-us/about-iimcip/,iim_calcutta_innovation_park\iim_calcutta_innovation_park_2026-02_about.html,iim_calcutta_innovation_park\iim_calcutta_innovation_park_2026-02_about.txt,200,
IIM Calcutta Innovation Park,home,2026-03,ok,20260308085913,2026-03-08,https://web.archive.org/web/20260308085913/https://iimcip.org/,iim_calcutta_innovation_park\iim_calcutta_innovation_park_2026-03_home.html,iim_calcutta_innovation_park\iim_calcutta_innovation_park_2026-03_home.txt,200,
IIM Calcutta Innovation Park,about,2026-03,ok,20260308090138,2026-03-08,https://web.archive.org/web/20260308090138/https://iimcip.org/about-us/about-iimcip/,iim_calcutta_innovation_park\iim_calcutta_innovation_park_2026-03_about.html,iim_calcutta_innovation_park\iim_calcutta_innovation_park_2026-03_about.txt,200,
IIM Calcutta Innovation Park,home,2026-04,ok,20260403061054,2026-04-03,https://web.archive.org/web/20260403061054/https://iimcip.org/,iim_calcutta_innovation_park\iim_calcutta_innovation_park_2026-04_home.html,iim_calcutta_innovation_park\iim_calcutta_innovation_park_2026-04_home.txt,200,
IIM Calcutta Innovation Park,about,2026-04,ok,20260403061737,2026-04-03,https://web.archive.org/web/20260403061737/https://iimcip.org/about-us/about-iimcip/,iim_calcutta_innovation_park\iim_calcutta_innovation_park_2026-04_about.html,iim_calcutta_innovation_park\iim_calcutta_innovation_park_2026-04_about.txt,200,
IIM Calcutta Innovation Park,home,2026-05,ok,20260516045924,2026-05-16,https://web.archive.org/web/20260516045924/https://iimcip.org/,iim_calcutta_innovation_park\iim_calcutta_innovation_park_2026-05_home.html,iim_calcutta_innovation_park\iim_calcutta_innovation_park_2026-05_home.txt,200,
IIM Calcutta Innovation Park,about,2026-05,no_snapshot,,,,,,,
IIM Calcutta Innovation Park,home,2026-06,ok,20260606043231,2026-06-06,https://web.archive.org/web/20260606043231/https://iimcip.org/,iim_calcutta_innovation_park\iim_calcutta_innovation_park_2026-06_home.html,iim_calcutta_innovation_park\iim_calcutta_innovation_park_2026-06_home.txt,200,
IIM Calcutta Innovation Park,about,2026-06,no_snapshot,,,,,,,
IIM Calcutta Innovation Park,home,2026-07,no_snapshot,,,,,,,
IIM Calcutta Innovation Park,about,2026-07,no_snapshot,,,,,,,
IIM Calcutta Innovation Park,home,2026-08,no_snapshot,,,,,,,
IIM Calcutta Innovation Park,about,2026-08,no_snapshot,,,,,,,
IIM Calcutta Innovation Park,home,2026-09,no_snapshot,,,,,,,
IIM Calcutta Innovation Park,about,2026-09,no_snapshot,,,,,,,
Venture Center,home,2017-01,no_snapshot,,,,,,,
Venture Center,about,2017-01,no_snapshot,,,,,,,
Venture Center,home,2017-02,ok,20170211165811,2017-02-11,https://web.archive.org/web/20170211165811/http://www.venturecenter.co.in/,venture_center\venture_center_2017-02_home.html,venture_center\venture_center_2017-02_home.txt,200,
Venture Center,about,2017-02,no_snapshot,,,,,,,
Venture Center,home,2017-03,ok,20170308200132,2017-03-08,https://web.archive.org/web/20170308200132/http://venturecenter.co.in:80/,venture_center\venture_center_2017-03_home.html,venture_center\venture_center_2017-03_home.txt,200,
Venture Center,about,2017-03,no_snapshot,,,,,,,
Venture Center,home,2017-04,no_snapshot,,,,,,,
Venture Center,about,2017-04,no_snapshot,,,,,,,
Venture Center,home,2017-05,ok,20170511013421,2017-05-11,https://web.archive.org/web/20170511013421/http://www.venturecenter.co.in:80/,venture_center\venture_center_2017-05_home.html,venture_center\venture_center_2017-05_home.txt,200,
Venture Center,about,2017-05,no_snapshot,,,,,,,
Venture Center,home,2017-06,ok,20170603205501,2017-06-03,https://web.archive.org/web/20170603205501/http://venturecenter.co.in/,venture_center\venture_center_2017-06_home.html,venture_center\venture_center_2017-06_home.txt,200,
Venture Center,about,2017-06,no_snapshot,,,,,,,
Venture Center,home,2017-07,ok,20170707145325,2017-07-07,https://web.archive.org/web/20170707145325/http://venturecenter.co.in:80/,venture_center\venture_center_2017-07_home.html,venture_center\venture_center_2017-07_home.txt,200,
Venture Center,about,2017-07,no_snapshot,,,,,,,
Venture Center,home,2017-08,ok,20170805053310,2017-08-05,https://web.archive.org/web/20170805053310/http://www.venturecenter.co.in:80/,venture_center\venture_center_2017-08_home.html,venture_center\venture_center_2017-08_home.txt,200,
Venture Center,about,2017-08,no_snapshot,,,,,,,
Venture Center,home,2017-09,ok,20170904163103,2017-09-04,https://web.archive.org/web/20170904163103/http://www.venturecenter.co.in:80/,venture_center\venture_center_2017-09_home.html,venture_center\venture_center_2017-09_home.txt,200,
Venture Center,about,2017-09,no_snapshot,,,,,,,
Venture Center,home,2017-10,ok,20171006111557,2017-10-06,https://web.archive.org/web/20171006111557/http://www.venturecenter.co.in:80/,venture_center\venture_center_2017-10_home.html,venture_center\venture_center_2017-10_home.txt,200,
Venture Center,about,2017-10,no_snapshot,,,,,,,
Venture Center,home,2017-11,ok,20171108084239,2017-11-08,https://web.archive.org/web/20171108084239/http://www.venturecenter.co.in:80/,venture_center\venture_center_2017-11_home.html,venture_center\venture_center_2017-11_home.txt,200,
Venture Center,about,2017-11,no_snapshot,,,,,,,
Venture Center,home,2017-12,ok,20171213175446,2017-12-13,https://web.archive.org/web/20171213175446/http://venturecenter.co.in:80/,venture_center\venture_center_2017-12_home.html,venture_center\venture_center_2017-12_home.txt,200,
Venture Center,about,2017-12,no_snapshot,,,,,,,
Venture Center,home,2018-01,ok,20180124050743,2018-01-24,https://web.archive.org/web/20180124050743/http://venturecenter.co.in:80/,venture_center\venture_center_2018-01_home.html,venture_center\venture_center_2018-01_home.txt,200,
Venture Center,about,2018-01,no_snapshot,,,,,,,
Venture Center,home,2018-02,ok,20180221144304,2018-02-21,https://web.archive.org/web/20180221144304/http://www.venturecenter.co.in:80/,venture_center\venture_center_2018-02_home.html,venture_center\venture_center_2018-02_home.txt,200,
Venture Center,about,2018-02,no_snapshot,,,,,,,
Venture Center,home,2018-03,ok,20180308003444,2018-03-08,https://web.archive.org/web/20180308003444/http://www.venturecenter.co.in/,venture_center\venture_center_2018-03_home.html,venture_center\venture_center_2018-03_home.txt,200,
Venture Center,about,2018-03,no_snapshot,,,,,,,
Venture Center,home,2018-04,ok,20180408083731,2018-04-08,https://web.archive.org/web/20180408083731/http://www.venturecenter.co.in/,venture_center\venture_center_2018-04_home.html,venture_center\venture_center_2018-04_home.txt,200,
Venture Center,about,2018-04,no_snapshot,,,,,,,
Venture Center,home,2018-05,ok,20180506023751,2018-05-06,https://web.archive.org/web/20180506023751/http://www.venturecenter.co.in/,venture_center\venture_center_2018-05_home.html,venture_center\venture_center_2018-05_home.txt,200,
Venture Center,about,2018-05,no_snapshot,,,,,,,
Venture Center,home,2018-06,ok,20180616031728,2018-06-16,https://web.archive.org/web/20180616031728/http://www.venturecenter.co.in/,venture_center\venture_center_2018-06_home.html,venture_center\venture_center_2018-06_home.txt,200,
Venture Center,about,2018-06,no_snapshot,,,,,,,
Venture Center,home,2018-07,ok,20180708021617,2018-07-08,https://web.archive.org/web/20180708021617/http://www.venturecenter.co.in/,venture_center\venture_center_2018-07_home.html,venture_center\venture_center_2018-07_home.txt,200,
Venture Center,about,2018-07,no_snapshot,,,,,,,
Venture Center,home,2018-08,ok,20180804193346,2018-08-04,https://web.archive.org/web/20180804193346/http://venturecenter.co.in/,venture_center\venture_center_2018-08_home.html,venture_center\venture_center_2018-08_home.txt,200,
Venture Center,about,2018-08,no_snapshot,,,,,,,
Venture Center,home,2018-09,ok,20180901110552,2018-09-01,https://web.archive.org/web/20180901110552/http://venturecenter.co.in:80/,venture_center\venture_center_2018-09_home.html,venture_center\venture_center_2018-09_home.txt,200,
Venture Center,about,2018-09,no_snapshot,,,,,,,
Venture Center,home,2018-10,ok,20181002225158,2018-10-02,https://web.archive.org/web/20181002225158/http://venturecenter.co.in:80/,venture_center\venture_center_2018-10_home.html,venture_center\venture_center_2018-10_home.txt,200,
Venture Center,about,2018-10,no_snapshot,,,,,,,
Venture Center,home,2018-11,ok,20181104030017,2018-11-04,https://web.archive.org/web/20181104030017/http://www.venturecenter.co.in/,venture_center\venture_center_2018-11_home.html,venture_center\venture_center_2018-11_home.txt,200,
Venture Center,about,2018-11,no_snapshot,,,,,,,
Venture Center,home,2018-12,ok,20181209024941,2018-12-09,https://web.archive.org/web/20181209024941/http://www.venturecenter.co.in/,venture_center\venture_center_2018-12_home.html,venture_center\venture_center_2018-12_home.txt,200,
Venture Center,about,2018-12,no_snapshot,,,,,,,
Venture Center,home,2019-01,ok,20190102220157,2019-01-02,https://web.archive.org/web/20190102220157/http://venturecenter.co.in/,venture_center\venture_center_2019-01_home.html,venture_center\venture_center_2019-01_home.txt,200,
Venture Center,about,2019-01,no_snapshot,,,,,,,
Venture Center,home,2019-02,ok,20190217021453,2019-02-17,https://web.archive.org/web/20190217021453/http://www.venturecenter.co.in/,venture_center\venture_center_2019-02_home.html,venture_center\venture_center_2019-02_home.txt,200,
Venture Center,about,2019-02,no_snapshot,,,,,,,
Venture Center,home,2019-03,ok,20190303023528,2019-03-03,https://web.archive.org/web/20190303023528/http://www.venturecenter.co.in/,venture_center\venture_center_2019-03_home.html,venture_center\venture_center_2019-03_home.txt,200,
Venture Center,about,2019-03,no_snapshot,,,,,,,
Venture Center,home,2019-04,no_snapshot,,,,,,,
Venture Center,about,2019-04,no_snapshot,,,,,,,
Venture Center,home,2019-05,no_snapshot,,,,,,,
Venture Center,about,2019-05,no_snapshot,,,,,,,
Venture Center,home,2019-06,ok,20190608054902,2019-06-08,https://web.archive.org/web/20190608054902/http://venturecenter.co.in:80/,venture_center\venture_center_2019-06_home.html,venture_center\venture_center_2019-06_home.txt,200,
Venture Center,about,2019-06,no_snapshot,,,,,,,
Venture Center,home,2019-07,ok,20190715193440,2019-07-15,https://web.archive.org/web/20190715193440/http://venturecenter.co.in:80/,venture_center\venture_center_2019-07_home.html,venture_center\venture_center_2019-07_home.txt,200,
Venture Center,about,2019-07,no_snapshot,,,,,,,
Venture Center,home,2019-08,ok,20190816203704,2019-08-16,https://web.archive.org/web/20190816203704/http://venturecenter.co.in/,venture_center\venture_center_2019-08_home.html,venture_center\venture_center_2019-08_home.txt,200,
Venture Center,about,2019-08,no_snapshot,,,,,,,
Venture Center,home,2019-09,ok,20190901113118,2019-09-01,https://web.archive.org/web/20190901113118/http://www.venturecenter.co.in:80/,venture_center\venture_center_2019-09_home.html,venture_center\venture_center_2019-09_home.txt,200,
Venture Center,about,2019-09,no_snapshot,,,,,,,
Venture Center,home,2019-10,ok,20191003110908,2019-10-03,https://web.archive.org/web/20191003110908/http://www.venturecenter.co.in:80/,venture_center\venture_center_2019-10_home.html,venture_center\venture_center_2019-10_home.txt,200,
Venture Center,about,2019-10,no_snapshot,,,,,,,
Venture Center,home,2019-11,ok,20191110081804,2019-11-10,https://web.archive.org/web/20191110081804/http://venturecenter.co.in:80/,venture_center\venture_center_2019-11_home.html,venture_center\venture_center_2019-11_home.txt,200,
Venture Center,about,2019-11,no_snapshot,,,,,,,
Venture Center,home,2019-12,ok,20191205221935,2019-12-05,https://web.archive.org/web/20191205221935/https://www.venturecenter.co.in/,venture_center\venture_center_2019-12_home.html,venture_center\venture_center_2019-12_home.txt,200,
Venture Center,about,2019-12,no_snapshot,,,,,,,
Venture Center,home,2020-01,ok,20200111001235,2020-01-11,https://web.archive.org/web/20200111001235/http://venturecenter.co.in:80/,venture_center\venture_center_2020-01_home.html,venture_center\venture_center_2020-01_home.txt,200,
Venture Center,about,2020-01,no_snapshot,,,,,,,
Venture Center,home,2020-02,ok,20200216130638,2020-02-16,https://web.archive.org/web/20200216130638/http://venturecenter.co.in:80/,venture_center\venture_center_2020-02_home.html,venture_center\venture_center_2020-02_home.txt,200,
Venture Center,about,2020-02,no_snapshot,,,,,,,
Venture Center,home,2020-03,no_snapshot,,,,,,,
Venture Center,about,2020-03,no_snapshot,,,,,,,
Venture Center,home,2020-04,ok,20200415061157,2020-04-15,https://web.archive.org/web/20200415061157/http://www.venturecenter.co.in:80/,venture_center\venture_center_2020-04_home.html,venture_center\venture_center_2020-04_home.txt,200,
Venture Center,about,2020-04,no_snapshot,,,,,,,
Venture Center,home,2020-05,ok,20200511053612,2020-05-11,https://web.archive.org/web/20200511053612/https://venturecenter.co.in/,venture_center\venture_center_2020-05_home.html,venture_center\venture_center_2020-05_home.txt,200,
Venture Center,about,2020-05,no_snapshot,,,,,,,
Venture Center,home,2020-06,ok,20200614112025,2020-06-14,https://web.archive.org/web/20200614112025/http://www.venturecenter.co.in:80/,venture_center\venture_center_2020-06_home.html,venture_center\venture_center_2020-06_home.txt,200,
Venture Center,about,2020-06,no_snapshot,,,,,,,
Venture Center,home,2020-07,ok,20200714162239,2020-07-14,https://web.archive.org/web/20200714162239/http://www.venturecenter.co.in:80/,venture_center\venture_center_2020-07_home.html,venture_center\venture_center_2020-07_home.txt,200,
Venture Center,about,2020-07,no_snapshot,,,,,,,
Venture Center,home,2020-08,ok,20200813214246,2020-08-13,https://web.archive.org/web/20200813214246/http://www.venturecenter.co.in:80/,venture_center\venture_center_2020-08_home.html,venture_center\venture_center_2020-08_home.txt,200,
Venture Center,about,2020-08,no_snapshot,,,,,,,
Venture Center,home,2020-09,ok,20200918135141,2020-09-18,https://web.archive.org/web/20200918135141/https://www.venturecenter.co.in/,venture_center\venture_center_2020-09_home.html,venture_center\venture_center_2020-09_home.txt,200,
Venture Center,about,2020-09,no_snapshot,,,,,,,
Venture Center,home,2020-10,ok,20201003210245,2020-10-03,https://web.archive.org/web/20201003210245/http://www.venturecenter.co.in/,venture_center\venture_center_2020-10_home.html,venture_center\venture_center_2020-10_home.txt,200,
Venture Center,about,2020-10,no_snapshot,,,,,,,
Venture Center,home,2020-11,ok,20201101144808,2020-11-01,https://web.archive.org/web/20201101144808/http://www.venturecenter.co.in/,venture_center\venture_center_2020-11_home.html,venture_center\venture_center_2020-11_home.txt,200,
Venture Center,about,2020-11,no_snapshot,,,,,,,
Venture Center,home,2020-12,ok,20201205024658,2020-12-05,https://web.archive.org/web/20201205024658/https://www.venturecenter.co.in/,venture_center\venture_center_2020-12_home.html,venture_center\venture_center_2020-12_home.txt,200,
Venture Center,about,2020-12,no_snapshot,,,,,,,
Venture Center,home,2021-01,ok,20210102180506,2021-01-02,https://web.archive.org/web/20210102180506/http://www.venturecenter.co.in/,venture_center\venture_center_2021-01_home.html,venture_center\venture_center_2021-01_home.txt,200,
Venture Center,about,2021-01,no_snapshot,,,,,,,
Venture Center,home,2021-02,no_snapshot,,,,,,,
Venture Center,about,2021-02,no_snapshot,,,,,,,
Venture Center,home,2021-03,ok,20210305215412,2021-03-05,https://web.archive.org/web/20210305215412/http://venturecenter.co.in/,venture_center\venture_center_2021-03_home.html,venture_center\venture_center_2021-03_home.txt,200,
Venture Center,about,2021-03,no_snapshot,,,,,,,
Venture Center,home,2021-04,ok,20210415134743,2021-04-15,https://web.archive.org/web/20210415134743/http://www.venturecenter.co.in/,venture_center\venture_center_2021-04_home.html,venture_center\venture_center_2021-04_home.txt,200,
Venture Center,about,2021-04,no_snapshot,,,,,,,
Venture Center,home,2021-05,no_snapshot,,,,,,,
Venture Center,about,2021-05,no_snapshot,,,,,,,
Venture Center,home,2021-06,ok,20210618152022,2021-06-18,https://web.archive.org/web/20210618152022/https://venturecenter.co.in/,venture_center\venture_center_2021-06_home.html,venture_center\venture_center_2021-06_home.txt,200,
Venture Center,about,2021-06,no_snapshot,,,,,,,
Venture Center,home,2021-07,no_snapshot,,,,,,,
Venture Center,about,2021-07,no_snapshot,,,,,,,
Venture Center,home,2021-08,ok,20210817064739,2021-08-17,https://web.archive.org/web/20210817064739/https://venturecenter.co.in/,venture_center\venture_center_2021-08_home.html,venture_center\venture_center_2021-08_home.txt,200,
Venture Center,about,2021-08,no_snapshot,,,,,,,
Venture Center,home,2021-09,ok,20210919220907,2021-09-19,https://web.archive.org/web/20210919220907/https://venturecenter.co.in/,venture_center\venture_center_2021-09_home.html,venture_center\venture_center_2021-09_home.txt,200,
Venture Center,about,2021-09,no_snapshot,,,,,,,
Venture Center,home,2021-10,no_snapshot,,,,,,,
Venture Center,about,2021-10,no_snapshot,,,,,,,
Venture Center,home,2021-11,no_snapshot,,,,,,,
Venture Center,about,2021-11,no_snapshot,,,,,,,
Venture Center,home,2021-12,ok,20211205021400,2021-12-05,https://web.archive.org/web/20211205021400/https://venturecenter.co.in/,venture_center\venture_center_2021-12_home.html,venture_center\venture_center_2021-12_home.txt,200,
Venture Center,about,2021-12,no_snapshot,,,,,,,
Venture Center,home,2022-01,ok,20220102131933,2022-01-02,https://web.archive.org/web/20220102131933/https://venturecenter.co.in/,venture_center\venture_center_2022-01_home.html,venture_center\venture_center_2022-01_home.txt,200,
Venture Center,about,2022-01,no_snapshot,,,,,,,
Venture Center,home,2022-02,ok,20220201095556,2022-02-01,https://web.archive.org/web/20220201095556/https://www.venturecenter.co.in/,venture_center\venture_center_2022-02_home.html,venture_center\venture_center_2022-02_home.txt,200,
Venture Center,about,2022-02,no_snapshot,,,,,,,
Venture Center,home,2022-03,ok,20220306001150,2022-03-06,https://web.archive.org/web/20220306001150/https://venturecenter.co.in/,venture_center\venture_center_2022-03_home.html,venture_center\venture_center_2022-03_home.txt,200,
Venture Center,about,2022-03,no_snapshot,,,,,,,
Venture Center,home,2022-04,ok,20220406105143,2022-04-06,https://web.archive.org/web/20220406105143/https://venturecenter.co.in/,venture_center\venture_center_2022-04_home.html,venture_center\venture_center_2022-04_home.txt,200,
Venture Center,about,2022-04,no_snapshot,,,,,,,
Venture Center,home,2022-05,ok,20220507035057,2022-05-07,https://web.archive.org/web/20220507035057/https://www.venturecenter.co.in/,venture_center\venture_center_2022-05_home.html,venture_center\venture_center_2022-05_home.txt,200,
Venture Center,about,2022-05,no_snapshot,,,,,,,
Venture Center,home,2022-06,ok,20220610160111,2022-06-10,https://web.archive.org/web/20220610160111/https://venturecenter.co.in/,venture_center\venture_center_2022-06_home.html,venture_center\venture_center_2022-06_home.txt,200,
Venture Center,about,2022-06,no_snapshot,,,,,,,
Venture Center,home,2022-07,ok,20220701102757,2022-07-01,https://web.archive.org/web/20220701102757/https://venturecenter.co.in/,venture_center\venture_center_2022-07_home.html,venture_center\venture_center_2022-07_home.txt,200,
Venture Center,about,2022-07,no_snapshot,,,,,,,
Venture Center,home,2022-08,ok,20220802140805,2022-08-02,https://web.archive.org/web/20220802140805/https://venturecenter.co.in/,venture_center\venture_center_2022-08_home.html,venture_center\venture_center_2022-08_home.txt,200,
Venture Center,about,2022-08,no_snapshot,,,,,,,
Venture Center,home,2022-09,ok,20220905073703,2022-09-05,https://web.archive.org/web/20220905073703/https://venturecenter.co.in/,venture_center\venture_center_2022-09_home.html,venture_center\venture_center_2022-09_home.txt,200,
Venture Center,about,2022-09,no_snapshot,,,,,,,
Venture Center,home,2022-10,ok,20221002041846,2022-10-02,https://web.archive.org/web/20221002041846/https://venturecenter.co.in/,venture_center\venture_center_2022-10_home.html,venture_center\venture_center_2022-10_home.txt,200,
Venture Center,about,2022-10,no_snapshot,,,,,,,
Venture Center,home,2022-11,ok,20221109111140,2022-11-09,https://web.archive.org/web/20221109111140/https://venturecenter.co.in/,venture_center\venture_center_2022-11_home.html,venture_center\venture_center_2022-11_home.txt,200,
Venture Center,about,2022-11,no_snapshot,,,,,,,
Venture Center,home,2022-12,ok,20221208124309,2022-12-08,https://web.archive.org/web/20221208124309/https://www.venturecenter.co.in/,venture_center\venture_center_2022-12_home.html,venture_center\venture_center_2022-12_home.txt,200,
Venture Center,about,2022-12,no_snapshot,,,,,,,
Venture Center,home,2023-01,ok,20230128030731,2023-01-28,https://web.archive.org/web/20230128030731/https://venturecenter.co.in/,venture_center\venture_center_2023-01_home.html,venture_center\venture_center_2023-01_home.txt,200,
Venture Center,about,2023-01,no_snapshot,,,,,,,
Venture Center,home,2023-02,ok,20230216031250,2023-02-16,https://web.archive.org/web/20230216031250/https://venturecenter.co.in/,venture_center\venture_center_2023-02_home.html,venture_center\venture_center_2023-02_home.txt,200,
Venture Center,about,2023-02,no_snapshot,,,,,,,
Venture Center,home,2023-03,ok,20230307084146,2023-03-07,https://web.archive.org/web/20230307084146/https://venturecenter.co.in/,venture_center\venture_center_2023-03_home.html,venture_center\venture_center_2023-03_home.txt,200,
Venture Center,about,2023-03,no_snapshot,,,,,,,
Venture Center,home,2023-04,ok,20230402063253,2023-04-02,https://web.archive.org/web/20230402063253/https://venturecenter.co.in/,venture_center\venture_center_2023-04_home.html,venture_center\venture_center_2023-04_home.txt,200,
Venture Center,about,2023-04,no_snapshot,,,,,,,
Venture Center,home,2023-05,ok,20230510012003,2023-05-10,https://web.archive.org/web/20230510012003/https://www.venturecenter.co.in/,venture_center\venture_center_2023-05_home.html,venture_center\venture_center_2023-05_home.txt,200,
Venture Center,about,2023-05,no_snapshot,,,,,,,
Venture Center,home,2023-06,ok,20230606121113,2023-06-06,https://web.archive.org/web/20230606121113/https://venturecenter.co.in/,venture_center\venture_center_2023-06_home.html,venture_center\venture_center_2023-06_home.txt,200,
Venture Center,about,2023-06,no_snapshot,,,,,,,
Venture Center,home,2023-07,ok,20230701123025,2023-07-01,https://web.archive.org/web/20230701123025/https://venturecenter.co.in/,venture_center\venture_center_2023-07_home.html,venture_center\venture_center_2023-07_home.txt,200,
Venture Center,about,2023-07,no_snapshot,,,,,,,
Venture Center,home,2023-08,ok,20230803210848,2023-08-03,https://web.archive.org/web/20230803210848/https://www.venturecenter.co.in/,venture_center\venture_center_2023-08_home.html,venture_center\venture_center_2023-08_home.txt,200,
Venture Center,about,2023-08,no_snapshot,,,,,,,
Venture Center,home,2023-09,ok,20230904000217,2023-09-04,https://web.archive.org/web/20230904000217/https://venturecenter.co.in/,venture_center\venture_center_2023-09_home.html,venture_center\venture_center_2023-09_home.txt,200,
Venture Center,about,2023-09,no_snapshot,,,,,,,
Venture Center,home,2023-10,no_snapshot,,,,,,,
Venture Center,about,2023-10,no_snapshot,,,,,,,
Venture Center,home,2023-11,ok,20231129085344,2023-11-29,https://web.archive.org/web/20231129085344/https://venturecenter.co.in/,venture_center\venture_center_2023-11_home.html,venture_center\venture_center_2023-11_home.txt,200,
Venture Center,about,2023-11,no_snapshot,,,,,,,
Venture Center,home,2023-12,no_snapshot,,,,,,,
Venture Center,about,2023-12,no_snapshot,,,,,,,
Venture Center,home,2024-01,ok,20240110192322,2024-01-10,https://web.archive.org/web/20240110192322/https://www.venturecenter.co.in/,venture_center\venture_center_2024-01_home.html,venture_center\venture_center_2024-01_home.txt,200,
Venture Center,about,2024-01,no_snapshot,,,,,,,
Venture Center,home,2024-02,ok,20240207020541,2024-02-07,https://web.archive.org/web/20240207020541/https://venturecenter.co.in/,venture_center\venture_center_2024-02_home.html,venture_center\venture_center_2024-02_home.txt,200,
Venture Center,about,2024-02,no_snapshot,,,,,,,
Venture Center,home,2024-03,ok,20240307094834,2024-03-07,https://web.archive.org/web/20240307094834/https://www.venturecenter.co.in/,venture_center\venture_center_2024-03_home.html,venture_center\venture_center_2024-03_home.txt,200,
Venture Center,about,2024-03,no_snapshot,,,,,,,
Venture Center,home,2024-04,ok,20240405055204,2024-04-05,https://web.archive.org/web/20240405055204/https://www.venturecenter.co.in/,venture_center\venture_center_2024-04_home.html,venture_center\venture_center_2024-04_home.txt,200,
Venture Center,about,2024-04,no_snapshot,,,,,,,
Venture Center,home,2024-05,ok,20240508120137,2024-05-08,https://web.archive.org/web/20240508120137/https://venturecenter.co.in/,venture_center\venture_center_2024-05_home.html,venture_center\venture_center_2024-05_home.txt,200,
Venture Center,about,2024-05,no_snapshot,,,,,,,
Venture Center,home,2024-06,ok,20240607053848,2024-06-07,https://web.archive.org/web/20240607053848/https://www.venturecenter.co.in/,venture_center\venture_center_2024-06_home.html,venture_center\venture_center_2024-06_home.txt,200,
Venture Center,about,2024-06,ok,20240620014404,2024-06-20,https://web.archive.org/web/20240620014404/https://www.venturecenter.co.in/about,venture_center\venture_center_2024-06_about.html,venture_center\venture_center_2024-06_about.txt,200,
Venture Center,home,2024-07,ok,20240702233255,2024-07-02,https://web.archive.org/web/20240702233255/https://www.venturecenter.co.in/,venture_center\venture_center_2024-07_home.html,venture_center\venture_center_2024-07_home.txt,200,
Venture Center,about,2024-07,ok,20240703072741,2024-07-03,https://web.archive.org/web/20240703072741/https://www.venturecenter.co.in/about,venture_center\venture_center_2024-07_about.html,venture_center\venture_center_2024-07_about.txt,200,
Venture Center,home,2024-08,ok,20240804192146,2024-08-04,https://web.archive.org/web/20240804192146/https://www.venturecenter.co.in/,venture_center\venture_center_2024-08_home.html,venture_center\venture_center_2024-08_home.txt,200,
Venture Center,about,2024-08,ok,20240805005910,2024-08-05,https://web.archive.org/web/20240805005910/https://www.venturecenter.co.in/about,venture_center\venture_center_2024-08_about.html,venture_center\venture_center_2024-08_about.txt,200,
Venture Center,home,2024-09,ok,20240901115647,2024-09-01,https://web.archive.org/web/20240901115647/https://www.venturecenter.co.in/,venture_center\venture_center_2024-09_home.html,venture_center\venture_center_2024-09_home.txt,200,
Venture Center,about,2024-09,ok,20240901121239,2024-09-01,https://web.archive.org/web/20240901121239/https://www.venturecenter.co.in/about,venture_center\venture_center_2024-09_about.html,venture_center\venture_center_2024-09_about.txt,200,
Venture Center,home,2024-10,ok,20241001040843,2024-10-01,https://web.archive.org/web/20241001040843/https://www.venturecenter.co.in/,venture_center\venture_center_2024-10_home.html,venture_center\venture_center_2024-10_home.txt,200,
Venture Center,about,2024-10,ok,20241001085851,2024-10-01,https://web.archive.org/web/20241001085851/https://www.venturecenter.co.in/about,venture_center\venture_center_2024-10_about.html,venture_center\venture_center_2024-10_about.txt,200,
Venture Center,home,2024-11,ok,20241102015025,2024-11-02,https://web.archive.org/web/20241102015025/http://www.venturecenter.co.in/,venture_center\venture_center_2024-11_home.html,venture_center\venture_center_2024-11_home.txt,200,
Venture Center,about,2024-11,ok,20241102215654,2024-11-02,https://web.archive.org/web/20241102215654/https://www.venturecenter.co.in/about,venture_center\venture_center_2024-11_about.html,venture_center\venture_center_2024-11_about.txt,200,
Venture Center,home,2024-12,ok,20241202084034,2024-12-02,https://web.archive.org/web/20241202084034/https://www.venturecenter.co.in/,venture_center\venture_center_2024-12_home.html,venture_center\venture_center_2024-12_home.txt,200,
Venture Center,about,2024-12,ok,20241202140655,2024-12-02,https://web.archive.org/web/20241202140655/http://www.venturecenter.co.in/about,venture_center\venture_center_2024-12_about.html,venture_center\venture_center_2024-12_about.txt,200,
Venture Center,home,2025-01,ok,20250104062102,2025-01-04,https://web.archive.org/web/20250104062102/http://www.venturecenter.co.in/,venture_center\venture_center_2025-01_home.html,venture_center\venture_center_2025-01_home.txt,200,
Venture Center,about,2025-01,ok,20250104062402,2025-01-04,https://web.archive.org/web/20250104062402/http://www.venturecenter.co.in/about,venture_center\venture_center_2025-01_about.html,venture_center\venture_center_2025-01_about.txt,200,
Venture Center,home,2025-02,ok,20250201015031,2025-02-01,https://web.archive.org/web/20250201015031/https://www.venturecenter.co.in/,venture_center\venture_center_2025-02_home.html,venture_center\venture_center_2025-02_home.txt,200,
Venture Center,about,2025-02,ok,20250209232530,2025-02-09,https://web.archive.org/web/20250209232530/https://www.venturecenter.co.in/about,venture_center\venture_center_2025-02_about.html,venture_center\venture_center_2025-02_about.txt,200,
Venture Center,home,2025-03,ok,20250301070042,2025-03-01,https://web.archive.org/web/20250301070042/http://www.venturecenter.co.in/,venture_center\venture_center_2025-03_home.html,venture_center\venture_center_2025-03_home.txt,200,
Venture Center,about,2025-03,ok,20250301081425,2025-03-01,https://web.archive.org/web/20250301081425/http://www.venturecenter.co.in/about,venture_center\venture_center_2025-03_about.html,venture_center\venture_center_2025-03_about.txt,200,
Venture Center,home,2025-04,ok,20250401072402,2025-04-01,https://web.archive.org/web/20250401072402/http://www.venturecenter.co.in/,venture_center\venture_center_2025-04_home.html,venture_center\venture_center_2025-04_home.txt,200,
Venture Center,about,2025-04,ok,20250401074035,2025-04-01,https://web.archive.org/web/20250401074035/http://www.venturecenter.co.in/about,venture_center\venture_center_2025-04_about.html,venture_center\venture_center_2025-04_about.txt,200,
Venture Center,home,2025-05,ok,20250501063316,2025-05-01,https://web.archive.org/web/20250501063316/http://www.venturecenter.co.in/,venture_center\venture_center_2025-05_home.html,venture_center\venture_center_2025-05_home.txt,200,
Venture Center,about,2025-05,ok,20250501063609,2025-05-01,https://web.archive.org/web/20250501063609/http://www.venturecenter.co.in/about,venture_center\venture_center_2025-05_about.html,venture_center\venture_center_2025-05_about.txt,200,
Venture Center,home,2025-06,ok,20250601063241,2025-06-01,https://web.archive.org/web/20250601063241/http://www.venturecenter.co.in/,venture_center\venture_center_2025-06_home.html,venture_center\venture_center_2025-06_home.txt,200,
Venture Center,about,2025-06,ok,20250601064725,2025-06-01,https://web.archive.org/web/20250601064725/http://www.venturecenter.co.in/about,venture_center\venture_center_2025-06_about.html,venture_center\venture_center_2025-06_about.txt,200,
Venture Center,home,2025-07,ok,20250703074411,2025-07-03,https://web.archive.org/web/20250703074411/https://www.venturecenter.co.in/,venture_center\venture_center_2025-07_home.html,venture_center\venture_center_2025-07_home.txt,200,
Venture Center,about,2025-07,ok,20250703075439,2025-07-03,https://web.archive.org/web/20250703075439/https://www.venturecenter.co.in/about,venture_center\venture_center_2025-07_about.html,venture_center\venture_center_2025-07_about.txt,200,
Venture Center,home,2025-08,ok,20250801062204,2025-08-01,https://web.archive.org/web/20250801062204/http://www.venturecenter.co.in/,venture_center\venture_center_2025-08_home.html,venture_center\venture_center_2025-08_home.txt,200,
Venture Center,about,2025-08,ok,20250802205013,2025-08-02,https://web.archive.org/web/20250802205013/https://www.venturecenter.co.in/about,venture_center\venture_center_2025-08_about.html,venture_center\venture_center_2025-08_about.txt,200,
Venture Center,home,2025-09,ok,20250901060411,2025-09-01,https://web.archive.org/web/20250901060411/http://www.venturecenter.co.in/,venture_center\venture_center_2025-09_home.html,venture_center\venture_center_2025-09_home.txt,200,
Venture Center,about,2025-09,no_snapshot,,,,,,,
Venture Center,home,2025-10,ok,20251001062027,2025-10-01,https://web.archive.org/web/20251001062027/http://www.venturecenter.co.in/,venture_center\venture_center_2025-10_home.html,venture_center\venture_center_2025-10_home.txt,200,
Venture Center,about,2025-10,ok,20251011195935,2025-10-11,https://web.archive.org/web/20251011195935/https://www.venturecenter.co.in/about,venture_center\venture_center_2025-10_about.html,venture_center\venture_center_2025-10_about.txt,200,
Venture Center,home,2025-11,ok,20251101055942,2025-11-01,https://web.archive.org/web/20251101055942/http://www.venturecenter.co.in/,venture_center\venture_center_2025-11_home.html,venture_center\venture_center_2025-11_home.txt,200,
Venture Center,about,2025-11,ok,20251109200508,2025-11-09,https://web.archive.org/web/20251109200508/https://www.venturecenter.co.in/about,venture_center\venture_center_2025-11_about.html,venture_center\venture_center_2025-11_about.txt,200,
Venture Center,home,2025-12,ok,20251201060717,2025-12-01,https://web.archive.org/web/20251201060717/http://www.venturecenter.co.in/,venture_center\venture_center_2025-12_home.html,venture_center\venture_center_2025-12_home.txt,200,
Venture Center,about,2025-12,no_snapshot,,,,,,,
Venture Center,home,2026-01,ok,20260101060443,2026-01-01,https://web.archive.org/web/20260101060443/http://www.venturecenter.co.in/,venture_center\venture_center_2026-01_home.html,venture_center\venture_center_2026-01_home.txt,200,
Venture Center,about,2026-01,ok,20260102083352,2026-01-02,https://web.archive.org/web/20260102083352/https://www.venturecenter.co.in/about,venture_center\venture_center_2026-01_about.html,venture_center\venture_center_2026-01_about.txt,200,
Venture Center,home,2026-02,ok,20260201053038,2026-02-01,https://web.archive.org/web/20260201053038/http://www.venturecenter.co.in/,venture_center\venture_center_2026-02_home.html,venture_center\venture_center_2026-02_home.txt,200,
Venture Center,about,2026-02,ok,20260210050405,2026-02-10,https://web.archive.org/web/20260210050405/https://www.venturecenter.co.in/about,venture_center\venture_center_2026-02_about.html,venture_center\venture_center_2026-02_about.txt,200,
Venture Center,home,2026-03,ok,20260301053548,2026-03-01,https://web.archive.org/web/20260301053548/http://www.venturecenter.co.in/,venture_center\venture_center_2026-03_home.html,venture_center\venture_center_2026-03_home.txt,200,
Venture Center,about,2026-03,ok,20260303124321,2026-03-03,https://web.archive.org/web/20260303124321/https://www.venturecenter.co.in/about,venture_center\venture_center_2026-03_about.html,venture_center\venture_center_2026-03_about.txt,200,
Venture Center,home,2026-04,ok,20260401060054,2026-04-01,https://web.archive.org/web/20260401060054/http://www.venturecenter.co.in/,venture_center\venture_center_2026-04_home.html,venture_center\venture_center_2026-04_home.txt,200,
Venture Center,about,2026-04,ok,20260414210433,2026-04-14,https://web.archive.org/web/20260414210433/https://www.venturecenter.co.in/about,venture_center\venture_center_2026-04_about.html,venture_center\venture_center_2026-04_about.txt,200,
Venture Center,home,2026-05,ok,20260501053526,2026-05-01,https://web.archive.org/web/20260501053526/http://www.venturecenter.co.in/,venture_center\venture_center_2026-05_home.html,venture_center\venture_center_2026-05_home.txt,200,
Venture Center,about,2026-05,ok,20260516215921,2026-05-16,https://web.archive.org/web/20260516215921/https://www.venturecenter.co.in/about,venture_center\venture_center_2026-05_about.html,venture_center\venture_center_2026-05_about.txt,200,
Venture Center,home,2026-06,ok,20260610181639,2026-06-10,https://web.archive.org/web/20260610181639/https://www.venturecenter.co.in/,venture_center\venture_center_2026-06_home.html,venture_center\venture_center_2026-06_home.txt,200,
Venture Center,about,2026-06,no_snapshot,,,,,,,
Venture Center,home,2026-07,no_snapshot,,,,,,,
Venture Center,about,2026-07,no_snapshot,,,,,,,
Venture Center,home,2026-08,ok,20260821173037,2026-08-21,https://web.archive.org/web/20260821173037/http://www.venturecenter.co.in/,venture_center\venture_center_2026-08_home.html,venture_center\venture_center_2026-08_home.txt,200,
Venture Center,about,2026-08,no_snapshot,,,,,,,
Venture Center,home,2026-09,no_snapshot,,,,,,,
Venture Center,about,2026-09,no_snapshot,,,,,,,
STEP - IIT Roorkee,home,2017-01,no_snapshot,,,,,,,
STEP - IIT Roorkee,about,2017-01,no_snapshot,,,,,,,
STEP - IIT Roorkee,home,2017-02,no_snapshot,,,,,,,
STEP - IIT Roorkee,about,2017-02,no_snapshot,,,,,,,
STEP - IIT Roorkee,home,2017-03,no_snapshot,,,,,,,
STEP - IIT Roorkee,about,2017-03,no_snapshot,,,,,,,
STEP - IIT Roorkee,home,2017-04,no_snapshot,,,,,,,
STEP - IIT Roorkee,about,2017-04,no_snapshot,,,,,,,
STEP - IIT Roorkee,home,2017-05,no_snapshot,,,,,,,
STEP - IIT Roorkee,about,2017-05,no_snapshot,,,,,,,
STEP - IIT Roorkee,home,2017-06,no_snapshot,,,,,,,
STEP - IIT Roorkee,about,2017-06,no_snapshot,,,,,,,
STEP - IIT Roorkee,home,2017-07,no_snapshot,,,,,,,
STEP - IIT Roorkee,about,2017-07,no_snapshot,,,,,,,
STEP - IIT Roorkee,home,2017-08,no_snapshot,,,,,,,
STEP - IIT Roorkee,about,2017-08,no_snapshot,,,,,,,
STEP - IIT Roorkee,home,2017-09,no_snapshot,,,,,,,
STEP - IIT Roorkee,about,2017-09,no_snapshot,,,,,,,
STEP - IIT Roorkee,home,2017-10,no_snapshot,,,,,,,
STEP - IIT Roorkee,about,2017-10,no_snapshot,,,,,,,
